ISO-10303-21;
HEADER;
FILE_DESCRIPTION((''),'2;1');
FILE_NAME('0002','2026-07-30T18:00:30',('likeyi03'),(''),
'CREO PARAMETRIC BY PTC INC, 2022073','CREO PARAMETRIC BY PTC INC, 2022073','');
FILE_SCHEMA(('CONFIG_CONTROL_DESIGN','SHAPE_APPEARANCE_LAYERS_GROUPS'));
ENDSEC;
DATA;
#322=DIRECTION('',(0.E0,-1.E0,0.E0));
#323=VECTOR('',#322,3.E1);
#324=CARTESIAN_POINT('',(2.3E1,1.5E1,0.E0));
#325=LINE('',#324,#323);
#326=DRAUGHTING_PRE_DEFINED_CURVE_FONT('continuous');
#327=CURVE_STYLE('',#326,POSITIVE_LENGTH_MEASURE(2.E-2),#296);
#328=PRESENTATION_STYLE_ASSIGNMENT((#327));
#329=STYLED_ITEM('',(#328),#325);
#330=DIRECTION('',(0.E0,-1.E0,-5.106207613599E-11));
#331=VECTOR('',#330,1.7E1);
#332=CARTESIAN_POINT('',(3.3E1,3.2E1,0.E0));
#333=LINE('',#332,#331);
#334=CURVE_STYLE('',#326,POSITIVE_LENGTH_MEASURE(2.E-2),#296);
#335=PRESENTATION_STYLE_ASSIGNMENT((#334));
#336=STYLED_ITEM('',(#335),#333);
#337=CARTESIAN_POINT('',(2.7E1,3.2E1,0.E0));
#338=DIRECTION('',(0.E0,0.E0,-1.E0));
#339=DIRECTION('',(0.E0,1.E0,0.E0));
#340=AXIS2_PLACEMENT_3D('',#337,#338,#339);
#342=CURVE_STYLE('',#326,POSITIVE_LENGTH_MEASURE(2.E-2),#296);
#343=PRESENTATION_STYLE_ASSIGNMENT((#342));
#344=STYLED_ITEM('',(#343),#341);
#345=DIRECTION('',(1.E0,0.E0,0.E0));
#346=VECTOR('',#345,5.4E1);
#347=CARTESIAN_POINT('',(-2.7E1,3.8E1,0.E0));
#348=LINE('',#347,#346);
#349=CURVE_STYLE('',#326,POSITIVE_LENGTH_MEASURE(2.E-2),#296);
#350=PRESENTATION_STYLE_ASSIGNMENT((#349));
#351=STYLED_ITEM('',(#350),#348);
#352=CARTESIAN_POINT('',(-2.7E1,3.2E1,0.E0));
#353=DIRECTION('',(0.E0,0.E0,-1.E0));
#354=DIRECTION('',(-1.E0,0.E0,0.E0));
#355=AXIS2_PLACEMENT_3D('',#352,#353,#354);
#357=CURVE_STYLE('',#326,POSITIVE_LENGTH_MEASURE(2.E-2),#296);
#358=PRESENTATION_STYLE_ASSIGNMENT((#357));
#359=STYLED_ITEM('',(#358),#356);
#360=DIRECTION('',(0.E0,1.E0,5.106207613599E-11));
#361=VECTOR('',#360,1.7E1);
#362=CARTESIAN_POINT('',(-3.3E1,1.5E1,-8.680552943119E-10));
#363=LINE('',#362,#361);
#364=CURVE_STYLE('',#326,POSITIVE_LENGTH_MEASURE(2.E-2),#296);
#365=PRESENTATION_STYLE_ASSIGNMENT((#364));
#366=STYLED_ITEM('',(#365),#363);
#367=DIRECTION('',(0.E0,1.E0,0.E0));
#368=VECTOR('',#367,3.E1);
#369=CARTESIAN_POINT('',(-2.3E1,-1.5E1,0.E0));
#370=LINE('',#369,#368);
#371=CURVE_STYLE('',#326,POSITIVE_LENGTH_MEASURE(2.E-2),#296);
#372=PRESENTATION_STYLE_ASSIGNMENT((#371));
#373=STYLED_ITEM('',(#372),#370);
#374=DIRECTION('',(0.E0,1.E0,-5.106207613599E-11));
#375=VECTOR('',#374,1.7E1);
#376=CARTESIAN_POINT('',(-3.3E1,-3.2E1,0.E0));
#377=LINE('',#376,#375);
#378=CURVE_STYLE('',#326,POSITIVE_LENGTH_MEASURE(2.E-2),#296);
#379=PRESENTATION_STYLE_ASSIGNMENT((#378));
#380=STYLED_ITEM('',(#379),#377);
#381=CARTESIAN_POINT('',(-2.7E1,-3.2E1,0.E0));
#382=DIRECTION('',(0.E0,0.E0,-1.E0));
#383=DIRECTION('',(0.E0,-1.E0,0.E0));
#384=AXIS2_PLACEMENT_3D('',#381,#382,#383);
#386=CURVE_STYLE('',#326,POSITIVE_LENGTH_MEASURE(2.E-2),#296);
#387=PRESENTATION_STYLE_ASSIGNMENT((#386));
#388=STYLED_ITEM('',(#387),#385);
#389=DIRECTION('',(-1.E0,0.E0,0.E0));
#390=VECTOR('',#389,5.4E1);
#391=CARTESIAN_POINT('',(2.7E1,-3.8E1,0.E0));
#392=LINE('',#391,#390);
#393=CURVE_STYLE('',#326,POSITIVE_LENGTH_MEASURE(2.E-2),#296);
#394=PRESENTATION_STYLE_ASSIGNMENT((#393));
#395=STYLED_ITEM('',(#394),#392);
#396=CARTESIAN_POINT('',(2.7E1,-3.2E1,0.E0));
#397=DIRECTION('',(0.E0,0.E0,-1.E0));
#398=DIRECTION('',(1.E0,0.E0,0.E0));
#399=AXIS2_PLACEMENT_3D('',#396,#397,#398);
#401=CURVE_STYLE('',#326,POSITIVE_LENGTH_MEASURE(2.E-2),#296);
#402=PRESENTATION_STYLE_ASSIGNMENT((#401));
#403=STYLED_ITEM('',(#402),#400);
#404=DIRECTION('',(0.E0,-1.E0,5.106207613599E-11));
#405=VECTOR('',#404,1.7E1);
#406=CARTESIAN_POINT('',(3.3E1,-1.5E1,-8.680552943119E-10));
#407=LINE('',#406,#405);
#408=CURVE_STYLE('',#326,POSITIVE_LENGTH_MEASURE(2.E-2),#296);
#409=PRESENTATION_STYLE_ASSIGNMENT((#408));
#410=STYLED_ITEM('',(#409),#407);
#411=CARTESIAN_POINT('',(2.5E1,1.3E1,-2.E0));
#412=CARTESIAN_POINT('',(2.5E1,1.3E1,-1.915881428693E0));
#413=CARTESIAN_POINT('',(2.498939080037E1,1.301060919963E1,-1.745539131366E0));
#414=CARTESIAN_POINT('',(2.493932658535E1,1.306067341465E1,-1.487814513301E0));
#415=CARTESIAN_POINT('',(2.485400424767E1,1.314599575233E1,-1.233393819274E0));
#416=CARTESIAN_POINT('',(2.472876147083E1,1.327123852917E1,-9.805002381140E-1));
#417=CARTESIAN_POINT('',(2.455898112305E1,1.344101887695E1,-7.346321992235E-1));
#418=CARTESIAN_POINT('',(2.433995093499E1,1.366004906501E1,-5.031261397261E-1));
#419=CARTESIAN_POINT('',(2.406861129498E1,1.393138870502E1,-2.973340774112E-1));
#420=CARTESIAN_POINT('',(2.374675538861E1,1.425324461139E1,-1.322856348597E-1));
#421=CARTESIAN_POINT('',(2.338384698355E1,1.461615301645E1,-2.493518497639E-2));
#422=CARTESIAN_POINT('',(2.312985048692E1,1.487014951308E1,0.E0));
#423=CARTESIAN_POINT('',(2.3E1,1.5E1,0.E0));
#425=CURVE_STYLE('',#326,POSITIVE_LENGTH_MEASURE(2.E-2),#296);
#426=PRESENTATION_STYLE_ASSIGNMENT((#425));
#427=STYLED_ITEM('',(#426),#424);
#428=CARTESIAN_POINT('',(2.3E1,-1.5E1,0.E0));
#429=CARTESIAN_POINT('',(2.312985048692E1,-1.487014951308E1,0.E0));
#430=CARTESIAN_POINT('',(2.338384698355E1,-1.461615301645E1,
-2.493518497645E-2));
#431=CARTESIAN_POINT('',(2.374675538862E1,-1.425324461138E1,
-1.322856348598E-1));
#432=CARTESIAN_POINT('',(2.406861129498E1,-1.393138870502E1,
-2.973340774113E-1));
#433=CARTESIAN_POINT('',(2.433995093499E1,-1.366004906501E1,
-5.031261397264E-1));
#434=CARTESIAN_POINT('',(2.455898112305E1,-1.344101887695E1,
-7.346321992237E-1));
#435=CARTESIAN_POINT('',(2.472876147083E1,-1.327123852917E1,
-9.805002381141E-1));
#436=CARTESIAN_POINT('',(2.485400424767E1,-1.314599575233E1,-1.233393819274E0));
#437=CARTESIAN_POINT('',(2.493932658535E1,-1.306067341465E1,-1.487814513301E0));
#438=CARTESIAN_POINT('',(2.498939080037E1,-1.301060919963E1,-1.745539131366E0));
#439=CARTESIAN_POINT('',(2.5E1,-1.3E1,-1.915881428693E0));
#440=CARTESIAN_POINT('',(2.5E1,-1.3E1,-2.E0));
#442=CURVE_STYLE('',#326,POSITIVE_LENGTH_MEASURE(2.E-2),#296);
#443=PRESENTATION_STYLE_ASSIGNMENT((#442));
#444=STYLED_ITEM('',(#443),#441);
#445=DIRECTION('',(0.E0,-1.E0,0.E0));
#446=VECTOR('',#445,2.6E1);
#447=CARTESIAN_POINT('',(2.5E1,1.3E1,-2.E0));
#448=LINE('',#447,#446);
#449=CURVE_STYLE('',#326,POSITIVE_LENGTH_MEASURE(2.E-2),#296);
#450=PRESENTATION_STYLE_ASSIGNMENT((#449));
#451=STYLED_ITEM('',(#450),#448);
#452=DIRECTION('',(0.E0,0.E0,-1.E0));
#453=VECTOR('',#452,1.653589838486E1);
#454=CARTESIAN_POINT('',(2.5E1,-1.3E1,-2.E0));
#455=LINE('',#454,#453);
#456=CURVE_STYLE('',#326,POSITIVE_LENGTH_MEASURE(2.E-2),#296);
#457=PRESENTATION_STYLE_ASSIGNMENT((#456));
#458=STYLED_ITEM('',(#457),#455);
#459=CARTESIAN_POINT('',(2.5E1,-1.1E1,-2.2E1));
#460=DIRECTION('',(1.E0,0.E0,0.E0));
#461=DIRECTION('',(0.E0,1.154631946612E-14,1.E0));
#462=AXIS2_PLACEMENT_3D('',#459,#460,#461);
#464=CURVE_STYLE('',#326,POSITIVE_LENGTH_MEASURE(2.E-2),#296);
#465=PRESENTATION_STYLE_ASSIGNMENT((#464));
#466=STYLED_ITEM('',(#465),#463);
#467=DIRECTION('',(0.E0,-1.E0,9.382393851790E-14));
#468=VECTOR('',#467,2.199999999989E1);
#469=CARTESIAN_POINT('',(2.5E1,1.099999999993E1,-1.800000000001E1));
#470=LINE('',#469,#468);
#471=CURVE_STYLE('',#326,POSITIVE_LENGTH_MEASURE(2.E-2),#296);
#472=PRESENTATION_STYLE_ASSIGNMENT((#471));
#473=STYLED_ITEM('',(#472),#470);
#474=CARTESIAN_POINT('',(2.5E1,1.1E1,-2.2E1));
#475=DIRECTION('',(1.E0,0.E0,0.E0));
#476=DIRECTION('',(0.E0,5.E-1,8.660254037844E-1));
#477=AXIS2_PLACEMENT_3D('',#474,#475,#476);
#479=CURVE_STYLE('',#326,POSITIVE_LENGTH_MEASURE(2.E-2),#296);
#480=PRESENTATION_STYLE_ASSIGNMENT((#479));
#481=STYLED_ITEM('',(#480),#478);
#482=DIRECTION('',(0.E0,0.E0,1.E0));
#483=VECTOR('',#482,1.653589838486E1);
#484=CARTESIAN_POINT('',(2.5E1,1.3E1,-1.853589838486E1));
#485=LINE('',#484,#483);
#486=CURVE_STYLE('',#326,POSITIVE_LENGTH_MEASURE(2.E-2),#296);
#487=PRESENTATION_STYLE_ASSIGNMENT((#486));
#488=STYLED_ITEM('',(#487),#485);
#489=DIRECTION('',(-1.E0,0.E0,0.E0));
#490=VECTOR('',#489,4.6E1);
#491=CARTESIAN_POINT('',(2.3E1,-1.299999999884E1,-2.2E1));
#492=LINE('',#491,#490);
#493=CURVE_STYLE('',#326,POSITIVE_LENGTH_MEASURE(2.E-2),#296);
#494=PRESENTATION_STYLE_ASSIGNMENT((#493));
#495=STYLED_ITEM('',(#494),#492);
#496=DIRECTION('',(-1.E0,1.085069811779E-10,-1.148683370644E-10));
#497=VECTOR('',#496,8.E0);
#498=CARTESIAN_POINT('',(3.3E1,-1.300000000087E1,-1.999999999081E0));
#499=LINE('',#498,#497);
#500=CURVE_STYLE('',#326,POSITIVE_LENGTH_MEASURE(2.E-2),#296);
#501=PRESENTATION_STYLE_ASSIGNMENT((#500));
#502=STYLED_ITEM('',(#501),#499);
#503=DIRECTION('',(0.E0,-3.338676343830E-11,1.E0));
#504=VECTOR('',#503,2.600000000083E1);
#505=CARTESIAN_POINT('',(3.3E1,-1.3E1,-2.799999999991E1));
#506=LINE('',#505,#504);
#507=CURVE_STYLE('',#326,POSITIVE_LENGTH_MEASURE(2.E-2),#296);
#508=PRESENTATION_STYLE_ASSIGNMENT((#507));
#509=STYLED_ITEM('',(#508),#506);
#510=DIRECTION('',(1.E0,0.E0,0.E0));
#511=VECTOR('',#510,6.6E1);
#512=CARTESIAN_POINT('',(-3.3E1,-1.3E1,-2.799999999991E1));
#513=LINE('',#512,#511);
#514=CURVE_STYLE('',#326,POSITIVE_LENGTH_MEASURE(2.E-2),#296);
#515=PRESENTATION_STYLE_ASSIGNMENT((#514));
#516=STYLED_ITEM('',(#515),#513);
#517=DIRECTION('',(0.E0,3.338676343953E-11,-1.E0));
#518=VECTOR('',#517,2.599999999987E1);
#519=CARTESIAN_POINT('',(-3.3E1,-1.300000000087E1,-2.000000000040E0));
#520=LINE('',#519,#518);
#521=CURVE_STYLE('',#326,POSITIVE_LENGTH_MEASURE(2.E-2),#296);
#522=PRESENTATION_STYLE_ASSIGNMENT((#521));
#523=STYLED_ITEM('',(#522),#520);
#524=DIRECTION('',(-1.E0,-1.085069811779E-10,-5.002914749141E-12));
#525=VECTOR('',#524,8.E0);
#526=CARTESIAN_POINT('',(-2.5E1,-1.3E1,-2.E0));
#527=LINE('',#526,#525);
#528=CURVE_STYLE('',#326,POSITIVE_LENGTH_MEASURE(2.E-2),#296);
#529=PRESENTATION_STYLE_ASSIGNMENT((#528));
#530=STYLED_ITEM('',(#529),#527);
#531=CARTESIAN_POINT('',(-2.3E1,-1.1E1,-2.2E1));
#532=DIRECTION('',(-1.E0,0.E0,0.E0));
#533=DIRECTION('',(0.E0,-1.E0,0.E0));
#534=AXIS2_PLACEMENT_3D('',#531,#532,#533);
#536=CURVE_STYLE('',#326,POSITIVE_LENGTH_MEASURE(2.E-2),#296);
#537=PRESENTATION_STYLE_ASSIGNMENT((#536));
#538=STYLED_ITEM('',(#537),#535);
#539=CARTESIAN_POINT('',(2.3E1,-1.1E1,-2.2E1));
#540=DIRECTION('',(1.E0,0.E0,0.E0));
#541=DIRECTION('',(0.E0,0.E0,1.E0));
#542=AXIS2_PLACEMENT_3D('',#539,#540,#541);
#544=CURVE_STYLE('',#326,POSITIVE_LENGTH_MEASURE(2.E-2),#296);
#545=PRESENTATION_STYLE_ASSIGNMENT((#544));
#546=STYLED_ITEM('',(#545),#543);
#547=CARTESIAN_POINT('',(-2.3E1,-1.299999999884E1,-2.2E1));
#548=CARTESIAN_POINT('',(-2.318681096972E1,-1.299999999884E1,
-2.181318903045E1));
#549=CARTESIAN_POINT('',(-2.354630397139E1,-1.300000000054E1,
-2.145322718223E1));
#550=CARTESIAN_POINT('',(-2.402516109636E1,-1.299999999986E1,
-2.091702824185E1));
#551=CARTESIAN_POINT('',(-2.440332884934E1,-1.300000000004E1,
-2.040064774405E1));
#552=CARTESIAN_POINT('',(-2.468314215321E1,-1.299999999999E1,
-1.990175736379E1));
#553=CARTESIAN_POINT('',(-2.487201189446E1,-1.3E1,-1.942176774597E1));
#554=CARTESIAN_POINT('',(-2.497890875738E1,-1.3E1,-1.895923292110E1));
#555=CARTESIAN_POINT('',(-2.500000000021E1,-1.3E1,-1.867382083016E1));
#556=CARTESIAN_POINT('',(-2.5E1,-1.3E1,-1.853589838486E1));
#558=CURVE_STYLE('',#326,POSITIVE_LENGTH_MEASURE(2.E-2),#296);
#559=PRESENTATION_STYLE_ASSIGNMENT((#558));
#560=STYLED_ITEM('',(#559),#557);
#561=DIRECTION('',(0.E0,1.E0,0.E0));
#562=VECTOR('',#561,2.6E1);
#563=CARTESIAN_POINT('',(-2.5E1,-1.3E1,-2.E0));
#564=LINE('',#563,#562);
#565=CURVE_STYLE('',#326,POSITIVE_LENGTH_MEASURE(2.E-2),#296);
#566=PRESENTATION_STYLE_ASSIGNMENT((#565));
#567=STYLED_ITEM('',(#566),#564);
#568=DIRECTION('',(0.E0,0.E0,-1.E0));
#569=VECTOR('',#568,1.653589838486E1);
#570=CARTESIAN_POINT('',(-2.5E1,1.3E1,-2.E0));
#571=LINE('',#570,#569);
#572=CURVE_STYLE('',#326,POSITIVE_LENGTH_MEASURE(2.E-2),#296);
#573=PRESENTATION_STYLE_ASSIGNMENT((#572));
#574=STYLED_ITEM('',(#573),#571);
#575=CARTESIAN_POINT('',(-2.5E1,1.1E1,-2.2E1));
#576=DIRECTION('',(-1.E0,0.E0,0.E0));
#577=DIRECTION('',(0.E0,0.E0,1.E0));
#578=AXIS2_PLACEMENT_3D('',#575,#576,#577);
#580=CURVE_STYLE('',#326,POSITIVE_LENGTH_MEASURE(2.E-2),#296);
#581=PRESENTATION_STYLE_ASSIGNMENT((#580));
#582=STYLED_ITEM('',(#581),#579);
#583=DIRECTION('',(0.E0,1.E0,1.065814103646E-13));
#584=VECTOR('',#583,2.199999999989E1);
#585=CARTESIAN_POINT('',(-2.5E1,-1.099999999993E1,-1.800000000001E1));
#586=LINE('',#585,#584);
#587=CURVE_STYLE('',#326,POSITIVE_LENGTH_MEASURE(2.E-2),#296);
#588=PRESENTATION_STYLE_ASSIGNMENT((#587));
#589=STYLED_ITEM('',(#588),#586);
#590=CARTESIAN_POINT('',(-2.5E1,-1.1E1,-2.2E1));
#591=DIRECTION('',(-1.E0,0.E0,0.E0));
#592=DIRECTION('',(0.E0,-5.E-1,8.660254037844E-1));
#593=AXIS2_PLACEMENT_3D('',#590,#591,#592);
#595=CURVE_STYLE('',#326,POSITIVE_LENGTH_MEASURE(2.E-2),#296);
#596=PRESENTATION_STYLE_ASSIGNMENT((#595));
#597=STYLED_ITEM('',(#596),#594);
#598=DIRECTION('',(0.E0,0.E0,1.E0));
#599=VECTOR('',#598,1.653589838486E1);
#600=CARTESIAN_POINT('',(-2.5E1,-1.3E1,-1.853589838486E1));
#601=LINE('',#600,#599);
#602=CURVE_STYLE('',#326,POSITIVE_LENGTH_MEASURE(2.E-2),#296);
#603=PRESENTATION_STYLE_ASSIGNMENT((#602));
#604=STYLED_ITEM('',(#603),#601);
#605=CARTESIAN_POINT('',(-2.5E1,-1.3E1,-2.E0));
#606=CARTESIAN_POINT('',(-2.5E1,-1.3E1,-1.915881428693E0));
#607=CARTESIAN_POINT('',(-2.498939080037E1,-1.301060919963E1,
-1.745539131366E0));
#608=CARTESIAN_POINT('',(-2.493932658535E1,-1.306067341465E1,
-1.487814513301E0));
#609=CARTESIAN_POINT('',(-2.485400424767E1,-1.314599575233E1,
-1.233393819274E0));
#610=CARTESIAN_POINT('',(-2.472876147083E1,-1.327123852917E1,
-9.805002381140E-1));
#611=CARTESIAN_POINT('',(-2.455898112305E1,-1.344101887695E1,
-7.346321992235E-1));
#612=CARTESIAN_POINT('',(-2.433995093499E1,-1.366004906501E1,
-5.031261397261E-1));
#613=CARTESIAN_POINT('',(-2.406861129498E1,-1.393138870502E1,
-2.973340774112E-1));
#614=CARTESIAN_POINT('',(-2.374675538861E1,-1.425324461139E1,
-1.322856348596E-1));
#615=CARTESIAN_POINT('',(-2.338384698355E1,-1.461615301645E1,
-2.493518497639E-2));
#616=CARTESIAN_POINT('',(-2.312985048692E1,-1.487014951308E1,0.E0));
#617=CARTESIAN_POINT('',(-2.3E1,-1.5E1,0.E0));
#619=CURVE_STYLE('',#326,POSITIVE_LENGTH_MEASURE(2.E-2),#296);
#620=PRESENTATION_STYLE_ASSIGNMENT((#619));
#621=STYLED_ITEM('',(#620),#618);
#622=CARTESIAN_POINT('',(-2.3E1,1.5E1,0.E0));
#623=CARTESIAN_POINT('',(-2.312985048692E1,1.487014951308E1,0.E0));
#624=CARTESIAN_POINT('',(-2.338384698355E1,1.461615301645E1,
-2.493518497640E-2));
#625=CARTESIAN_POINT('',(-2.374675538861E1,1.425324461139E1,
-1.322856348597E-1));
#626=CARTESIAN_POINT('',(-2.406861129498E1,1.393138870502E1,
-2.973340774112E-1));
#627=CARTESIAN_POINT('',(-2.433995093499E1,1.366004906501E1,
-5.031261397261E-1));
#628=CARTESIAN_POINT('',(-2.455898112305E1,1.344101887695E1,
-7.346321992235E-1));
#629=CARTESIAN_POINT('',(-2.472876147083E1,1.327123852917E1,
-9.805002381140E-1));
#630=CARTESIAN_POINT('',(-2.485400424767E1,1.314599575233E1,-1.233393819274E0));
#631=CARTESIAN_POINT('',(-2.493932658535E1,1.306067341465E1,-1.487814513301E0));
#632=CARTESIAN_POINT('',(-2.498939080037E1,1.301060919963E1,-1.745539131366E0));
#633=CARTESIAN_POINT('',(-2.5E1,1.3E1,-1.915881428693E0));
#634=CARTESIAN_POINT('',(-2.5E1,1.3E1,-2.E0));
#636=CURVE_STYLE('',#326,POSITIVE_LENGTH_MEASURE(2.E-2),#296);
#637=PRESENTATION_STYLE_ASSIGNMENT((#636));
#638=STYLED_ITEM('',(#637),#635);
#639=DIRECTION('',(1.E0,0.E0,8.680552943119E-11));
#640=VECTOR('',#639,1.E1);
#641=CARTESIAN_POINT('',(-3.3E1,-1.5E1,-8.680552943119E-10));
#642=LINE('',#641,#640);
#643=CURVE_STYLE('',#326,POSITIVE_LENGTH_MEASURE(2.E-2),#296);
#644=PRESENTATION_STYLE_ASSIGNMENT((#643));
#645=STYLED_ITEM('',(#644),#642);
#646=CARTESIAN_POINT('',(-3.3E1,-1.5E1,-2.E0));
#647=DIRECTION('',(-1.E0,0.E0,0.E0));
#648=DIRECTION('',(0.E0,0.E0,1.E0));
#649=AXIS2_PLACEMENT_3D('',#646,#647,#648);
#651=CURVE_STYLE('',#326,POSITIVE_LENGTH_MEASURE(2.E-2),#296);
#652=PRESENTATION_STYLE_ASSIGNMENT((#651));
#653=STYLED_ITEM('',(#652),#650);
#654=CARTESIAN_POINT('',(-3.5E1,1.5E1,-2.E0));
#655=DIRECTION('',(-1.E0,0.E0,0.E0));
#656=DIRECTION('',(0.E0,-1.E0,0.E0));
#657=AXIS2_PLACEMENT_3D('',#654,#655,#656);
#659=CURVE_STYLE('',#326,POSITIVE_LENGTH_MEASURE(2.E-2),#296);
#660=PRESENTATION_STYLE_ASSIGNMENT((#659));
#661=STYLED_ITEM('',(#660),#658);
#662=DIRECTION('',(0.E0,1.E0,6.808274145981E-11));
#663=VECTOR('',#662,1.700000014947E1);
#664=CARTESIAN_POINT('',(-3.5E1,1.499999985051E1,1.999999998843E0));
#665=LINE('',#664,#663);
#666=CURVE_STYLE('',#326,POSITIVE_LENGTH_MEASURE(2.E-2),#296);
#667=PRESENTATION_STYLE_ASSIGNMENT((#666));
#668=STYLED_ITEM('',(#667),#665);
#669=DIRECTION('',(0.E0,-1.467425215157E-13,-1.E0));
#670=VECTOR('',#669,4.6E1);
#671=CARTESIAN_POINT('',(-3.5E1,3.199999999999E1,4.8E1));
#672=LINE('',#671,#670);
#673=CURVE_STYLE('',#326,POSITIVE_LENGTH_MEASURE(2.E-2),#296);
#674=PRESENTATION_STYLE_ASSIGNMENT((#673));
#675=STYLED_ITEM('',(#674),#672);
#676=DIRECTION('',(0.E0,-1.E0,0.E0));
#677=VECTOR('',#676,6.399999999998E1);
#678=CARTESIAN_POINT('',(-3.5E1,3.199999999999E1,4.8E1));
#679=LINE('',#678,#677);
#680=CURVE_STYLE('',#326,POSITIVE_LENGTH_MEASURE(2.E-2),#296);
#681=PRESENTATION_STYLE_ASSIGNMENT((#680));
#682=STYLED_ITEM('',(#681),#679);
#683=DIRECTION('',(0.E0,0.E0,-1.E0));
#684=VECTOR('',#683,4.6E1);
#685=CARTESIAN_POINT('',(-3.5E1,-3.199999999999E1,4.8E1));
#686=LINE('',#685,#684);
#687=CURVE_STYLE('',#326,POSITIVE_LENGTH_MEASURE(2.E-2),#296);
#688=PRESENTATION_STYLE_ASSIGNMENT((#687));
#689=STYLED_ITEM('',(#688),#686);
#690=DIRECTION('',(0.E0,1.E0,0.E0));
#691=VECTOR('',#690,1.699999999999E1);
#692=CARTESIAN_POINT('',(-3.5E1,-3.199999999999E1,2.E0));
#693=LINE('',#692,#691);
#694=CURVE_STYLE('',#326,POSITIVE_LENGTH_MEASURE(2.E-2),#296);
#695=PRESENTATION_STYLE_ASSIGNMENT((#694));
#696=STYLED_ITEM('',(#695),#693);
#697=CARTESIAN_POINT('',(-3.5E1,-1.5E1,-2.E0));
#698=DIRECTION('',(-1.E0,0.E0,0.E0));
#699=DIRECTION('',(0.E0,0.E0,1.E0));
#700=AXIS2_PLACEMENT_3D('',#697,#698,#699);
#702=CURVE_STYLE('',#326,POSITIVE_LENGTH_MEASURE(2.E-2),#296);
#703=PRESENTATION_STYLE_ASSIGNMENT((#702));
#704=STYLED_ITEM('',(#703),#701);
#705=DIRECTION('',(0.E0,3.099059470593E-13,-1.E0));
#706=VECTOR('',#705,2.599999999993E1);
#707=CARTESIAN_POINT('',(-3.5E1,-1.100000000001E1,-2.000000000073E0));
#708=LINE('',#707,#706);
#709=CURVE_STYLE('',#326,POSITIVE_LENGTH_MEASURE(2.E-2),#296);
#710=PRESENTATION_STYLE_ASSIGNMENT((#709));
#711=STYLED_ITEM('',(#710),#708);
#712=DIRECTION('',(0.E0,1.E0,0.E0));
#713=VECTOR('',#712,2.2E1);
#714=CARTESIAN_POINT('',(-3.5E1,-1.1E1,-2.8E1));
#715=LINE('',#714,#713);
#716=CURVE_STYLE('',#326,POSITIVE_LENGTH_MEASURE(2.E-2),#296);
#717=PRESENTATION_STYLE_ASSIGNMENT((#716));
#718=STYLED_ITEM('',(#717),#715);
#719=DIRECTION('',(0.E0,2.175353914100E-13,1.E0));
#720=VECTOR('',#719,2.599999999996E1);
#721=CARTESIAN_POINT('',(-3.5E1,1.1E1,-2.8E1));
#722=LINE('',#721,#720);
#723=CURVE_STYLE('',#326,POSITIVE_LENGTH_MEASURE(2.E-2),#296);
#724=PRESENTATION_STYLE_ASSIGNMENT((#723));
#725=STYLED_ITEM('',(#724),#722);
#726=CARTESIAN_POINT('',(-3.3E1,1.100000000347E1,-2.E0));
#727=DIRECTION('',(0.E0,0.E0,1.E0));
#728=DIRECTION('',(0.E0,1.E0,0.E0));
#729=AXIS2_PLACEMENT_3D('',#726,#727,#728);
#731=CURVE_STYLE('',#326,POSITIVE_LENGTH_MEASURE(2.E-2),#296);
#732=PRESENTATION_STYLE_ASSIGNMENT((#731));
#733=STYLED_ITEM('',(#732),#730);
#734=DIRECTION('',(-1.E0,0.E0,-8.680552943119E-11));
#735=VECTOR('',#734,1.E1);
#736=CARTESIAN_POINT('',(-2.3E1,1.5E1,0.E0));
#737=LINE('',#736,#735);
#738=CURVE_STYLE('',#326,POSITIVE_LENGTH_MEASURE(2.E-2),#296);
#739=PRESENTATION_STYLE_ASSIGNMENT((#738));
#740=STYLED_ITEM('',(#739),#737);
#741=CARTESIAN_POINT('',(-3.3E1,1.5E1,-2.E0));
#742=DIRECTION('',(-1.E0,0.E0,0.E0));
#743=DIRECTION('',(0.E0,-1.E0,0.E0));
#744=AXIS2_PLACEMENT_3D('',#741,#742,#743);
#746=CURVE_STYLE('',#326,POSITIVE_LENGTH_MEASURE(2.E-2),#296);
#747=PRESENTATION_STYLE_ASSIGNMENT((#746));
#748=STYLED_ITEM('',(#747),#745);
#749=DIRECTION('',(1.E0,0.E0,0.E0));
#750=VECTOR('',#749,4.6E1);
#751=CARTESIAN_POINT('',(-2.3E1,1.299999999884E1,-2.2E1));
#752=LINE('',#751,#750);
#753=CURVE_STYLE('',#326,POSITIVE_LENGTH_MEASURE(2.E-2),#296);
#754=PRESENTATION_STYLE_ASSIGNMENT((#753));
#755=STYLED_ITEM('',(#754),#752);
#756=DIRECTION('',(1.E0,-1.085069811779E-10,2.799011022958E-12));
#757=VECTOR('',#756,8.E0);
#758=CARTESIAN_POINT('',(-3.3E1,1.300000000087E1,-2.000000000022E0));
#759=LINE('',#758,#757);
#760=CURVE_STYLE('',#326,POSITIVE_LENGTH_MEASURE(2.E-2),#296);
#761=PRESENTATION_STYLE_ASSIGNMENT((#760));
#762=STYLED_ITEM('',(#761),#759);
#763=DIRECTION('',(0.E0,3.338676343951E-11,1.E0));
#764=VECTOR('',#763,2.599999999989E1);
#765=CARTESIAN_POINT('',(-3.3E1,1.3E1,-2.799999999991E1));
#766=LINE('',#765,#764);
#767=CURVE_STYLE('',#326,POSITIVE_LENGTH_MEASURE(2.E-2),#296);
#768=PRESENTATION_STYLE_ASSIGNMENT((#767));
#769=STYLED_ITEM('',(#768),#766);
#770=DIRECTION('',(-1.E0,0.E0,0.E0));
#771=VECTOR('',#770,6.6E1);
#772=CARTESIAN_POINT('',(3.3E1,1.3E1,-2.799999999991E1));
#773=LINE('',#772,#771);
#774=CURVE_STYLE('',#326,POSITIVE_LENGTH_MEASURE(2.E-2),#296);
#775=PRESENTATION_STYLE_ASSIGNMENT((#774));
#776=STYLED_ITEM('',(#775),#773);
#777=DIRECTION('',(0.E0,-3.338676343953E-11,-1.E0));
#778=VECTOR('',#777,2.599999999987E1);
#779=CARTESIAN_POINT('',(3.3E1,1.300000000087E1,-2.000000000040E0));
#780=LINE('',#779,#778);
#781=CURVE_STYLE('',#326,POSITIVE_LENGTH_MEASURE(2.E-2),#296);
#782=PRESENTATION_STYLE_ASSIGNMENT((#781));
#783=STYLED_ITEM('',(#782),#780);
#784=DIRECTION('',(1.E0,1.085069811779E-10,-5.002886993566E-12));
#785=VECTOR('',#784,8.E0);
#786=CARTESIAN_POINT('',(2.5E1,1.3E1,-2.E0));
#787=LINE('',#786,#785);
#788=CURVE_STYLE('',#326,POSITIVE_LENGTH_MEASURE(2.E-2),#296);
#789=PRESENTATION_STYLE_ASSIGNMENT((#788));
#790=STYLED_ITEM('',(#789),#787);
#791=CARTESIAN_POINT('',(2.3E1,1.299999999884E1,-2.2E1));
#792=CARTESIAN_POINT('',(2.318681096972E1,1.299999999884E1,-2.181318903045E1));
#793=CARTESIAN_POINT('',(2.354630397139E1,1.300000000054E1,-2.145322718222E1));
#794=CARTESIAN_POINT('',(2.402516109636E1,1.299999999986E1,-2.091702824185E1));
#795=CARTESIAN_POINT('',(2.440332884934E1,1.300000000004E1,-2.040064774405E1));
#796=CARTESIAN_POINT('',(2.468314215321E1,1.299999999999E1,-1.990175736379E1));
#797=CARTESIAN_POINT('',(2.487201189447E1,1.3E1,-1.942176774597E1));
#798=CARTESIAN_POINT('',(2.497890875738E1,1.3E1,-1.895923292110E1));
#799=CARTESIAN_POINT('',(2.500000000021E1,1.3E1,-1.867382083016E1));
#800=CARTESIAN_POINT('',(2.5E1,1.3E1,-1.853589838486E1));
#802=CURVE_STYLE('',#326,POSITIVE_LENGTH_MEASURE(2.E-2),#296);
#803=PRESENTATION_STYLE_ASSIGNMENT((#802));
#804=STYLED_ITEM('',(#803),#801);
#805=CARTESIAN_POINT('',(2.3E1,1.1E1,-1.8E1));
#806=DIRECTION('',(0.E0,-1.E0,0.E0));
#807=DIRECTION('',(0.E0,0.E0,-1.E0));
#808=AXIS2_PLACEMENT_3D('',#805,#806,#807);
#810=CURVE_STYLE('',#326,POSITIVE_LENGTH_MEASURE(2.E-2),#296);
#811=PRESENTATION_STYLE_ASSIGNMENT((#810));
#812=STYLED_ITEM('',(#811),#809);
#813=DIRECTION('',(0.E0,1.E0,0.E0));
#814=VECTOR('',#813,2.199999999994E1);
#815=CARTESIAN_POINT('',(-2.3E1,-1.099999999996E1,-2.000000000087E1));
#816=LINE('',#815,#814);
#817=CURVE_STYLE('',#326,POSITIVE_LENGTH_MEASURE(2.E-2),#296);
#818=PRESENTATION_STYLE_ASSIGNMENT((#817));
#819=STYLED_ITEM('',(#818),#816);
#820=DIRECTION('',(1.E0,-3.652344127619E-13,0.E0));
#821=VECTOR('',#820,4.6E1);
#822=CARTESIAN_POINT('',(-2.3E1,1.099999999998E1,-2.000000000087E1));
#823=LINE('',#822,#821);
#824=CURVE_STYLE('',#326,POSITIVE_LENGTH_MEASURE(2.E-2),#296);
#825=PRESENTATION_STYLE_ASSIGNMENT((#824));
#826=STYLED_ITEM('',(#825),#823);
#827=DIRECTION('',(0.E0,-1.E0,0.E0));
#828=VECTOR('',#827,2.199999999994E1);
#829=CARTESIAN_POINT('',(2.3E1,1.099999999996E1,-2.000000000087E1));
#830=LINE('',#829,#828);
#831=CURVE_STYLE('',#326,POSITIVE_LENGTH_MEASURE(2.E-2),#296);
#832=PRESENTATION_STYLE_ASSIGNMENT((#831));
#833=STYLED_ITEM('',(#832),#830);
#834=DIRECTION('',(-1.E0,3.353066616633E-13,0.E0));
#835=VECTOR('',#834,4.6E1);
#836=CARTESIAN_POINT('',(2.3E1,-1.099999999998E1,-2.000000000087E1));
#837=LINE('',#836,#835);
#838=CURVE_STYLE('',#326,POSITIVE_LENGTH_MEASURE(2.E-2),#296);
#839=PRESENTATION_STYLE_ASSIGNMENT((#838));
#840=STYLED_ITEM('',(#839),#837);
#841=CARTESIAN_POINT('',(-2.3E1,-1.1E1,-1.8E1));
#842=DIRECTION('',(0.E0,1.E0,0.E0));
#843=DIRECTION('',(0.E0,0.E0,-1.E0));
#844=AXIS2_PLACEMENT_3D('',#841,#842,#843);
#846=CURVE_STYLE('',#326,POSITIVE_LENGTH_MEASURE(2.E-2),#296);
#847=PRESENTATION_STYLE_ASSIGNMENT((#846));
#848=STYLED_ITEM('',(#847),#845);
#849=CARTESIAN_POINT('',(-2.3E1,1.1E1,-1.800000000347E1));
#850=DIRECTION('',(0.E0,1.E0,0.E0));
#851=DIRECTION('',(0.E0,0.E0,-1.E0));
#852=AXIS2_PLACEMENT_3D('',#849,#850,#851);
#854=CURVE_STYLE('',#326,POSITIVE_LENGTH_MEASURE(2.E-2),#296);
#855=PRESENTATION_STYLE_ASSIGNMENT((#854));
#856=STYLED_ITEM('',(#855),#853);
#857=CARTESIAN_POINT('',(-2.5E1,1.3E1,-1.853589838486E1));
#858=CARTESIAN_POINT('',(-2.500000000021E1,1.3E1,-1.867383790028E1));
#859=CARTESIAN_POINT('',(-2.497890259600E1,1.3E1,-1.895926554079E1));
#860=CARTESIAN_POINT('',(-2.487201548265E1,1.3E1,-1.942174387244E1));
#861=CARTESIAN_POINT('',(-2.468318171002E1,1.299999999999E1,-1.990166826659E1));
#862=CARTESIAN_POINT('',(-2.440340701035E1,1.300000000004E1,-2.040052653798E1));
#863=CARTESIAN_POINT('',(-2.402526116184E1,1.299999999986E1,-2.091690436424E1));
#864=CARTESIAN_POINT('',(-2.354644878323E1,1.300000000054E1,-2.145307791384E1));
#865=CARTESIAN_POINT('',(-2.318687135359E1,1.299999999884E1,-2.181312864657E1));
#866=CARTESIAN_POINT('',(-2.3E1,1.299999999884E1,-2.2E1));
#868=CURVE_STYLE('',#326,POSITIVE_LENGTH_MEASURE(2.E-2),#296);
#869=PRESENTATION_STYLE_ASSIGNMENT((#868));
#870=STYLED_ITEM('',(#869),#867);
#871=CARTESIAN_POINT('',(-2.3E1,1.1E1,-2.2E1));
#872=DIRECTION('',(-1.E0,0.E0,0.E0));
#873=DIRECTION('',(0.E0,0.E0,1.E0));
#874=AXIS2_PLACEMENT_3D('',#871,#872,#873);
#876=CURVE_STYLE('',#326,POSITIVE_LENGTH_MEASURE(2.E-2),#296);
#877=PRESENTATION_STYLE_ASSIGNMENT((#876));
#878=STYLED_ITEM('',(#877),#875);
#879=CARTESIAN_POINT('',(2.3E1,1.1E1,-2.2E1));
#880=DIRECTION('',(1.E0,0.E0,0.E0));
#881=DIRECTION('',(0.E0,1.E0,0.E0));
#882=AXIS2_PLACEMENT_3D('',#879,#880,#881);
#884=CURVE_STYLE('',#326,POSITIVE_LENGTH_MEASURE(2.E-2),#296);
#885=PRESENTATION_STYLE_ASSIGNMENT((#884));
#886=STYLED_ITEM('',(#885),#883);
#887=CARTESIAN_POINT('',(2.3E1,-1.1E1,-1.800000000347E1));
#888=DIRECTION('',(0.E0,-1.E0,0.E0));
#889=DIRECTION('',(0.E0,0.E0,-1.E0));
#890=AXIS2_PLACEMENT_3D('',#887,#888,#889);
#892=CURVE_STYLE('',#326,POSITIVE_LENGTH_MEASURE(2.E-2),#296);
#893=PRESENTATION_STYLE_ASSIGNMENT((#892));
#894=STYLED_ITEM('',(#893),#891);
#895=CARTESIAN_POINT('',(2.5E1,-1.3E1,-1.853589838486E1));
#896=CARTESIAN_POINT('',(2.500000000021E1,-1.3E1,-1.867383790028E1));
#897=CARTESIAN_POINT('',(2.497890259600E1,-1.3E1,-1.895926554079E1));
#898=CARTESIAN_POINT('',(2.487201548265E1,-1.3E1,-1.942174387244E1));
#899=CARTESIAN_POINT('',(2.468318171002E1,-1.299999999999E1,-1.990166826659E1));
#900=CARTESIAN_POINT('',(2.440340701035E1,-1.300000000004E1,-2.040052653798E1));
#901=CARTESIAN_POINT('',(2.402526116184E1,-1.299999999986E1,-2.091690436424E1));
#902=CARTESIAN_POINT('',(2.354644878323E1,-1.300000000054E1,-2.145307791384E1));
#903=CARTESIAN_POINT('',(2.318687135359E1,-1.299999999884E1,-2.181312864658E1));
#904=CARTESIAN_POINT('',(2.3E1,-1.299999999884E1,-2.2E1));
#906=CURVE_STYLE('',#326,POSITIVE_LENGTH_MEASURE(2.E-2),#296);
#907=PRESENTATION_STYLE_ASSIGNMENT((#906));
#908=STYLED_ITEM('',(#907),#905);
#909=CARTESIAN_POINT('',(-3.3E1,1.1E1,-2.8E1));
#910=DIRECTION('',(0.E0,0.E0,1.E0));
#911=DIRECTION('',(0.E0,1.E0,0.E0));
#912=AXIS2_PLACEMENT_3D('',#909,#910,#911);
#914=CURVE_STYLE('',#326,POSITIVE_LENGTH_MEASURE(2.E-2),#296);
#915=PRESENTATION_STYLE_ASSIGNMENT((#914));
#916=STYLED_ITEM('',(#915),#913);
#917=CARTESIAN_POINT('',(-3.3E1,1.1E1,-2.8E1));
#918=DIRECTION('',(0.E0,1.E0,0.E0));
#919=DIRECTION('',(0.E0,0.E0,-1.E0));
#920=AXIS2_PLACEMENT_3D('',#917,#918,#919);
#922=CURVE_STYLE('',#326,POSITIVE_LENGTH_MEASURE(2.E-2),#296);
#923=PRESENTATION_STYLE_ASSIGNMENT((#922));
#924=STYLED_ITEM('',(#923),#921);
#925=CARTESIAN_POINT('',(3.3E1,1.1E1,-2.8E1));
#926=DIRECTION('',(-1.E0,0.E0,0.E0));
#927=DIRECTION('',(0.E0,1.E0,0.E0));
#928=AXIS2_PLACEMENT_3D('',#925,#926,#927);
#930=CURVE_STYLE('',#326,POSITIVE_LENGTH_MEASURE(2.E-2),#296);
#931=PRESENTATION_STYLE_ASSIGNMENT((#930));
#932=STYLED_ITEM('',(#931),#929);
#933=CARTESIAN_POINT('',(-3.3E1,1.1E1,-2.8E1));
#934=DIRECTION('',(1.E0,0.E0,0.E0));
#935=DIRECTION('',(0.E0,0.E0,-1.E0));
#936=AXIS2_PLACEMENT_3D('',#933,#934,#935);
#938=CURVE_STYLE('',#326,POSITIVE_LENGTH_MEASURE(2.E-2),#296);
#939=PRESENTATION_STYLE_ASSIGNMENT((#938));
#940=STYLED_ITEM('',(#939),#937);
#941=CARTESIAN_POINT('',(3.3E1,1.1E1,-2.8E1));
#942=DIRECTION('',(0.E0,0.E0,-1.E0));
#943=DIRECTION('',(0.E0,1.E0,0.E0));
#944=AXIS2_PLACEMENT_3D('',#941,#942,#943);
#946=CURVE_STYLE('',#326,POSITIVE_LENGTH_MEASURE(2.E-2),#296);
#947=PRESENTATION_STYLE_ASSIGNMENT((#946));
#948=STYLED_ITEM('',(#947),#945);
#949=CARTESIAN_POINT('',(3.3E1,1.1E1,-2.8E1));
#950=DIRECTION('',(0.E0,-1.E0,0.E0));
#951=DIRECTION('',(0.E0,0.E0,-1.E0));
#952=AXIS2_PLACEMENT_3D('',#949,#950,#951);
#954=CURVE_STYLE('',#326,POSITIVE_LENGTH_MEASURE(2.E-2),#296);
#955=PRESENTATION_STYLE_ASSIGNMENT((#954));
#956=STYLED_ITEM('',(#955),#953);
#957=DIRECTION('',(0.E0,-1.E0,0.E0));
#958=VECTOR('',#957,2.199999999985E1);
#959=CARTESIAN_POINT('',(3.3E1,1.099999999992E1,-3.E1));
#960=LINE('',#959,#958);
#961=CURVE_STYLE('',#326,POSITIVE_LENGTH_MEASURE(2.E-2),#296);
#962=PRESENTATION_STYLE_ASSIGNMENT((#961));
#963=STYLED_ITEM('',(#962),#960);
#964=DIRECTION('',(-1.E0,0.E0,0.E0));
#965=VECTOR('',#964,6.6E1);
#966=CARTESIAN_POINT('',(3.3E1,1.099999999992E1,-3.E1));
#967=LINE('',#966,#965);
#968=CURVE_STYLE('',#326,POSITIVE_LENGTH_MEASURE(2.E-2),#296);
#969=PRESENTATION_STYLE_ASSIGNMENT((#968));
#970=STYLED_ITEM('',(#969),#967);
#971=DIRECTION('',(0.E0,1.E0,0.E0));
#972=VECTOR('',#971,2.199999999985E1);
#973=CARTESIAN_POINT('',(-3.3E1,-1.099999999992E1,-3.E1));
#974=LINE('',#973,#972);
#975=CURVE_STYLE('',#326,POSITIVE_LENGTH_MEASURE(2.E-2),#296);
#976=PRESENTATION_STYLE_ASSIGNMENT((#975));
#977=STYLED_ITEM('',(#976),#974);
#978=DIRECTION('',(1.E0,0.E0,0.E0));
#979=VECTOR('',#978,6.6E1);
#980=CARTESIAN_POINT('',(-3.3E1,-1.099999999992E1,-3.E1));
#981=LINE('',#980,#979);
#982=CURVE_STYLE('',#326,POSITIVE_LENGTH_MEASURE(2.E-2),#296);
#983=PRESENTATION_STYLE_ASSIGNMENT((#982));
#984=STYLED_ITEM('',(#983),#981);
#985=CARTESIAN_POINT('',(-3.3E1,-1.1E1,-2.8E1));
#986=DIRECTION('',(0.E0,1.E0,0.E0));
#987=DIRECTION('',(0.E0,0.E0,-1.E0));
#988=AXIS2_PLACEMENT_3D('',#985,#986,#987);
#990=CURVE_STYLE('',#326,POSITIVE_LENGTH_MEASURE(2.E-2),#296);
#991=PRESENTATION_STYLE_ASSIGNMENT((#990));
#992=STYLED_ITEM('',(#991),#989);
#993=CARTESIAN_POINT('',(-3.3E1,-1.1E1,-2.8E1));
#994=DIRECTION('',(0.E0,0.E0,-1.E0));
#995=DIRECTION('',(0.E0,-1.E0,0.E0));
#996=AXIS2_PLACEMENT_3D('',#993,#994,#995);
#998=CURVE_STYLE('',#326,POSITIVE_LENGTH_MEASURE(2.E-2),#296);
#999=PRESENTATION_STYLE_ASSIGNMENT((#998));
#1000=STYLED_ITEM('',(#999),#997);
#1001=CARTESIAN_POINT('',(3.3E1,-1.1E1,-2.8E1));
#1002=DIRECTION('',(-1.E0,0.E0,0.E0));
#1003=DIRECTION('',(0.E0,0.E0,-1.E0));
#1004=AXIS2_PLACEMENT_3D('',#1001,#1002,#1003);
#1006=CURVE_STYLE('',#326,POSITIVE_LENGTH_MEASURE(2.E-2),#296);
#1007=PRESENTATION_STYLE_ASSIGNMENT((#1006));
#1008=STYLED_ITEM('',(#1007),#1005);
#1009=CARTESIAN_POINT('',(-3.3E1,-1.1E1,-2.8E1));
#1010=DIRECTION('',(1.E0,0.E0,0.E0));
#1011=DIRECTION('',(0.E0,-1.E0,0.E0));
#1012=AXIS2_PLACEMENT_3D('',#1009,#1010,#1011);
#1014=CURVE_STYLE('',#326,POSITIVE_LENGTH_MEASURE(2.E-2),#296);
#1015=PRESENTATION_STYLE_ASSIGNMENT((#1014));
#1016=STYLED_ITEM('',(#1015),#1013);
#1017=CARTESIAN_POINT('',(3.3E1,-1.1E1,-2.8E1));
#1018=DIRECTION('',(0.E0,-1.E0,0.E0));
#1019=DIRECTION('',(0.E0,0.E0,-1.E0));
#1020=AXIS2_PLACEMENT_3D('',#1017,#1018,#1019);
#1022=CURVE_STYLE('',#326,POSITIVE_LENGTH_MEASURE(2.E-2),#296);
#1023=PRESENTATION_STYLE_ASSIGNMENT((#1022));
#1024=STYLED_ITEM('',(#1023),#1021);
#1025=CARTESIAN_POINT('',(3.3E1,-1.1E1,-2.8E1));
#1026=DIRECTION('',(0.E0,0.E0,1.E0));
#1027=DIRECTION('',(0.E0,-1.E0,0.E0));
#1028=AXIS2_PLACEMENT_3D('',#1025,#1026,#1027);
#1030=CURVE_STYLE('',#326,POSITIVE_LENGTH_MEASURE(2.E-2),#296);
#1031=PRESENTATION_STYLE_ASSIGNMENT((#1030));
#1032=STYLED_ITEM('',(#1031),#1029);
#1033=CARTESIAN_POINT('',(3.3E1,-1.100000000347E1,-2.E0));
#1034=DIRECTION('',(0.E0,0.E0,1.E0));
#1035=DIRECTION('',(0.E0,-1.E0,0.E0));
#1036=AXIS2_PLACEMENT_3D('',#1033,#1034,#1035);
#1038=CURVE_STYLE('',#326,POSITIVE_LENGTH_MEASURE(2.E-2),#296);
#1039=PRESENTATION_STYLE_ASSIGNMENT((#1038));
#1040=STYLED_ITEM('',(#1039),#1037);
#1041=DIRECTION('',(1.E0,0.E0,-8.680552943119E-11));
#1042=VECTOR('',#1041,1.E1);
#1043=CARTESIAN_POINT('',(2.3E1,-1.5E1,0.E0));
#1044=LINE('',#1043,#1042);
#1045=CURVE_STYLE('',#326,POSITIVE_LENGTH_MEASURE(2.E-2),#296);
#1046=PRESENTATION_STYLE_ASSIGNMENT((#1045));
#1047=STYLED_ITEM('',(#1046),#1044);
#1048=CARTESIAN_POINT('',(3.3E1,-1.5E1,-2.E0));
#1049=DIRECTION('',(1.E0,0.E0,0.E0));
#1050=DIRECTION('',(0.E0,1.E0,0.E0));
#1051=AXIS2_PLACEMENT_3D('',#1048,#1049,#1050);
#1053=CURVE_STYLE('',#326,POSITIVE_LENGTH_MEASURE(2.E-2),#296);
#1054=PRESENTATION_STYLE_ASSIGNMENT((#1053));
#1055=STYLED_ITEM('',(#1054),#1052);
#1056=CARTESIAN_POINT('',(3.3E1,-1.5E1,2.E0));
#1057=DIRECTION('',(0.E0,-1.E0,0.E0));
#1058=DIRECTION('',(0.E0,0.E0,-1.E0));
#1059=AXIS2_PLACEMENT_3D('',#1056,#1057,#1058);
#1061=CURVE_STYLE('',#326,POSITIVE_LENGTH_MEASURE(2.E-2),#296);
#1062=PRESENTATION_STYLE_ASSIGNMENT((#1061));
#1063=STYLED_ITEM('',(#1062),#1060);
#1064=CARTESIAN_POINT('',(3.3E1,-3.2E1,2.E0));
#1065=DIRECTION('',(0.E0,-1.E0,0.E0));
#1066=DIRECTION('',(0.E0,0.E0,-1.E0));
#1067=AXIS2_PLACEMENT_3D('',#1064,#1065,#1066);
#1069=CURVE_STYLE('',#326,POSITIVE_LENGTH_MEASURE(2.E-2),#296);
#1070=PRESENTATION_STYLE_ASSIGNMENT((#1069));
#1071=STYLED_ITEM('',(#1070),#1068);
#1072=CARTESIAN_POINT('',(2.7E1,-3.8E1,2.E0));
#1073=DIRECTION('',(-1.E0,0.E0,0.E0));
#1074=DIRECTION('',(0.E0,0.E0,-1.E0));
#1075=AXIS2_PLACEMENT_3D('',#1072,#1073,#1074);
#1077=CURVE_STYLE('',#326,POSITIVE_LENGTH_MEASURE(2.E-2),#296);
#1078=PRESENTATION_STYLE_ASSIGNMENT((#1077));
#1079=STYLED_ITEM('',(#1078),#1076);
#1080=CARTESIAN_POINT('',(-2.7E1,-3.8E1,2.E0));
#1081=DIRECTION('',(-1.E0,0.E0,0.E0));
#1082=DIRECTION('',(0.E0,0.E0,-1.E0));
#1083=AXIS2_PLACEMENT_3D('',#1080,#1081,#1082);
#1085=CURVE_STYLE('',#326,POSITIVE_LENGTH_MEASURE(2.E-2),#296);
#1086=PRESENTATION_STYLE_ASSIGNMENT((#1085));
#1087=STYLED_ITEM('',(#1086),#1084);
#1088=CARTESIAN_POINT('',(-3.3E1,-1.5E1,2.E0));
#1089=DIRECTION('',(0.E0,-1.E0,0.E0));
#1090=DIRECTION('',(-1.E0,0.E0,0.E0));
#1091=AXIS2_PLACEMENT_3D('',#1088,#1089,#1090);
#1093=CURVE_STYLE('',#326,POSITIVE_LENGTH_MEASURE(2.E-2),#296);
#1094=PRESENTATION_STYLE_ASSIGNMENT((#1093));
#1095=STYLED_ITEM('',(#1094),#1092);
#1096=CARTESIAN_POINT('',(-3.3E1,-3.2E1,2.E0));
#1097=DIRECTION('',(0.E0,1.E0,0.E0));
#1098=DIRECTION('',(0.E0,0.E0,-1.E0));
#1099=AXIS2_PLACEMENT_3D('',#1096,#1097,#1098);
#1101=CURVE_STYLE('',#326,POSITIVE_LENGTH_MEASURE(2.E-2),#296);
#1102=PRESENTATION_STYLE_ASSIGNMENT((#1101));
#1103=STYLED_ITEM('',(#1102),#1100);
#1104=CARTESIAN_POINT('',(-2.7E1,-3.2E1,2.E0));
#1105=DIRECTION('',(0.E0,0.E0,-1.E0));
#1106=DIRECTION('',(0.E0,-1.E0,0.E0));
#1107=AXIS2_PLACEMENT_3D('',#1104,#1105,#1106);
#1109=CURVE_STYLE('',#326,POSITIVE_LENGTH_MEASURE(2.E-2),#296);
#1110=PRESENTATION_STYLE_ASSIGNMENT((#1109));
#1111=STYLED_ITEM('',(#1110),#1108);
#1112=CARTESIAN_POINT('',(-2.7E1,-3.2E1,4.8E1));
#1113=DIRECTION('',(0.E0,0.E0,1.E0));
#1114=DIRECTION('',(-1.E0,0.E0,0.E0));
#1115=AXIS2_PLACEMENT_3D('',#1112,#1113,#1114);
#1117=CURVE_STYLE('',#326,POSITIVE_LENGTH_MEASURE(2.E-2),#296);
#1118=PRESENTATION_STYLE_ASSIGNMENT((#1117));
#1119=STYLED_ITEM('',(#1118),#1116);
#1120=CARTESIAN_POINT('',(-3.3E1,-3.2E1,4.8E1));
#1121=DIRECTION('',(0.E0,-1.E0,0.E0));
#1122=DIRECTION('',(0.E0,0.E0,1.E0));
#1123=AXIS2_PLACEMENT_3D('',#1120,#1121,#1122);
#1125=CURVE_STYLE('',#326,POSITIVE_LENGTH_MEASURE(2.E-2),#296);
#1126=PRESENTATION_STYLE_ASSIGNMENT((#1125));
#1127=STYLED_ITEM('',(#1126),#1124);
#1128=CARTESIAN_POINT('',(-2.7E1,3.2E1,5.E1));
#1129=DIRECTION('',(0.E0,0.E0,1.E0));
#1130=DIRECTION('',(0.E0,1.E0,0.E0));
#1131=AXIS2_PLACEMENT_3D('',#1128,#1129,#1130);
#1133=CURVE_STYLE('',#326,POSITIVE_LENGTH_MEASURE(2.E-2),#296);
#1134=PRESENTATION_STYLE_ASSIGNMENT((#1133));
#1135=STYLED_ITEM('',(#1134),#1132);
#1136=DIRECTION('',(-1.E0,0.E0,0.E0));
#1137=VECTOR('',#1136,5.4E1);
#1138=CARTESIAN_POINT('',(2.7E1,3.8E1,5.E1));
#1139=LINE('',#1138,#1137);
#1140=CURVE_STYLE('',#326,POSITIVE_LENGTH_MEASURE(2.E-2),#296);
#1141=PRESENTATION_STYLE_ASSIGNMENT((#1140));
#1142=STYLED_ITEM('',(#1141),#1139);
#1143=CARTESIAN_POINT('',(2.7E1,3.2E1,5.E1));
#1144=DIRECTION('',(0.E0,0.E0,1.E0));
#1145=DIRECTION('',(1.E0,0.E0,0.E0));
#1146=AXIS2_PLACEMENT_3D('',#1143,#1144,#1145);
#1148=CURVE_STYLE('',#326,POSITIVE_LENGTH_MEASURE(2.E-2),#296);
#1149=PRESENTATION_STYLE_ASSIGNMENT((#1148));
#1150=STYLED_ITEM('',(#1149),#1147);
#1151=DIRECTION('',(0.E0,1.E0,0.E0));
#1152=VECTOR('',#1151,6.4E1);
#1153=CARTESIAN_POINT('',(3.3E1,-3.2E1,5.E1));
#1154=LINE('',#1153,#1152);
#1155=CURVE_STYLE('',#326,POSITIVE_LENGTH_MEASURE(2.E-2),#296);
#1156=PRESENTATION_STYLE_ASSIGNMENT((#1155));
#1157=STYLED_ITEM('',(#1156),#1154);
#1158=CARTESIAN_POINT('',(2.7E1,-3.2E1,5.E1));
#1159=DIRECTION('',(0.E0,0.E0,1.E0));
#1160=DIRECTION('',(0.E0,-1.E0,0.E0));
#1161=AXIS2_PLACEMENT_3D('',#1158,#1159,#1160);
#1163=CURVE_STYLE('',#326,POSITIVE_LENGTH_MEASURE(2.E-2),#296);
#1164=PRESENTATION_STYLE_ASSIGNMENT((#1163));
#1165=STYLED_ITEM('',(#1164),#1162);
#1166=DIRECTION('',(1.E0,0.E0,0.E0));
#1167=VECTOR('',#1166,5.4E1);
#1168=CARTESIAN_POINT('',(-2.7E1,-3.8E1,5.E1));
#1169=LINE('',#1168,#1167);
#1170=CURVE_STYLE('',#326,POSITIVE_LENGTH_MEASURE(2.E-2),#296);
#1171=PRESENTATION_STYLE_ASSIGNMENT((#1170));
#1172=STYLED_ITEM('',(#1171),#1169);
#1173=CARTESIAN_POINT('',(-2.7E1,-3.2E1,5.E1));
#1174=DIRECTION('',(0.E0,0.E0,1.E0));
#1175=DIRECTION('',(-1.E0,0.E0,0.E0));
#1176=AXIS2_PLACEMENT_3D('',#1173,#1174,#1175);
#1178=CURVE_STYLE('',#326,POSITIVE_LENGTH_MEASURE(2.E-2),#296);
#1179=PRESENTATION_STYLE_ASSIGNMENT((#1178));
#1180=STYLED_ITEM('',(#1179),#1177);
#1181=DIRECTION('',(0.E0,-1.E0,0.E0));
#1182=VECTOR('',#1181,6.4E1);
#1183=CARTESIAN_POINT('',(-3.3E1,3.2E1,5.E1));
#1184=LINE('',#1183,#1182);
#1185=CURVE_STYLE('',#326,POSITIVE_LENGTH_MEASURE(2.E-2),#296);
#1186=PRESENTATION_STYLE_ASSIGNMENT((#1185));
#1187=STYLED_ITEM('',(#1186),#1184);
#1188=CARTESIAN_POINT('',(-2.7E1,3.8E1,4.8E1));
#1189=DIRECTION('',(-1.E0,0.E0,0.E0));
#1190=DIRECTION('',(0.E0,0.E0,1.E0));
#1191=AXIS2_PLACEMENT_3D('',#1188,#1189,#1190);
#1193=CURVE_STYLE('',#326,POSITIVE_LENGTH_MEASURE(2.E-2),#296);
#1194=PRESENTATION_STYLE_ASSIGNMENT((#1193));
#1195=STYLED_ITEM('',(#1194),#1192);
#1196=CARTESIAN_POINT('',(-3.3E1,3.2E1,4.8E1));
#1197=DIRECTION('',(0.E0,-1.E0,0.E0));
#1198=DIRECTION('',(0.E0,0.E0,1.E0));
#1199=AXIS2_PLACEMENT_3D('',#1196,#1197,#1198);
#1201=CURVE_STYLE('',#326,POSITIVE_LENGTH_MEASURE(2.E-2),#296);
#1202=PRESENTATION_STYLE_ASSIGNMENT((#1201));
#1203=STYLED_ITEM('',(#1202),#1200);
#1204=CARTESIAN_POINT('',(-2.7E1,3.2E1,2.E0));
#1205=DIRECTION('',(0.E0,0.E0,-1.E0));
#1206=DIRECTION('',(-1.E0,0.E0,0.E0));
#1207=AXIS2_PLACEMENT_3D('',#1204,#1205,#1206);
#1209=CURVE_STYLE('',#326,POSITIVE_LENGTH_MEASURE(2.E-2),#296);
#1210=PRESENTATION_STYLE_ASSIGNMENT((#1209));
#1211=STYLED_ITEM('',(#1210),#1208);
#1212=CARTESIAN_POINT('',(-2.7E1,3.2E1,4.8E1));
#1213=DIRECTION('',(0.E0,0.E0,1.E0));
#1214=DIRECTION('',(0.E0,1.E0,0.E0));
#1215=AXIS2_PLACEMENT_3D('',#1212,#1213,#1214);
#1217=CURVE_STYLE('',#326,POSITIVE_LENGTH_MEASURE(2.E-2),#296);
#1218=PRESENTATION_STYLE_ASSIGNMENT((#1217));
#1219=STYLED_ITEM('',(#1218),#1216);
#1220=CARTESIAN_POINT('',(-3.3E1,3.2E1,2.E0));
#1221=DIRECTION('',(0.E0,1.E0,0.E0));
#1222=DIRECTION('',(0.E0,0.E0,-1.E0));
#1223=AXIS2_PLACEMENT_3D('',#1220,#1221,#1222);
#1225=CURVE_STYLE('',#326,POSITIVE_LENGTH_MEASURE(2.E-2),#296);
#1226=PRESENTATION_STYLE_ASSIGNMENT((#1225));
#1227=STYLED_ITEM('',(#1226),#1224);
#1228=CARTESIAN_POINT('',(-2.7E1,3.8E1,2.E0));
#1229=DIRECTION('',(1.E0,0.E0,0.E0));
#1230=DIRECTION('',(0.E0,0.E0,-1.E0));
#1231=AXIS2_PLACEMENT_3D('',#1228,#1229,#1230);
#1233=CURVE_STYLE('',#326,POSITIVE_LENGTH_MEASURE(2.E-2),#296);
#1234=PRESENTATION_STYLE_ASSIGNMENT((#1233));
#1235=STYLED_ITEM('',(#1234),#1232);
#1236=CARTESIAN_POINT('',(2.7E1,3.8E1,2.E0));
#1237=DIRECTION('',(1.E0,0.E0,0.E0));
#1238=DIRECTION('',(0.E0,0.E0,-1.E0));
#1239=AXIS2_PLACEMENT_3D('',#1236,#1237,#1238);
#1241=CURVE_STYLE('',#326,POSITIVE_LENGTH_MEASURE(2.E-2),#296);
#1242=PRESENTATION_STYLE_ASSIGNMENT((#1241));
#1243=STYLED_ITEM('',(#1242),#1240);
#1244=CARTESIAN_POINT('',(3.3E1,1.499998262979E1,2.E0));
#1245=DIRECTION('',(0.E0,1.E0,0.E0));
#1246=DIRECTION('',(1.E0,0.E0,0.E0));
#1247=AXIS2_PLACEMENT_3D('',#1244,#1245,#1246);
#1249=CURVE_STYLE('',#326,POSITIVE_LENGTH_MEASURE(2.E-2),#296);
#1250=PRESENTATION_STYLE_ASSIGNMENT((#1249));
#1251=STYLED_ITEM('',(#1250),#1248);
#1252=CARTESIAN_POINT('',(3.3E1,3.2E1,2.E0));
#1253=DIRECTION('',(0.E0,-1.E0,0.E0));
#1254=DIRECTION('',(0.E0,0.E0,-1.E0));
#1255=AXIS2_PLACEMENT_3D('',#1252,#1253,#1254);
#1257=CURVE_STYLE('',#326,POSITIVE_LENGTH_MEASURE(2.E-2),#296);
#1258=PRESENTATION_STYLE_ASSIGNMENT((#1257));
#1259=STYLED_ITEM('',(#1258),#1256);
#1260=CARTESIAN_POINT('',(3.5E1,-1.5E1,-2.E0));
#1261=DIRECTION('',(1.E0,0.E0,0.E0));
#1262=DIRECTION('',(0.E0,1.E0,0.E0));
#1263=AXIS2_PLACEMENT_3D('',#1260,#1261,#1262);
#1265=CURVE_STYLE('',#326,POSITIVE_LENGTH_MEASURE(2.E-2),#296);
#1266=PRESENTATION_STYLE_ASSIGNMENT((#1265));
#1267=STYLED_ITEM('',(#1266),#1264);
#1268=DIRECTION('',(0.E0,-1.E0,6.808274145981E-11));
#1269=VECTOR('',#1268,1.700000014947E1);
#1270=CARTESIAN_POINT('',(3.5E1,-1.499999985051E1,1.999999998843E0));
#1271=LINE('',#1270,#1269);
#1272=CURVE_STYLE('',#326,POSITIVE_LENGTH_MEASURE(2.E-2),#296);
#1273=PRESENTATION_STYLE_ASSIGNMENT((#1272));
#1274=STYLED_ITEM('',(#1273),#1271);
#1275=DIRECTION('',(0.E0,1.467425215157E-13,-1.E0));
#1276=VECTOR('',#1275,4.6E1);
#1277=CARTESIAN_POINT('',(3.5E1,-3.199999999999E1,4.8E1));
#1278=LINE('',#1277,#1276);
#1279=CURVE_STYLE('',#326,POSITIVE_LENGTH_MEASURE(2.E-2),#296);
#1280=PRESENTATION_STYLE_ASSIGNMENT((#1279));
#1281=STYLED_ITEM('',(#1280),#1278);
#1282=DIRECTION('',(0.E0,1.E0,0.E0));
#1283=VECTOR('',#1282,6.399999999998E1);
#1284=CARTESIAN_POINT('',(3.5E1,-3.199999999999E1,4.8E1));
#1285=LINE('',#1284,#1283);
#1286=CURVE_STYLE('',#326,POSITIVE_LENGTH_MEASURE(2.E-2),#296);
#1287=PRESENTATION_STYLE_ASSIGNMENT((#1286));
#1288=STYLED_ITEM('',(#1287),#1285);
#1289=DIRECTION('',(0.E0,0.E0,-1.E0));
#1290=VECTOR('',#1289,4.6E1);
#1291=CARTESIAN_POINT('',(3.5E1,3.199999999999E1,4.8E1));
#1292=LINE('',#1291,#1290);
#1293=CURVE_STYLE('',#326,POSITIVE_LENGTH_MEASURE(2.E-2),#296);
#1294=PRESENTATION_STYLE_ASSIGNMENT((#1293));
#1295=STYLED_ITEM('',(#1294),#1292);
#1296=DIRECTION('',(0.E0,-1.E0,-3.691498870217E-11));
#1297=VECTOR('',#1296,1.700012271146E1);
#1298=CARTESIAN_POINT('',(3.5E1,3.199999999999E1,2.E0));
#1299=LINE('',#1298,#1297);
#1300=CURVE_STYLE('',#326,POSITIVE_LENGTH_MEASURE(2.E-2),#296);
#1301=PRESENTATION_STYLE_ASSIGNMENT((#1300));
#1302=STYLED_ITEM('',(#1301),#1299);
#1303=CARTESIAN_POINT('',(3.5E1,1.5E1,-2.E0));
#1304=DIRECTION('',(1.E0,0.E0,0.E0));
#1305=DIRECTION('',(0.E0,-3.067110712960E-5,9.999999995296E-1));
#1306=AXIS2_PLACEMENT_3D('',#1303,#1304,#1305);
#1308=CURVE_STYLE('',#326,POSITIVE_LENGTH_MEASURE(2.E-2),#296);
#1309=PRESENTATION_STYLE_ASSIGNMENT((#1308));
#1310=STYLED_ITEM('',(#1309),#1307);
#1311=DIRECTION('',(0.E0,-3.097693042255E-13,-1.E0));
#1312=VECTOR('',#1311,2.599999999993E1);
#1313=CARTESIAN_POINT('',(3.5E1,1.100000000001E1,-2.000000000073E0));
#1314=LINE('',#1313,#1312);
#1315=CURVE_STYLE('',#326,POSITIVE_LENGTH_MEASURE(2.E-2),#296);
#1316=PRESENTATION_STYLE_ASSIGNMENT((#1315));
#1317=STYLED_ITEM('',(#1316),#1314);
#1318=DIRECTION('',(0.E0,-1.E0,0.E0));
#1319=VECTOR('',#1318,2.2E1);
#1320=CARTESIAN_POINT('',(3.5E1,1.1E1,-2.8E1));
#1321=LINE('',#1320,#1319);
#1322=CURVE_STYLE('',#326,POSITIVE_LENGTH_MEASURE(2.E-2),#296);
#1323=PRESENTATION_STYLE_ASSIGNMENT((#1322));
#1324=STYLED_ITEM('',(#1323),#1321);
#1325=DIRECTION('',(0.E0,-2.173987485657E-13,1.E0));
#1326=VECTOR('',#1325,2.600000000121E1);
#1327=CARTESIAN_POINT('',(3.5E1,-1.1E1,-2.8E1));
#1328=LINE('',#1327,#1326);
#1329=CURVE_STYLE('',#326,POSITIVE_LENGTH_MEASURE(2.E-2),#296);
#1330=PRESENTATION_STYLE_ASSIGNMENT((#1329));
#1331=STYLED_ITEM('',(#1330),#1328);
#1332=CARTESIAN_POINT('',(2.7E1,-3.2E1,2.E0));
#1333=DIRECTION('',(0.E0,0.E0,-1.E0));
#1334=DIRECTION('',(1.E0,0.E0,0.E0));
#1335=AXIS2_PLACEMENT_3D('',#1332,#1333,#1334);
#1337=CURVE_STYLE('',#326,POSITIVE_LENGTH_MEASURE(2.E-2),#296);
#1338=PRESENTATION_STYLE_ASSIGNMENT((#1337));
#1339=STYLED_ITEM('',(#1338),#1336);
#1340=CARTESIAN_POINT('',(2.7E1,-3.2E1,4.8E1));
#1341=DIRECTION('',(0.E0,0.E0,1.E0));
#1342=DIRECTION('',(0.E0,-1.E0,0.E0));
#1343=AXIS2_PLACEMENT_3D('',#1340,#1341,#1342);
#1345=CURVE_STYLE('',#326,POSITIVE_LENGTH_MEASURE(2.E-2),#296);
#1346=PRESENTATION_STYLE_ASSIGNMENT((#1345));
#1347=STYLED_ITEM('',(#1346),#1344);
#1348=DIRECTION('',(-1.E0,0.E0,0.E0));
#1349=VECTOR('',#1348,5.399999999998E1);
#1350=CARTESIAN_POINT('',(2.699999999999E1,-4.E1,2.E0));
#1351=LINE('',#1350,#1349);
#1352=CURVE_STYLE('',#326,POSITIVE_LENGTH_MEASURE(2.E-2),#296);
#1353=PRESENTATION_STYLE_ASSIGNMENT((#1352));
#1354=STYLED_ITEM('',(#1353),#1351);
#1355=DIRECTION('',(0.E0,0.E0,-1.E0));
#1356=VECTOR('',#1355,4.6E1);
#1357=CARTESIAN_POINT('',(-2.699999999999E1,-4.E1,4.8E1));
#1358=LINE('',#1357,#1356);
#1359=CURVE_STYLE('',#326,POSITIVE_LENGTH_MEASURE(2.E-2),#296);
#1360=PRESENTATION_STYLE_ASSIGNMENT((#1359));
#1361=STYLED_ITEM('',(#1360),#1358);
#1362=DIRECTION('',(1.E0,0.E0,0.E0));
#1363=VECTOR('',#1362,5.399999999998E1);
#1364=CARTESIAN_POINT('',(-2.699999999999E1,-4.E1,4.8E1));
#1365=LINE('',#1364,#1363);
#1366=CURVE_STYLE('',#326,POSITIVE_LENGTH_MEASURE(2.E-2),#296);
#1367=PRESENTATION_STYLE_ASSIGNMENT((#1366));
#1368=STYLED_ITEM('',(#1367),#1365);
#1369=DIRECTION('',(0.E0,0.E0,-1.E0));
#1370=VECTOR('',#1369,4.6E1);
#1371=CARTESIAN_POINT('',(2.699999999999E1,-4.E1,4.8E1));
#1372=LINE('',#1371,#1370);
#1373=CURVE_STYLE('',#326,POSITIVE_LENGTH_MEASURE(2.E-2),#296);
#1374=PRESENTATION_STYLE_ASSIGNMENT((#1373));
#1375=STYLED_ITEM('',(#1374),#1372);
#1376=CARTESIAN_POINT('',(-2.7E1,-3.8E1,4.8E1));
#1377=DIRECTION('',(1.E0,0.E0,0.E0));
#1378=DIRECTION('',(0.E0,0.E0,1.E0));
#1379=AXIS2_PLACEMENT_3D('',#1376,#1377,#1378);
#1381=CURVE_STYLE('',#326,POSITIVE_LENGTH_MEASURE(2.E-2),#296);
#1382=PRESENTATION_STYLE_ASSIGNMENT((#1381));
#1383=STYLED_ITEM('',(#1382),#1380);
#1384=CARTESIAN_POINT('',(2.7E1,-3.8E1,4.8E1));
#1385=DIRECTION('',(1.E0,0.E0,0.E0));
#1386=DIRECTION('',(0.E0,0.E0,1.E0));
#1387=AXIS2_PLACEMENT_3D('',#1384,#1385,#1386);
#1389=CURVE_STYLE('',#326,POSITIVE_LENGTH_MEASURE(2.E-2),#296);
#1390=PRESENTATION_STYLE_ASSIGNMENT((#1389));
#1391=STYLED_ITEM('',(#1390),#1388);
#1392=CARTESIAN_POINT('',(3.3E1,-3.2E1,4.8E1));
#1393=DIRECTION('',(0.E0,1.E0,0.E0));
#1394=DIRECTION('',(0.E0,0.E0,1.E0));
#1395=AXIS2_PLACEMENT_3D('',#1392,#1393,#1394);
#1397=CURVE_STYLE('',#326,POSITIVE_LENGTH_MEASURE(2.E-2),#296);
#1398=PRESENTATION_STYLE_ASSIGNMENT((#1397));
#1399=STYLED_ITEM('',(#1398),#1396);
#1400=CARTESIAN_POINT('',(3.3E1,3.2E1,4.8E1));
#1401=DIRECTION('',(0.E0,1.E0,0.E0));
#1402=DIRECTION('',(0.E0,0.E0,1.E0));
#1403=AXIS2_PLACEMENT_3D('',#1400,#1401,#1402);
#1405=CURVE_STYLE('',#326,POSITIVE_LENGTH_MEASURE(2.E-2),#296);
#1406=PRESENTATION_STYLE_ASSIGNMENT((#1405));
#1407=STYLED_ITEM('',(#1406),#1404);
#1408=CARTESIAN_POINT('',(2.7E1,3.8E1,4.8E1));
#1409=DIRECTION('',(-1.E0,0.E0,0.E0));
#1410=DIRECTION('',(0.E0,0.E0,1.E0));
#1411=AXIS2_PLACEMENT_3D('',#1408,#1409,#1410);
#1413=CURVE_STYLE('',#326,POSITIVE_LENGTH_MEASURE(2.E-2),#296);
#1414=PRESENTATION_STYLE_ASSIGNMENT((#1413));
#1415=STYLED_ITEM('',(#1414),#1412);
#1416=DIRECTION('',(1.E0,0.E0,0.E0));
#1417=VECTOR('',#1416,5.399999999998E1);
#1418=CARTESIAN_POINT('',(-2.699999999999E1,4.E1,2.E0));
#1419=LINE('',#1418,#1417);
#1420=CURVE_STYLE('',#326,POSITIVE_LENGTH_MEASURE(2.E-2),#296);
#1421=PRESENTATION_STYLE_ASSIGNMENT((#1420));
#1422=STYLED_ITEM('',(#1421),#1419);
#1423=DIRECTION('',(0.E0,0.E0,-1.E0));
#1424=VECTOR('',#1423,4.6E1);
#1425=CARTESIAN_POINT('',(2.699999999999E1,4.E1,4.8E1));
#1426=LINE('',#1425,#1424);
#1427=CURVE_STYLE('',#326,POSITIVE_LENGTH_MEASURE(2.E-2),#296);
#1428=PRESENTATION_STYLE_ASSIGNMENT((#1427));
#1429=STYLED_ITEM('',(#1428),#1426);
#1430=DIRECTION('',(-1.E0,0.E0,0.E0));
#1431=VECTOR('',#1430,5.399999999998E1);
#1432=CARTESIAN_POINT('',(2.699999999999E1,4.E1,4.8E1));
#1433=LINE('',#1432,#1431);
#1434=CURVE_STYLE('',#326,POSITIVE_LENGTH_MEASURE(2.E-2),#296);
#1435=PRESENTATION_STYLE_ASSIGNMENT((#1434));
#1436=STYLED_ITEM('',(#1435),#1433);
#1437=DIRECTION('',(0.E0,0.E0,-1.E0));
#1438=VECTOR('',#1437,4.6E1);
#1439=CARTESIAN_POINT('',(-2.699999999999E1,4.E1,4.8E1));
#1440=LINE('',#1439,#1438);
#1441=CURVE_STYLE('',#326,POSITIVE_LENGTH_MEASURE(2.E-2),#296);
#1442=PRESENTATION_STYLE_ASSIGNMENT((#1441));
#1443=STYLED_ITEM('',(#1442),#1440);
#1444=CARTESIAN_POINT('',(2.7E1,3.2E1,2.E0));
#1445=DIRECTION('',(0.E0,0.E0,-1.E0));
#1446=DIRECTION('',(0.E0,1.E0,0.E0));
#1447=AXIS2_PLACEMENT_3D('',#1444,#1445,#1446);
#1449=CURVE_STYLE('',#326,POSITIVE_LENGTH_MEASURE(2.E-2),#296);
#1450=PRESENTATION_STYLE_ASSIGNMENT((#1449));
#1451=STYLED_ITEM('',(#1450),#1448);
#1452=CARTESIAN_POINT('',(2.7E1,3.2E1,4.8E1));
#1453=DIRECTION('',(0.E0,0.E0,1.E0));
#1454=DIRECTION('',(1.E0,0.E0,0.E0));
#1455=AXIS2_PLACEMENT_3D('',#1452,#1453,#1454);
#1457=CURVE_STYLE('',#326,POSITIVE_LENGTH_MEASURE(2.E-2),#296);
#1458=PRESENTATION_STYLE_ASSIGNMENT((#1457));
#1459=STYLED_ITEM('',(#1458),#1456);
#1460=CARTESIAN_POINT('',(3.3E1,1.1E1,-2.E0));
#1461=DIRECTION('',(0.E0,0.E0,-1.E0));
#1462=DIRECTION('',(0.E0,1.E0,0.E0));
#1463=AXIS2_PLACEMENT_3D('',#1460,#1461,#1462);
#1465=CURVE_STYLE('',#326,POSITIVE_LENGTH_MEASURE(2.E-2),#296);
#1466=PRESENTATION_STYLE_ASSIGNMENT((#1465));
#1467=STYLED_ITEM('',(#1466),#1464);
#1468=DIRECTION('',(-1.E0,0.E0,8.680552943119E-11));
#1469=VECTOR('',#1468,1.E1);
#1470=CARTESIAN_POINT('',(3.3E1,1.5E1,-8.680552943119E-10));
#1471=LINE('',#1470,#1469);
#1472=CURVE_STYLE('',#326,POSITIVE_LENGTH_MEASURE(2.E-2),#296);
#1473=PRESENTATION_STYLE_ASSIGNMENT((#1472));
#1474=STYLED_ITEM('',(#1473),#1471);
#1475=CARTESIAN_POINT('',(3.3E1,1.5E1,-2.E0));
#1476=DIRECTION('',(1.E0,0.E0,0.E0));
#1477=DIRECTION('',(0.E0,0.E0,1.E0));
#1478=AXIS2_PLACEMENT_3D('',#1475,#1476,#1477);
#1480=CURVE_STYLE('',#326,POSITIVE_LENGTH_MEASURE(2.E-2),#296);
#1481=PRESENTATION_STYLE_ASSIGNMENT((#1480));
#1482=STYLED_ITEM('',(#1481),#1479);
#1483=CARTESIAN_POINT('',(-3.3E1,1.5E1,2.E0));
#1484=DIRECTION('',(0.E0,1.E0,0.E0));
#1485=DIRECTION('',(0.E0,0.E0,-1.E0));
#1486=AXIS2_PLACEMENT_3D('',#1483,#1484,#1485);
#1488=CURVE_STYLE('',#326,POSITIVE_LENGTH_MEASURE(2.E-2),#296);
#1489=PRESENTATION_STYLE_ASSIGNMENT((#1488));
#1490=STYLED_ITEM('',(#1489),#1487);
#1491=CARTESIAN_POINT('',(-3.3E1,-1.1E1,-2.E0));
#1492=DIRECTION('',(0.E0,0.E0,-1.E0));
#1493=DIRECTION('',(0.E0,-1.E0,0.E0));
#1494=AXIS2_PLACEMENT_3D('',#1491,#1492,#1493);
#1496=CURVE_STYLE('',#326,POSITIVE_LENGTH_MEASURE(2.E-2),#296);
#1497=PRESENTATION_STYLE_ASSIGNMENT((#1496));
#1498=STYLED_ITEM('',(#1497),#1495);
#1499=CARTESIAN_POINT('',(2.7E1,3.8E1,0.E0));
#1500=CARTESIAN_POINT('',(3.3E1,3.2E1,0.E0));
#1501=VERTEX_POINT('',#1499);
#1502=VERTEX_POINT('',#1500);
#1503=CARTESIAN_POINT('',(2.7E1,4.E1,2.E0));
#1504=CARTESIAN_POINT('',(3.5E1,3.2E1,2.E0));
#1505=VERTEX_POINT('',#1503);
#1506=VERTEX_POINT('',#1504);
#1507=CARTESIAN_POINT('',(-2.7E1,3.8E1,0.E0));
#1508=VERTEX_POINT('',#1507);
#1509=CARTESIAN_POINT('',(-2.699999999999E1,4.E1,2.E0));
#1510=VERTEX_POINT('',#1509);
#1511=CARTESIAN_POINT('',(-3.3E1,3.2E1,0.E0));
#1512=VERTEX_POINT('',#1511);
#1513=CARTESIAN_POINT('',(-3.5E1,3.2E1,2.E0));
#1514=VERTEX_POINT('',#1513);
#1515=CARTESIAN_POINT('',(-2.7E1,-3.8E1,0.E0));
#1516=CARTESIAN_POINT('',(-3.3E1,-3.2E1,0.E0));
#1517=VERTEX_POINT('',#1515);
#1518=VERTEX_POINT('',#1516);
#1519=CARTESIAN_POINT('',(-2.7E1,-4.E1,2.E0));
#1520=CARTESIAN_POINT('',(-3.5E1,-3.2E1,2.E0));
#1521=VERTEX_POINT('',#1519);
#1522=VERTEX_POINT('',#1520);
#1523=CARTESIAN_POINT('',(2.7E1,-3.8E1,0.E0));
#1524=VERTEX_POINT('',#1523);
#1525=CARTESIAN_POINT('',(2.699999999999E1,-4.E1,2.E0));
#1526=VERTEX_POINT('',#1525);
#1527=CARTESIAN_POINT('',(3.3E1,-3.2E1,0.E0));
#1528=VERTEX_POINT('',#1527);
#1529=CARTESIAN_POINT('',(3.5E1,-3.2E1,2.E0));
#1530=VERTEX_POINT('',#1529);
#1531=CARTESIAN_POINT('',(-2.7E1,3.8E1,5.E1));
#1532=CARTESIAN_POINT('',(-3.3E1,3.2E1,5.E1));
#1533=VERTEX_POINT('',#1531);
#1534=VERTEX_POINT('',#1532);
#1535=CARTESIAN_POINT('',(-2.7E1,4.E1,4.8E1));
#1536=CARTESIAN_POINT('',(-3.5E1,3.2E1,4.8E1));
#1537=VERTEX_POINT('',#1535);
#1538=VERTEX_POINT('',#1536);
#1539=CARTESIAN_POINT('',(-3.3E1,-3.2E1,5.E1));
#1540=VERTEX_POINT('',#1539);
#1541=CARTESIAN_POINT('',(-3.5E1,-3.199999999999E1,4.8E1));
#1542=VERTEX_POINT('',#1541);
#1543=CARTESIAN_POINT('',(-2.7E1,-3.8E1,5.E1));
#1544=VERTEX_POINT('',#1543);
#1545=CARTESIAN_POINT('',(-2.7E1,-4.E1,4.8E1));
#1546=VERTEX_POINT('',#1545);
#1547=CARTESIAN_POINT('',(2.7E1,-3.8E1,5.E1));
#1548=VERTEX_POINT('',#1547);
#1549=CARTESIAN_POINT('',(2.699999999999E1,-4.E1,4.8E1));
#1550=VERTEX_POINT('',#1549);
#1551=CARTESIAN_POINT('',(3.3E1,-3.2E1,5.E1));
#1552=VERTEX_POINT('',#1551);
#1553=CARTESIAN_POINT('',(3.5E1,-3.2E1,4.8E1));
#1554=VERTEX_POINT('',#1553);
#1555=CARTESIAN_POINT('',(3.3E1,3.2E1,5.E1));
#1556=VERTEX_POINT('',#1555);
#1557=CARTESIAN_POINT('',(3.5E1,3.199999999999E1,4.8E1));
#1558=VERTEX_POINT('',#1557);
#1559=CARTESIAN_POINT('',(2.7E1,3.8E1,5.E1));
#1560=VERTEX_POINT('',#1559);
#1561=CARTESIAN_POINT('',(2.7E1,4.E1,4.8E1));
#1562=VERTEX_POINT('',#1561);
#1563=CARTESIAN_POINT('',(3.3E1,-1.3E1,-2.E0));
#1564=CARTESIAN_POINT('',(3.3E1,-1.5E1,0.E0));
#1565=VERTEX_POINT('',#1563);
#1566=VERTEX_POINT('',#1564);
#1567=CARTESIAN_POINT('',(3.5E1,-1.5E1,1.999999998264E0));
#1568=VERTEX_POINT('',#1567);
#1569=CARTESIAN_POINT('',(3.5E1,-1.100000000347E1,-2.E0));
#1570=VERTEX_POINT('',#1569);
#1571=CARTESIAN_POINT('',(3.3E1,-1.3E1,-2.799999999991E1));
#1572=VERTEX_POINT('',#1571);
#1573=CARTESIAN_POINT('',(3.5E1,-1.1E1,-2.8E1));
#1574=VERTEX_POINT('',#1573);
#1575=CARTESIAN_POINT('',(3.3E1,-1.1E1,-3.E1));
#1576=VERTEX_POINT('',#1575);
#1577=CARTESIAN_POINT('',(3.3E1,1.099999999992E1,-3.E1));
#1578=VERTEX_POINT('',#1577);
#1579=CARTESIAN_POINT('',(3.5E1,1.1E1,-2.8E1));
#1580=VERTEX_POINT('',#1579);
#1581=CARTESIAN_POINT('',(3.3E1,1.3E1,-2.8E1));
#1582=VERTEX_POINT('',#1581);
#1583=CARTESIAN_POINT('',(3.3E1,1.300000000087E1,-2.000000000040E0));
#1584=VERTEX_POINT('',#1583);
#1585=CARTESIAN_POINT('',(3.5E1,1.100000000001E1,-2.000000000073E0));
#1586=VERTEX_POINT('',#1585);
#1587=CARTESIAN_POINT('',(3.5E1,1.499987731557E1,1.999999994646E0));
#1588=VERTEX_POINT('',#1587);
#1589=CARTESIAN_POINT('',(3.3E1,1.499998262979E1,0.E0));
#1590=VERTEX_POINT('',#1589);
#1591=CARTESIAN_POINT('',(-3.3E1,1.3E1,-2.E0));
#1592=CARTESIAN_POINT('',(-3.3E1,1.5E1,0.E0));
#1593=VERTEX_POINT('',#1591);
#1594=VERTEX_POINT('',#1592);
#1595=CARTESIAN_POINT('',(-3.5E1,1.5E1,1.999999998264E0));
#1596=VERTEX_POINT('',#1595);
#1597=CARTESIAN_POINT('',(-3.5E1,1.100000000347E1,-2.E0));
#1598=VERTEX_POINT('',#1597);
#1599=CARTESIAN_POINT('',(-3.3E1,1.3E1,-2.799999999991E1));
#1600=VERTEX_POINT('',#1599);
#1601=CARTESIAN_POINT('',(-3.5E1,1.1E1,-2.8E1));
#1602=VERTEX_POINT('',#1601);
#1603=CARTESIAN_POINT('',(-3.3E1,1.1E1,-3.E1));
#1604=VERTEX_POINT('',#1603);
#1605=CARTESIAN_POINT('',(-3.3E1,-1.099999999992E1,-3.E1));
#1606=VERTEX_POINT('',#1605);
#1607=CARTESIAN_POINT('',(-3.5E1,-1.1E1,-2.8E1));
#1608=VERTEX_POINT('',#1607);
#1609=CARTESIAN_POINT('',(-3.3E1,-1.3E1,-2.8E1));
#1610=VERTEX_POINT('',#1609);
#1611=CARTESIAN_POINT('',(-3.3E1,-1.300000000087E1,-2.000000000040E0));
#1612=VERTEX_POINT('',#1611);
#1613=CARTESIAN_POINT('',(-3.5E1,-1.100000000001E1,-2.000000000073E0));
#1614=VERTEX_POINT('',#1613);
#1615=CARTESIAN_POINT('',(-3.5E1,-1.5E1,1.999999996528E0));
#1616=VERTEX_POINT('',#1615);
#1617=CARTESIAN_POINT('',(-3.3E1,-1.5E1,0.E0));
#1618=VERTEX_POINT('',#1617);
#1619=CARTESIAN_POINT('',(2.5E1,1.3E1,-2.E0));
#1620=CARTESIAN_POINT('',(2.5E1,-1.3E1,-2.E0));
#1621=VERTEX_POINT('',#1619);
#1622=VERTEX_POINT('',#1620);
#1623=CARTESIAN_POINT('',(2.3E1,1.5E1,0.E0));
#1624=CARTESIAN_POINT('',(2.3E1,-1.5E1,0.E0));
#1625=VERTEX_POINT('',#1623);
#1626=VERTEX_POINT('',#1624);
#1627=CARTESIAN_POINT('',(-2.5E1,-1.3E1,-2.E0));
#1628=CARTESIAN_POINT('',(-2.5E1,1.3E1,-2.E0));
#1629=VERTEX_POINT('',#1627);
#1630=VERTEX_POINT('',#1628);
#1631=CARTESIAN_POINT('',(-2.3E1,-1.5E1,0.E0));
#1632=CARTESIAN_POINT('',(-2.3E1,1.5E1,0.E0));
#1633=VERTEX_POINT('',#1631);
#1634=VERTEX_POINT('',#1632);
#1635=CARTESIAN_POINT('',(-2.3E1,1.1E1,-2.E1));
#1636=CARTESIAN_POINT('',(-2.3E1,1.3E1,-2.2E1));
#1637=VERTEX_POINT('',#1635);
#1638=VERTEX_POINT('',#1636);
#1639=CARTESIAN_POINT('',(-2.5E1,1.1E1,-1.800000000347E1));
#1640=CARTESIAN_POINT('',(-2.5E1,1.299999999826E1,-1.853589838787E1));
#1641=VERTEX_POINT('',#1639);
#1642=VERTEX_POINT('',#1640);
#1643=CARTESIAN_POINT('',(-2.3E1,-1.099999999996E1,-2.000000000087E1));
#1644=VERTEX_POINT('',#1643);
#1645=CARTESIAN_POINT('',(-2.5E1,-1.099999999993E1,-1.800000000001E1));
#1646=VERTEX_POINT('',#1645);
#1647=CARTESIAN_POINT('',(-2.5E1,-1.299999999826E1,-1.853589838787E1));
#1648=VERTEX_POINT('',#1647);
#1649=CARTESIAN_POINT('',(-2.3E1,-1.3E1,-2.2E1));
#1650=VERTEX_POINT('',#1649);
#1651=CARTESIAN_POINT('',(2.3E1,-1.1E1,-2.E1));
#1652=CARTESIAN_POINT('',(2.3E1,-1.3E1,-2.2E1));
#1653=VERTEX_POINT('',#1651);
#1654=VERTEX_POINT('',#1652);
#1655=CARTESIAN_POINT('',(2.5E1,-1.1E1,-1.800000000347E1));
#1656=CARTESIAN_POINT('',(2.5E1,-1.299999999826E1,-1.853589838787E1));
#1657=VERTEX_POINT('',#1655);
#1658=VERTEX_POINT('',#1656);
#1659=CARTESIAN_POINT('',(2.3E1,1.099999999996E1,-2.000000000087E1));
#1660=VERTEX_POINT('',#1659);
#1661=CARTESIAN_POINT('',(2.5E1,1.099999999993E1,-1.800000000001E1));
#1662=VERTEX_POINT('',#1661);
#1663=CARTESIAN_POINT('',(2.5E1,1.299999999826E1,-1.853589838787E1));
#1664=VERTEX_POINT('',#1663);
#1665=CARTESIAN_POINT('',(2.3E1,1.3E1,-2.2E1));
#1666=VERTEX_POINT('',#1665);
#1667=CARTESIAN_POINT('',(0.E0,0.E0,0.E0));
#1668=DIRECTION('',(0.E0,0.E0,1.E0));
#1669=DIRECTION('',(1.E0,0.E0,0.E0));
#1670=AXIS2_PLACEMENT_3D('',#1667,#1668,#1669);
#1671=PLANE('',#1670);
#1673=ORIENTED_EDGE('',*,*,#1672,.F.);
#1675=ORIENTED_EDGE('',*,*,#1674,.F.);
#1677=ORIENTED_EDGE('',*,*,#1676,.F.);
#1679=ORIENTED_EDGE('',*,*,#1678,.F.);
#1681=ORIENTED_EDGE('',*,*,#1680,.F.);
#1683=ORIENTED_EDGE('',*,*,#1682,.F.);
#1685=ORIENTED_EDGE('',*,*,#1684,.F.);
#1687=ORIENTED_EDGE('',*,*,#1686,.F.);
#1689=ORIENTED_EDGE('',*,*,#1688,.F.);
#1691=ORIENTED_EDGE('',*,*,#1690,.F.);
#1693=ORIENTED_EDGE('',*,*,#1692,.F.);
#1695=ORIENTED_EDGE('',*,*,#1694,.F.);
#1697=ORIENTED_EDGE('',*,*,#1696,.F.);
#1699=ORIENTED_EDGE('',*,*,#1698,.F.);
#1701=ORIENTED_EDGE('',*,*,#1700,.F.);
#1703=ORIENTED_EDGE('',*,*,#1702,.F.);
#1704=EDGE_LOOP('',(#1673,#1675,#1677,#1679,#1681,#1683,#1685,#1687,#1689,#1691,
#1693,#1695,#1697,#1699,#1701,#1703));
#1705=FACE_OUTER_BOUND('',#1704,.F.);
#1706=ADVANCED_FACE('',(#1705),#1671,.F.);
#1707=CARTESIAN_POINT('',(2.3E1,1.44288E2,-2.E0));
#1708=DIRECTION('',(0.E0,-1.E0,0.E0));
#1709=DIRECTION('',(1.E0,0.E0,0.E0));
#1710=AXIS2_PLACEMENT_3D('',#1707,#1708,#1709);
#1711=CYLINDRICAL_SURFACE('',#1710,2.E0);
#1713=ORIENTED_EDGE('',*,*,#1712,.F.);
#1715=ORIENTED_EDGE('',*,*,#1714,.T.);
#1716=ORIENTED_EDGE('',*,*,#1672,.T.);
#1718=ORIENTED_EDGE('',*,*,#1717,.T.);
#1719=EDGE_LOOP('',(#1713,#1715,#1716,#1718));
#1720=FACE_OUTER_BOUND('',#1719,.F.);
#1721=ADVANCED_FACE('',(#1720),#1711,.F.);
#1722=CARTESIAN_POINT('',(2.5E1,-1.3E1,-2.E1));
#1723=DIRECTION('',(-1.E0,0.E0,0.E0));
#1724=DIRECTION('',(0.E0,0.E0,1.E0));
#1725=AXIS2_PLACEMENT_3D('',#1722,#1723,#1724);
#1726=PLANE('',#1725);
#1727=ORIENTED_EDGE('',*,*,#1712,.T.);
#1729=ORIENTED_EDGE('',*,*,#1728,.T.);
#1731=ORIENTED_EDGE('',*,*,#1730,.F.);
#1733=ORIENTED_EDGE('',*,*,#1732,.F.);
#1735=ORIENTED_EDGE('',*,*,#1734,.F.);
#1737=ORIENTED_EDGE('',*,*,#1736,.T.);
#1738=EDGE_LOOP('',(#1727,#1729,#1731,#1733,#1735,#1737));
#1739=FACE_OUTER_BOUND('',#1738,.F.);
#1740=ADVANCED_FACE('',(#1739),#1726,.T.);
#1741=CARTESIAN_POINT('',(0.E0,-1.3E1,0.E0));
#1742=DIRECTION('',(0.E0,1.E0,0.E0));
#1743=DIRECTION('',(0.E0,0.E0,1.E0));
#1744=AXIS2_PLACEMENT_3D('',#1741,#1742,#1743);
#1745=PLANE('',#1744);
#1747=ORIENTED_EDGE('',*,*,#1746,.F.);
#1749=ORIENTED_EDGE('',*,*,#1748,.F.);
#1750=ORIENTED_EDGE('',*,*,#1728,.F.);
#1752=ORIENTED_EDGE('',*,*,#1751,.F.);
#1754=ORIENTED_EDGE('',*,*,#1753,.F.);
#1756=ORIENTED_EDGE('',*,*,#1755,.F.);
#1758=ORIENTED_EDGE('',*,*,#1757,.F.);
#1760=ORIENTED_EDGE('',*,*,#1759,.F.);
#1762=ORIENTED_EDGE('',*,*,#1761,.F.);
#1764=ORIENTED_EDGE('',*,*,#1763,.F.);
#1765=EDGE_LOOP('',(#1747,#1749,#1750,#1752,#1754,#1756,#1758,#1760,#1762,
#1764));
#1766=FACE_OUTER_BOUND('',#1765,.F.);
#1767=ADVANCED_FACE('',(#1766),#1745,.F.);
#1768=CARTESIAN_POINT('',(1.288592E2,-1.1E1,-2.2E1));
#1769=DIRECTION('',(-1.E0,0.E0,0.E0));
#1770=DIRECTION('',(0.E0,-1.E0,0.E0));
#1771=AXIS2_PLACEMENT_3D('',#1768,#1769,#1770);
#1772=CYLINDRICAL_SURFACE('',#1771,2.E0);
#1774=ORIENTED_EDGE('',*,*,#1773,.T.);
#1776=ORIENTED_EDGE('',*,*,#1775,.F.);
#1778=ORIENTED_EDGE('',*,*,#1777,.T.);
#1779=ORIENTED_EDGE('',*,*,#1746,.T.);
#1780=EDGE_LOOP('',(#1774,#1776,#1778,#1779));
#1781=FACE_OUTER_BOUND('',#1780,.F.);
#1782=ADVANCED_FACE('',(#1781),#1772,.T.);
#1783=CARTESIAN_POINT('',(-2.3E1,-1.1E1,-2.2E1));
#1784=DIRECTION('',(-1.E0,0.E0,0.E0));
#1785=DIRECTION('',(0.E0,3.699622188348E-2,9.993154054483E-1));
#1786=AXIS2_PLACEMENT_3D('',#1783,#1784,#1785);
#1787=TOROIDAL_SURFACE('',#1786,3.999999996528E0,2.E0);
#1789=ORIENTED_EDGE('',*,*,#1788,.T.);
#1791=ORIENTED_EDGE('',*,*,#1790,.F.);
#1792=ORIENTED_EDGE('',*,*,#1773,.F.);
#1793=ORIENTED_EDGE('',*,*,#1763,.T.);
#1794=EDGE_LOOP('',(#1789,#1791,#1792,#1793));
#1795=FACE_OUTER_BOUND('',#1794,.F.);
#1796=ADVANCED_FACE('',(#1795),#1787,.F.);
#1797=CARTESIAN_POINT('',(-2.5E1,-1.3E1,0.E0));
#1798=DIRECTION('',(1.E0,0.E0,0.E0));
#1799=DIRECTION('',(0.E0,0.E0,-1.E0));
#1800=AXIS2_PLACEMENT_3D('',#1797,#1798,#1799);
#1801=PLANE('',#1800);
#1803=ORIENTED_EDGE('',*,*,#1802,.T.);
#1805=ORIENTED_EDGE('',*,*,#1804,.T.);
#1807=ORIENTED_EDGE('',*,*,#1806,.F.);
#1809=ORIENTED_EDGE('',*,*,#1808,.F.);
#1810=ORIENTED_EDGE('',*,*,#1788,.F.);
#1811=ORIENTED_EDGE('',*,*,#1761,.T.);
#1812=EDGE_LOOP('',(#1803,#1805,#1807,#1809,#1810,#1811));
#1813=FACE_OUTER_BOUND('',#1812,.F.);
#1814=ADVANCED_FACE('',(#1813),#1801,.T.);
#1815=CARTESIAN_POINT('',(-2.3E1,-1.44288E2,-2.E0));
#1816=DIRECTION('',(0.E0,1.E0,0.E0));
#1817=DIRECTION('',(-1.E0,0.E0,0.E0));
#1818=AXIS2_PLACEMENT_3D('',#1815,#1816,#1817);
#1819=CYLINDRICAL_SURFACE('',#1818,2.E0);
#1820=ORIENTED_EDGE('',*,*,#1802,.F.);
#1822=ORIENTED_EDGE('',*,*,#1821,.T.);
#1823=ORIENTED_EDGE('',*,*,#1688,.T.);
#1825=ORIENTED_EDGE('',*,*,#1824,.T.);
#1826=EDGE_LOOP('',(#1820,#1822,#1823,#1825));
#1827=FACE_OUTER_BOUND('',#1826,.F.);
#1828=ADVANCED_FACE('',(#1827),#1819,.F.);
#1829=CARTESIAN_POINT('',(1.26252E2,-1.5E1,-2.E0));
#1830=DIRECTION('',(-1.E0,0.E0,0.E0));
#1831=DIRECTION('',(0.E0,0.E0,1.E0));
#1832=AXIS2_PLACEMENT_3D('',#1829,#1830,#1831);
#1833=CYLINDRICAL_SURFACE('',#1832,2.E0);
#1834=ORIENTED_EDGE('',*,*,#1690,.T.);
#1835=ORIENTED_EDGE('',*,*,#1821,.F.);
#1836=ORIENTED_EDGE('',*,*,#1759,.T.);
#1838=ORIENTED_EDGE('',*,*,#1837,.F.);
#1839=EDGE_LOOP('',(#1834,#1835,#1836,#1838));
#1840=FACE_OUTER_BOUND('',#1839,.F.);
#1841=ADVANCED_FACE('',(#1840),#1833,.F.);
#1842=CARTESIAN_POINT('',(-3.3E1,-1.5E1,-2.E0));
#1843=DIRECTION('',(-1.E0,0.E0,0.E0));
#1844=DIRECTION('',(0.E0,9.993154054483E-1,-3.699622188348E-2));
#1845=AXIS2_PLACEMENT_3D('',#1842,#1843,#1844);
#1846=TOROIDAL_SURFACE('',#1845,3.999999996528E0,2.E0);
#1848=ORIENTED_EDGE('',*,*,#1847,.F.);
#1850=ORIENTED_EDGE('',*,*,#1849,.T.);
#1851=ORIENTED_EDGE('',*,*,#1837,.T.);
#1853=ORIENTED_EDGE('',*,*,#1852,.T.);
#1854=EDGE_LOOP('',(#1848,#1850,#1851,#1853));
#1855=FACE_OUTER_BOUND('',#1854,.F.);
#1856=ADVANCED_FACE('',(#1855),#1846,.T.);
#1857=CARTESIAN_POINT('',(-3.5E1,4.E1,0.E0));
#1858=DIRECTION('',(-1.E0,0.E0,0.E0));
#1859=DIRECTION('',(0.E0,-1.E0,0.E0));
#1860=AXIS2_PLACEMENT_3D('',#1857,#1858,#1859);
#1861=PLANE('',#1860);
#1863=ORIENTED_EDGE('',*,*,#1862,.T.);
#1865=ORIENTED_EDGE('',*,*,#1864,.T.);
#1867=ORIENTED_EDGE('',*,*,#1866,.F.);
#1869=ORIENTED_EDGE('',*,*,#1868,.T.);
#1871=ORIENTED_EDGE('',*,*,#1870,.T.);
#1873=ORIENTED_EDGE('',*,*,#1872,.T.);
#1874=ORIENTED_EDGE('',*,*,#1847,.T.);
#1876=ORIENTED_EDGE('',*,*,#1875,.T.);
#1878=ORIENTED_EDGE('',*,*,#1877,.T.);
#1880=ORIENTED_EDGE('',*,*,#1879,.T.);
#1881=EDGE_LOOP('',(#1863,#1865,#1867,#1869,#1871,#1873,#1874,#1876,#1878,
#1880));
#1882=FACE_OUTER_BOUND('',#1881,.F.);
#1883=ADVANCED_FACE('',(#1882),#1861,.T.);
#1884=CARTESIAN_POINT('',(-3.3E1,1.5E1,-2.E0));
#1885=DIRECTION('',(1.E0,0.E0,0.E0));
#1886=DIRECTION('',(0.E0,-9.993154054483E-1,-3.699622188348E-2));
#1887=AXIS2_PLACEMENT_3D('',#1884,#1885,#1886);
#1888=TOROIDAL_SURFACE('',#1887,3.999999996528E0,2.E0);
#1890=ORIENTED_EDGE('',*,*,#1889,.T.);
#1892=ORIENTED_EDGE('',*,*,#1891,.T.);
#1893=ORIENTED_EDGE('',*,*,#1862,.F.);
#1895=ORIENTED_EDGE('',*,*,#1894,.F.);
#1896=EDGE_LOOP('',(#1890,#1892,#1893,#1895));
#1897=FACE_OUTER_BOUND('',#1896,.F.);
#1898=ADVANCED_FACE('',(#1897),#1888,.T.);
#1899=CARTESIAN_POINT('',(-1.26252E2,1.5E1,-2.E0));
#1900=DIRECTION('',(1.E0,0.E0,0.E0));
#1901=DIRECTION('',(0.E0,0.E0,1.E0));
#1902=AXIS2_PLACEMENT_3D('',#1899,#1900,#1901);
#1903=CYLINDRICAL_SURFACE('',#1902,2.E0);
#1905=ORIENTED_EDGE('',*,*,#1904,.T.);
#1906=ORIENTED_EDGE('',*,*,#1824,.F.);
#1907=ORIENTED_EDGE('',*,*,#1686,.T.);
#1908=ORIENTED_EDGE('',*,*,#1889,.F.);
#1909=EDGE_LOOP('',(#1905,#1906,#1907,#1908));
#1910=FACE_OUTER_BOUND('',#1909,.F.);
#1911=ADVANCED_FACE('',(#1910),#1903,.F.);
#1912=CARTESIAN_POINT('',(0.E0,1.3E1,0.E0));
#1913=DIRECTION('',(0.E0,1.E0,0.E0));
#1914=DIRECTION('',(0.E0,0.E0,1.E0));
#1915=AXIS2_PLACEMENT_3D('',#1912,#1913,#1914);
#1916=PLANE('',#1915);
#1917=ORIENTED_EDGE('',*,*,#1736,.F.);
#1919=ORIENTED_EDGE('',*,*,#1918,.F.);
#1921=ORIENTED_EDGE('',*,*,#1920,.F.);
#1923=ORIENTED_EDGE('',*,*,#1922,.F.);
#1924=ORIENTED_EDGE('',*,*,#1804,.F.);
#1925=ORIENTED_EDGE('',*,*,#1904,.F.);
#1927=ORIENTED_EDGE('',*,*,#1926,.F.);
#1929=ORIENTED_EDGE('',*,*,#1928,.F.);
#1931=ORIENTED_EDGE('',*,*,#1930,.F.);
#1933=ORIENTED_EDGE('',*,*,#1932,.F.);
#1934=EDGE_LOOP('',(#1917,#1919,#1921,#1923,#1924,#1925,#1927,#1929,#1931,
#1933));
#1935=FACE_OUTER_BOUND('',#1934,.F.);
#1936=ADVANCED_FACE('',(#1935),#1916,.T.);
#1937=CARTESIAN_POINT('',(2.3E1,1.1E1,-2.2E1));
#1938=DIRECTION('',(1.E0,0.E0,0.E0));
#1939=DIRECTION('',(0.E0,-3.699622188348E-2,9.993154054483E-1));
#1940=AXIS2_PLACEMENT_3D('',#1937,#1938,#1939);
#1941=TOROIDAL_SURFACE('',#1940,3.999999996528E0,2.E0);
#1942=ORIENTED_EDGE('',*,*,#1734,.T.);
#1944=ORIENTED_EDGE('',*,*,#1943,.F.);
#1946=ORIENTED_EDGE('',*,*,#1945,.F.);
#1947=ORIENTED_EDGE('',*,*,#1918,.T.);
#1948=EDGE_LOOP('',(#1942,#1944,#1946,#1947));
#1949=FACE_OUTER_BOUND('',#1948,.F.);
#1950=ADVANCED_FACE('',(#1949),#1941,.F.);
#1951=CARTESIAN_POINT('',(2.3E1,1.107824E1,-1.8E1));
#1952=DIRECTION('',(0.E0,-1.E0,0.E0));
#1953=DIRECTION('',(0.E0,0.E0,-1.E0));
#1954=AXIS2_PLACEMENT_3D('',#1951,#1952,#1953);
#1955=CYLINDRICAL_SURFACE('',#1954,2.E0);
#1957=ORIENTED_EDGE('',*,*,#1956,.F.);
#1958=ORIENTED_EDGE('',*,*,#1943,.T.);
#1959=ORIENTED_EDGE('',*,*,#1732,.T.);
#1961=ORIENTED_EDGE('',*,*,#1960,.F.);
#1962=EDGE_LOOP('',(#1957,#1958,#1959,#1961));
#1963=FACE_OUTER_BOUND('',#1962,.F.);
#1964=ADVANCED_FACE('',(#1963),#1955,.F.);
#1965=CARTESIAN_POINT('',(-2.5E1,-1.3E1,-2.E1));
#1966=DIRECTION('',(0.E0,0.E0,1.E0));
#1967=DIRECTION('',(1.E0,0.E0,0.E0));
#1968=AXIS2_PLACEMENT_3D('',#1965,#1966,#1967);
#1969=PLANE('',#1968);
#1971=ORIENTED_EDGE('',*,*,#1970,.T.);
#1973=ORIENTED_EDGE('',*,*,#1972,.T.);
#1974=ORIENTED_EDGE('',*,*,#1956,.T.);
#1975=ORIENTED_EDGE('',*,*,#1775,.T.);
#1976=EDGE_LOOP('',(#1971,#1973,#1974,#1975));
#1977=FACE_OUTER_BOUND('',#1976,.F.);
#1978=ADVANCED_FACE('',(#1977),#1969,.T.);
#1979=CARTESIAN_POINT('',(-2.3E1,-1.1075402E1,-1.8E1));
#1980=DIRECTION('',(0.E0,1.E0,0.E0));
#1981=DIRECTION('',(0.E0,0.E0,-1.E0));
#1982=AXIS2_PLACEMENT_3D('',#1979,#1980,#1981);
#1983=CYLINDRICAL_SURFACE('',#1982,2.E0);
#1984=ORIENTED_EDGE('',*,*,#1970,.F.);
#1985=ORIENTED_EDGE('',*,*,#1790,.T.);
#1986=ORIENTED_EDGE('',*,*,#1808,.T.);
#1988=ORIENTED_EDGE('',*,*,#1987,.F.);
#1989=EDGE_LOOP('',(#1984,#1985,#1986,#1988));
#1990=FACE_OUTER_BOUND('',#1989,.F.);
#1991=ADVANCED_FACE('',(#1990),#1983,.F.);
#1992=CARTESIAN_POINT('',(-2.3E1,1.1E1,-2.2E1));
#1993=DIRECTION('',(1.E0,0.E0,0.E0));
#1994=DIRECTION('',(0.E0,-3.699622188348E-2,9.993154054483E-1));
#1995=AXIS2_PLACEMENT_3D('',#1992,#1993,#1994);
#1996=TOROIDAL_SURFACE('',#1995,3.999999996528E0,2.E0);
#1998=ORIENTED_EDGE('',*,*,#1997,.F.);
#1999=ORIENTED_EDGE('',*,*,#1987,.T.);
#2000=ORIENTED_EDGE('',*,*,#1806,.T.);
#2001=ORIENTED_EDGE('',*,*,#1922,.T.);
#2002=EDGE_LOOP('',(#1998,#1999,#2000,#2001));
#2003=FACE_OUTER_BOUND('',#2002,.F.);
#2004=ADVANCED_FACE('',(#2003),#1996,.F.);
#2005=CARTESIAN_POINT('',(-1.308592E2,1.1E1,-2.2E1));
#2006=DIRECTION('',(1.E0,0.E0,0.E0));
#2007=DIRECTION('',(0.E0,1.E0,0.E0));
#2008=AXIS2_PLACEMENT_3D('',#2005,#2006,#2007);
#2009=CYLINDRICAL_SURFACE('',#2008,2.E0);
#2010=ORIENTED_EDGE('',*,*,#1997,.T.);
#2011=ORIENTED_EDGE('',*,*,#1920,.T.);
#2012=ORIENTED_EDGE('',*,*,#1945,.T.);
#2013=ORIENTED_EDGE('',*,*,#1972,.F.);
#2014=EDGE_LOOP('',(#2010,#2011,#2012,#2013));
#2015=FACE_OUTER_BOUND('',#2014,.F.);
#2016=ADVANCED_FACE('',(#2015),#2009,.T.);
#2017=CARTESIAN_POINT('',(2.3E1,-1.1E1,-2.2E1));
#2018=DIRECTION('',(-1.E0,0.E0,0.E0));
#2019=DIRECTION('',(0.E0,3.699622188348E-2,9.993154054483E-1));
#2020=AXIS2_PLACEMENT_3D('',#2017,#2018,#2019);
#2021=TOROIDAL_SURFACE('',#2020,3.999999996528E0,2.E0);
#2022=ORIENTED_EDGE('',*,*,#1777,.F.);
#2023=ORIENTED_EDGE('',*,*,#1960,.T.);
#2024=ORIENTED_EDGE('',*,*,#1730,.T.);
#2025=ORIENTED_EDGE('',*,*,#1748,.T.);
#2026=EDGE_LOOP('',(#2022,#2023,#2024,#2025));
#2027=FACE_OUTER_BOUND('',#2026,.F.);
#2028=ADVANCED_FACE('',(#2027),#2021,.F.);
#2029=CARTESIAN_POINT('',(-3.3E1,1.1E1,-2.8080592E1));
#2030=DIRECTION('',(0.E0,0.E0,1.E0));
#2031=DIRECTION('',(0.E0,1.E0,0.E0));
#2032=AXIS2_PLACEMENT_3D('',#2029,#2030,#2031);
#2033=CYLINDRICAL_SURFACE('',#2032,2.E0);
#2034=ORIENTED_EDGE('',*,*,#1926,.T.);
#2035=ORIENTED_EDGE('',*,*,#1894,.T.);
#2036=ORIENTED_EDGE('',*,*,#1879,.F.);
#2038=ORIENTED_EDGE('',*,*,#2037,.F.);
#2039=EDGE_LOOP('',(#2034,#2035,#2036,#2038));
#2040=FACE_OUTER_BOUND('',#2039,.F.);
#2041=ADVANCED_FACE('',(#2040),#2033,.T.);
#2042=CARTESIAN_POINT('',(-3.3E1,1.1E1,-2.8E1));
#2043=DIRECTION('',(0.E0,-7.071067811771E-1,-7.071067811960E-1));
#2044=DIRECTION('',(0.E0,7.071067811960E-1,-7.071067811771E-1));
#2045=AXIS2_PLACEMENT_3D('',#2042,#2043,#2044);
#2046=SPHERICAL_SURFACE('',#2045,2.E0);
#2048=ORIENTED_EDGE('',*,*,#2047,.T.);
#2049=ORIENTED_EDGE('',*,*,#2037,.T.);
#2051=ORIENTED_EDGE('',*,*,#2050,.F.);
#2052=EDGE_LOOP('',(#2048,#2049,#2051));
#2053=FACE_OUTER_BOUND('',#2052,.F.);
#2054=ADVANCED_FACE('',(#2053),#2046,.T.);
#2055=CARTESIAN_POINT('',(1.288592E2,1.1E1,-2.8E1));
#2056=DIRECTION('',(-1.E0,0.E0,0.E0));
#2057=DIRECTION('',(0.E0,1.E0,0.E0));
#2058=AXIS2_PLACEMENT_3D('',#2055,#2056,#2057);
#2059=CYLINDRICAL_SURFACE('',#2058,2.E0);
#2061=ORIENTED_EDGE('',*,*,#2060,.F.);
#2062=ORIENTED_EDGE('',*,*,#1928,.T.);
#2063=ORIENTED_EDGE('',*,*,#2047,.F.);
#2065=ORIENTED_EDGE('',*,*,#2064,.F.);
#2066=EDGE_LOOP('',(#2061,#2062,#2063,#2065));
#2067=FACE_OUTER_BOUND('',#2066,.F.);
#2068=ADVANCED_FACE('',(#2067),#2059,.T.);
#2069=CARTESIAN_POINT('',(3.3E1,1.1E1,-2.8E1));
#2070=DIRECTION('',(0.E0,7.071067811771E-1,7.071067811960E-1));
#2071=DIRECTION('',(0.E0,7.071067811960E-1,-7.071067811771E-1));
#2072=AXIS2_PLACEMENT_3D('',#2069,#2070,#2071);
#2073=SPHERICAL_SURFACE('',#2072,2.E0);
#2074=ORIENTED_EDGE('',*,*,#2060,.T.);
#2076=ORIENTED_EDGE('',*,*,#2075,.T.);
#2078=ORIENTED_EDGE('',*,*,#2077,.F.);
#2079=EDGE_LOOP('',(#2074,#2076,#2078));
#2080=FACE_OUTER_BOUND('',#2079,.F.);
#2081=ADVANCED_FACE('',(#2080),#2073,.T.);
#2082=CARTESIAN_POINT('',(3.3E1,1.107824E1,-2.8E1));
#2083=DIRECTION('',(0.E0,-1.E0,0.E0));
#2084=DIRECTION('',(0.E0,0.E0,-1.E0));
#2085=AXIS2_PLACEMENT_3D('',#2082,#2083,#2084);
#2086=CYLINDRICAL_SURFACE('',#2085,2.E0);
#2088=ORIENTED_EDGE('',*,*,#2087,.T.);
#2090=ORIENTED_EDGE('',*,*,#2089,.T.);
#2092=ORIENTED_EDGE('',*,*,#2091,.F.);
#2093=ORIENTED_EDGE('',*,*,#2075,.F.);
#2094=EDGE_LOOP('',(#2088,#2090,#2092,#2093));
#2095=FACE_OUTER_BOUND('',#2094,.F.);
#2096=ADVANCED_FACE('',(#2095),#2086,.T.);
#2097=CARTESIAN_POINT('',(3.5E1,-1.3E1,-3.E1));
#2098=DIRECTION('',(0.E0,0.E0,-1.E0));
#2099=DIRECTION('',(-1.E0,0.E0,0.E0));
#2100=AXIS2_PLACEMENT_3D('',#2097,#2098,#2099);
#2101=PLANE('',#2100);
#2102=ORIENTED_EDGE('',*,*,#2087,.F.);
#2103=ORIENTED_EDGE('',*,*,#2064,.T.);
#2105=ORIENTED_EDGE('',*,*,#2104,.F.);
#2107=ORIENTED_EDGE('',*,*,#2106,.T.);
#2108=EDGE_LOOP('',(#2102,#2103,#2105,#2107));
#2109=FACE_OUTER_BOUND('',#2108,.F.);
#2110=ADVANCED_FACE('',(#2109),#2101,.T.);
#2111=CARTESIAN_POINT('',(-3.3E1,-1.1075402E1,-2.8E1));
#2112=DIRECTION('',(0.E0,1.E0,0.E0));
#2113=DIRECTION('',(0.E0,0.E0,-1.E0));
#2114=AXIS2_PLACEMENT_3D('',#2111,#2112,#2113);
#2115=CYLINDRICAL_SURFACE('',#2114,2.E0);
#2116=ORIENTED_EDGE('',*,*,#2104,.T.);
#2117=ORIENTED_EDGE('',*,*,#2050,.T.);
#2118=ORIENTED_EDGE('',*,*,#1877,.F.);
#2120=ORIENTED_EDGE('',*,*,#2119,.F.);
#2121=EDGE_LOOP('',(#2116,#2117,#2118,#2120));
#2122=FACE_OUTER_BOUND('',#2121,.F.);
#2123=ADVANCED_FACE('',(#2122),#2115,.T.);
#2124=CARTESIAN_POINT('',(-3.3E1,-1.1E1,-2.8E1));
#2125=DIRECTION('',(0.E0,-7.071067811771E-1,7.071067811960E-1));
#2126=DIRECTION('',(0.E0,-7.071067811960E-1,-7.071067811771E-1));
#2127=AXIS2_PLACEMENT_3D('',#2124,#2125,#2126);
#2128=SPHERICAL_SURFACE('',#2127,2.E0);
#2130=ORIENTED_EDGE('',*,*,#2129,.T.);
#2131=ORIENTED_EDGE('',*,*,#2119,.T.);
#2133=ORIENTED_EDGE('',*,*,#2132,.F.);
#2134=EDGE_LOOP('',(#2130,#2131,#2133));
#2135=FACE_OUTER_BOUND('',#2134,.F.);
#2136=ADVANCED_FACE('',(#2135),#2128,.T.);
#2137=CARTESIAN_POINT('',(-1.308592E2,-1.1E1,-2.8E1));
#2138=DIRECTION('',(1.E0,0.E0,0.E0));
#2139=DIRECTION('',(0.E0,-1.E0,0.E0));
#2140=AXIS2_PLACEMENT_3D('',#2137,#2138,#2139);
#2141=CYLINDRICAL_SURFACE('',#2140,2.E0);
#2143=ORIENTED_EDGE('',*,*,#2142,.F.);
#2144=ORIENTED_EDGE('',*,*,#2106,.F.);
#2145=ORIENTED_EDGE('',*,*,#2129,.F.);
#2146=ORIENTED_EDGE('',*,*,#1755,.T.);
#2147=EDGE_LOOP('',(#2143,#2144,#2145,#2146));
#2148=FACE_OUTER_BOUND('',#2147,.F.);
#2149=ADVANCED_FACE('',(#2148),#2141,.T.);
#2150=CARTESIAN_POINT('',(3.3E1,-1.1E1,-2.8E1));
#2151=DIRECTION('',(0.E0,7.071067811771E-1,-7.071067811960E-1));
#2152=DIRECTION('',(0.E0,-7.071067811960E-1,-7.071067811771E-1));
#2153=AXIS2_PLACEMENT_3D('',#2150,#2151,#2152);
#2154=SPHERICAL_SURFACE('',#2153,2.E0);
#2155=ORIENTED_EDGE('',*,*,#2142,.T.);
#2157=ORIENTED_EDGE('',*,*,#2156,.T.);
#2158=ORIENTED_EDGE('',*,*,#2089,.F.);
#2159=EDGE_LOOP('',(#2155,#2157,#2158));
#2160=FACE_OUTER_BOUND('',#2159,.F.);
#2161=ADVANCED_FACE('',(#2160),#2154,.T.);
#2162=CARTESIAN_POINT('',(3.3E1,-1.1E1,-2.8080592E1));
#2163=DIRECTION('',(0.E0,0.E0,1.E0));
#2164=DIRECTION('',(0.E0,-1.E0,0.E0));
#2165=AXIS2_PLACEMENT_3D('',#2162,#2163,#2164);
#2166=CYLINDRICAL_SURFACE('',#2165,2.E0);
#2167=ORIENTED_EDGE('',*,*,#1753,.T.);
#2169=ORIENTED_EDGE('',*,*,#2168,.T.);
#2171=ORIENTED_EDGE('',*,*,#2170,.F.);
#2172=ORIENTED_EDGE('',*,*,#2156,.F.);
#2173=EDGE_LOOP('',(#2167,#2169,#2171,#2172));
#2174=FACE_OUTER_BOUND('',#2173,.F.);
#2175=ADVANCED_FACE('',(#2174),#2166,.T.);
#2176=CARTESIAN_POINT('',(3.3E1,-1.5E1,-2.E0));
#2177=DIRECTION('',(-1.E0,0.E0,0.E0));
#2178=DIRECTION('',(0.E0,9.993154054483E-1,-3.699622188348E-2));
#2179=AXIS2_PLACEMENT_3D('',#2176,#2177,#2178);
#2180=TOROIDAL_SURFACE('',#2179,3.999999996528E0,2.E0);
#2182=ORIENTED_EDGE('',*,*,#2181,.T.);
#2184=ORIENTED_EDGE('',*,*,#2183,.T.);
#2186=ORIENTED_EDGE('',*,*,#2185,.F.);
#2187=ORIENTED_EDGE('',*,*,#2168,.F.);
#2188=EDGE_LOOP('',(#2182,#2184,#2186,#2187));
#2189=FACE_OUTER_BOUND('',#2188,.F.);
#2190=ADVANCED_FACE('',(#2189),#2180,.T.);
#2191=CARTESIAN_POINT('',(3.3073926E1,-1.5E1,-2.E0));
#2192=DIRECTION('',(-1.E0,0.E0,0.E0));
#2193=DIRECTION('',(0.E0,0.E0,1.E0));
#2194=AXIS2_PLACEMENT_3D('',#2191,#2192,#2193);
#2195=CYLINDRICAL_SURFACE('',#2194,2.E0);
#2196=ORIENTED_EDGE('',*,*,#1751,.T.);
#2197=ORIENTED_EDGE('',*,*,#1717,.F.);
#2198=ORIENTED_EDGE('',*,*,#1702,.T.);
#2199=ORIENTED_EDGE('',*,*,#2181,.F.);
#2200=EDGE_LOOP('',(#2196,#2197,#2198,#2199));
#2201=FACE_OUTER_BOUND('',#2200,.F.);
#2202=ADVANCED_FACE('',(#2201),#2195,.F.);
#2203=CARTESIAN_POINT('',(3.3E1,1.44288E2,2.E0));
#2204=DIRECTION('',(0.E0,-1.E0,0.E0));
#2205=DIRECTION('',(0.E0,0.E0,-1.E0));
#2206=AXIS2_PLACEMENT_3D('',#2203,#2204,#2205);
#2207=CYLINDRICAL_SURFACE('',#2206,2.E0);
#2208=ORIENTED_EDGE('',*,*,#2183,.F.);
#2209=ORIENTED_EDGE('',*,*,#1700,.T.);
#2211=ORIENTED_EDGE('',*,*,#2210,.T.);
#2213=ORIENTED_EDGE('',*,*,#2212,.F.);
#2214=EDGE_LOOP('',(#2208,#2209,#2211,#2213));
#2215=FACE_OUTER_BOUND('',#2214,.F.);
#2216=ADVANCED_FACE('',(#2215),#2207,.T.);
#2217=CARTESIAN_POINT('',(2.7E1,-3.2E1,2.E0));
#2218=DIRECTION('',(0.E0,0.E0,-1.E0));
#2219=DIRECTION('',(9.999538195003E-1,9.610352060314E-3,0.E0));
#2220=AXIS2_PLACEMENT_3D('',#2217,#2218,#2219);
#2221=TOROIDAL_SURFACE('',#2220,6.E0,2.E0);
#2222=ORIENTED_EDGE('',*,*,#1698,.T.);
#2224=ORIENTED_EDGE('',*,*,#2223,.T.);
#2226=ORIENTED_EDGE('',*,*,#2225,.F.);
#2227=ORIENTED_EDGE('',*,*,#2210,.F.);
#2228=EDGE_LOOP('',(#2222,#2224,#2226,#2227));
#2229=FACE_OUTER_BOUND('',#2228,.F.);
#2230=ADVANCED_FACE('',(#2229),#2221,.T.);
#2231=CARTESIAN_POINT('',(2.7109218E1,-3.8E1,2.E0));
#2232=DIRECTION('',(-1.E0,0.E0,0.E0));
#2233=DIRECTION('',(0.E0,0.E0,-1.E0));
#2234=AXIS2_PLACEMENT_3D('',#2231,#2232,#2233);
#2235=CYLINDRICAL_SURFACE('',#2234,2.E0);
#2236=ORIENTED_EDGE('',*,*,#1696,.T.);
#2238=ORIENTED_EDGE('',*,*,#2237,.T.);
#2240=ORIENTED_EDGE('',*,*,#2239,.F.);
#2241=ORIENTED_EDGE('',*,*,#2223,.F.);
#2242=EDGE_LOOP('',(#2236,#2238,#2240,#2241));
#2243=FACE_OUTER_BOUND('',#2242,.F.);
#2244=ADVANCED_FACE('',(#2243),#2235,.T.);
#2245=CARTESIAN_POINT('',(-2.7E1,-3.2E1,2.E0));
#2246=DIRECTION('',(0.E0,0.E0,-1.E0));
#2247=DIRECTION('',(9.610352060314E-3,-9.999538195003E-1,0.E0));
#2248=AXIS2_PLACEMENT_3D('',#2245,#2246,#2247);
#2249=TOROIDAL_SURFACE('',#2248,6.E0,2.E0);
#2250=ORIENTED_EDGE('',*,*,#1694,.T.);
#2252=ORIENTED_EDGE('',*,*,#2251,.T.);
#2254=ORIENTED_EDGE('',*,*,#2253,.F.);
#2255=ORIENTED_EDGE('',*,*,#2237,.F.);
#2256=EDGE_LOOP('',(#2250,#2252,#2254,#2255));
#2257=FACE_OUTER_BOUND('',#2256,.F.);
#2258=ADVANCED_FACE('',(#2257),#2249,.T.);
#2259=CARTESIAN_POINT('',(-3.3E1,-3.2109218E1,2.E0));
#2260=DIRECTION('',(0.E0,1.E0,0.E0));
#2261=DIRECTION('',(0.E0,0.E0,-1.E0));
#2262=AXIS2_PLACEMENT_3D('',#2259,#2260,#2261);
#2263=CYLINDRICAL_SURFACE('',#2262,2.E0);
#2264=ORIENTED_EDGE('',*,*,#1849,.F.);
#2265=ORIENTED_EDGE('',*,*,#1872,.F.);
#2266=ORIENTED_EDGE('',*,*,#2251,.F.);
#2267=ORIENTED_EDGE('',*,*,#1692,.T.);
#2268=EDGE_LOOP('',(#2264,#2265,#2266,#2267));
#2269=FACE_OUTER_BOUND('',#2268,.F.);
#2270=ADVANCED_FACE('',(#2269),#2263,.T.);
#2271=CARTESIAN_POINT('',(-2.7E1,-3.2E1,1.54288E2));
#2272=DIRECTION('',(0.E0,0.E0,-1.E0));
#2273=DIRECTION('',(0.E0,-1.E0,0.E0));
#2274=AXIS2_PLACEMENT_3D('',#2271,#2272,#2273);
#2275=CYLINDRICAL_SURFACE('',#2274,8.E0);
#2276=ORIENTED_EDGE('',*,*,#2253,.T.);
#2277=ORIENTED_EDGE('',*,*,#1870,.F.);
#2279=ORIENTED_EDGE('',*,*,#2278,.T.);
#2281=ORIENTED_EDGE('',*,*,#2280,.T.);
#2282=EDGE_LOOP('',(#2276,#2277,#2279,#2281));
#2283=FACE_OUTER_BOUND('',#2282,.F.);
#2284=ADVANCED_FACE('',(#2283),#2275,.T.);
#2285=CARTESIAN_POINT('',(-2.7E1,-3.2E1,4.8E1));
#2286=DIRECTION('',(0.E0,0.E0,-1.E0));
#2287=DIRECTION('',(-9.999068094824E-1,1.365182591062E-2,0.E0));
#2288=AXIS2_PLACEMENT_3D('',#2285,#2286,#2287);
#2289=TOROIDAL_SURFACE('',#2288,6.E0,2.E0);
#2291=ORIENTED_EDGE('',*,*,#2290,.T.);
#2293=ORIENTED_EDGE('',*,*,#2292,.T.);
#2294=ORIENTED_EDGE('',*,*,#2278,.F.);
#2296=ORIENTED_EDGE('',*,*,#2295,.F.);
#2297=EDGE_LOOP('',(#2291,#2293,#2294,#2296));
#2298=FACE_OUTER_BOUND('',#2297,.F.);
#2299=ADVANCED_FACE('',(#2298),#2289,.T.);
#2300=CARTESIAN_POINT('',(0.E0,0.E0,5.E1));
#2301=DIRECTION('',(0.E0,0.E0,1.E0));
#2302=DIRECTION('',(1.E0,0.E0,0.E0));
#2303=AXIS2_PLACEMENT_3D('',#2300,#2301,#2302);
#2304=PLANE('',#2303);
#2306=ORIENTED_EDGE('',*,*,#2305,.F.);
#2308=ORIENTED_EDGE('',*,*,#2307,.F.);
#2310=ORIENTED_EDGE('',*,*,#2309,.F.);
#2312=ORIENTED_EDGE('',*,*,#2311,.F.);
#2314=ORIENTED_EDGE('',*,*,#2313,.F.);
#2316=ORIENTED_EDGE('',*,*,#2315,.F.);
#2317=ORIENTED_EDGE('',*,*,#2290,.F.);
#2319=ORIENTED_EDGE('',*,*,#2318,.F.);
#2320=EDGE_LOOP('',(#2306,#2308,#2310,#2312,#2314,#2316,#2317,#2319));
#2321=FACE_OUTER_BOUND('',#2320,.F.);
#2322=ADVANCED_FACE('',(#2321),#2304,.T.);
#2323=CARTESIAN_POINT('',(-2.7E1,3.2E1,4.8E1));
#2324=DIRECTION('',(0.E0,0.E0,-1.E0));
#2325=DIRECTION('',(1.365182591062E-2,9.999068094824E-1,0.E0));
#2326=AXIS2_PLACEMENT_3D('',#2323,#2324,#2325);
#2327=TOROIDAL_SURFACE('',#2326,6.E0,2.E0);
#2328=ORIENTED_EDGE('',*,*,#2305,.T.);
#2330=ORIENTED_EDGE('',*,*,#2329,.T.);
#2332=ORIENTED_EDGE('',*,*,#2331,.F.);
#2334=ORIENTED_EDGE('',*,*,#2333,.F.);
#2335=EDGE_LOOP('',(#2328,#2330,#2332,#2334));
#2336=FACE_OUTER_BOUND('',#2335,.F.);
#2337=ADVANCED_FACE('',(#2336),#2327,.T.);
#2338=CARTESIAN_POINT('',(-3.3E1,3.2076884E1,4.8E1));
#2339=DIRECTION('',(0.E0,-1.E0,0.E0));
#2340=DIRECTION('',(0.E0,0.E0,1.E0));
#2341=AXIS2_PLACEMENT_3D('',#2338,#2339,#2340);
#2342=CYLINDRICAL_SURFACE('',#2341,2.E0);
#2343=ORIENTED_EDGE('',*,*,#2318,.T.);
#2344=ORIENTED_EDGE('',*,*,#2295,.T.);
#2345=ORIENTED_EDGE('',*,*,#1868,.F.);
#2346=ORIENTED_EDGE('',*,*,#2329,.F.);
#2347=EDGE_LOOP('',(#2343,#2344,#2345,#2346));
#2348=FACE_OUTER_BOUND('',#2347,.F.);
#2349=ADVANCED_FACE('',(#2348),#2342,.T.);
#2350=CARTESIAN_POINT('',(-2.7E1,3.2E1,1.54288E2));
#2351=DIRECTION('',(0.E0,0.E0,-1.E0));
#2352=DIRECTION('',(-1.E0,0.E0,0.E0));
#2353=AXIS2_PLACEMENT_3D('',#2350,#2351,#2352);
#2354=CYLINDRICAL_SURFACE('',#2353,8.E0);
#2356=ORIENTED_EDGE('',*,*,#2355,.T.);
#2358=ORIENTED_EDGE('',*,*,#2357,.F.);
#2359=ORIENTED_EDGE('',*,*,#2331,.T.);
#2360=ORIENTED_EDGE('',*,*,#1866,.T.);
#2361=EDGE_LOOP('',(#2356,#2358,#2359,#2360));
#2362=FACE_OUTER_BOUND('',#2361,.F.);
#2363=ADVANCED_FACE('',(#2362),#2354,.T.);
#2364=CARTESIAN_POINT('',(-2.7E1,3.2E1,2.E0));
#2365=DIRECTION('',(0.E0,0.E0,-1.E0));
#2366=DIRECTION('',(-9.999538195003E-1,-9.610352060314E-3,0.E0));
#2367=AXIS2_PLACEMENT_3D('',#2364,#2365,#2366);
#2368=TOROIDAL_SURFACE('',#2367,6.E0,2.E0);
#2369=ORIENTED_EDGE('',*,*,#1682,.T.);
#2371=ORIENTED_EDGE('',*,*,#2370,.T.);
#2372=ORIENTED_EDGE('',*,*,#2355,.F.);
#2374=ORIENTED_EDGE('',*,*,#2373,.F.);
#2375=EDGE_LOOP('',(#2369,#2371,#2372,#2374));
#2376=FACE_OUTER_BOUND('',#2375,.F.);
#2377=ADVANCED_FACE('',(#2376),#2368,.T.);
#2378=CARTESIAN_POINT('',(-2.7109218E1,3.8E1,2.E0));
#2379=DIRECTION('',(1.E0,0.E0,0.E0));
#2380=DIRECTION('',(0.E0,0.E0,-1.E0));
#2381=AXIS2_PLACEMENT_3D('',#2378,#2379,#2380);
#2382=CYLINDRICAL_SURFACE('',#2381,2.E0);
#2383=ORIENTED_EDGE('',*,*,#1680,.T.);
#2385=ORIENTED_EDGE('',*,*,#2384,.T.);
#2387=ORIENTED_EDGE('',*,*,#2386,.F.);
#2388=ORIENTED_EDGE('',*,*,#2370,.F.);
#2389=EDGE_LOOP('',(#2383,#2385,#2387,#2388));
#2390=FACE_OUTER_BOUND('',#2389,.F.);
#2391=ADVANCED_FACE('',(#2390),#2382,.T.);
#2392=CARTESIAN_POINT('',(2.7E1,3.2E1,2.E0));
#2393=DIRECTION('',(0.E0,0.E0,-1.E0));
#2394=DIRECTION('',(-9.610352060314E-3,9.999538195003E-1,0.E0));
#2395=AXIS2_PLACEMENT_3D('',#2392,#2393,#2394);
#2396=TOROIDAL_SURFACE('',#2395,6.E0,2.E0);
#2397=ORIENTED_EDGE('',*,*,#1678,.T.);
#2399=ORIENTED_EDGE('',*,*,#2398,.T.);
#2401=ORIENTED_EDGE('',*,*,#2400,.F.);
#2402=ORIENTED_EDGE('',*,*,#2384,.F.);
#2403=EDGE_LOOP('',(#2397,#2399,#2401,#2402));
#2404=FACE_OUTER_BOUND('',#2403,.F.);
#2405=ADVANCED_FACE('',(#2404),#2396,.T.);
#2406=CARTESIAN_POINT('',(3.3E1,3.2109218E1,2.E0));
#2407=DIRECTION('',(0.E0,-1.E0,0.E0));
#2408=DIRECTION('',(0.E0,0.E0,-1.E0));
#2409=AXIS2_PLACEMENT_3D('',#2406,#2407,#2408);
#2410=CYLINDRICAL_SURFACE('',#2409,2.E0);
#2412=ORIENTED_EDGE('',*,*,#2411,.F.);
#2414=ORIENTED_EDGE('',*,*,#2413,.F.);
#2415=ORIENTED_EDGE('',*,*,#2398,.F.);
#2416=ORIENTED_EDGE('',*,*,#1676,.T.);
#2417=EDGE_LOOP('',(#2412,#2414,#2415,#2416));
#2418=FACE_OUTER_BOUND('',#2417,.F.);
#2419=ADVANCED_FACE('',(#2418),#2410,.T.);
#2420=CARTESIAN_POINT('',(3.3E1,1.5E1,-2.E0));
#2421=DIRECTION('',(1.E0,0.E0,0.E0));
#2422=DIRECTION('',(0.E0,-9.993154054483E-1,-3.699622188348E-2));
#2423=AXIS2_PLACEMENT_3D('',#2420,#2421,#2422);
#2424=TOROIDAL_SURFACE('',#2423,3.999999996528E0,2.E0);
#2426=ORIENTED_EDGE('',*,*,#2425,.F.);
#2427=ORIENTED_EDGE('',*,*,#2411,.T.);
#2429=ORIENTED_EDGE('',*,*,#2428,.T.);
#2431=ORIENTED_EDGE('',*,*,#2430,.T.);
#2432=EDGE_LOOP('',(#2426,#2427,#2429,#2431));
#2433=FACE_OUTER_BOUND('',#2432,.F.);
#2434=ADVANCED_FACE('',(#2433),#2424,.T.);
#2435=CARTESIAN_POINT('',(3.5E1,-4.E1,0.E0));
#2436=DIRECTION('',(1.E0,0.E0,0.E0));
#2437=DIRECTION('',(0.E0,1.E0,0.E0));
#2438=AXIS2_PLACEMENT_3D('',#2435,#2436,#2437);
#2439=PLANE('',#2438);
#2440=ORIENTED_EDGE('',*,*,#2185,.T.);
#2441=ORIENTED_EDGE('',*,*,#2212,.T.);
#2443=ORIENTED_EDGE('',*,*,#2442,.F.);
#2445=ORIENTED_EDGE('',*,*,#2444,.T.);
#2447=ORIENTED_EDGE('',*,*,#2446,.T.);
#2448=ORIENTED_EDGE('',*,*,#2413,.T.);
#2449=ORIENTED_EDGE('',*,*,#2425,.T.);
#2451=ORIENTED_EDGE('',*,*,#2450,.T.);
#2452=ORIENTED_EDGE('',*,*,#2091,.T.);
#2453=ORIENTED_EDGE('',*,*,#2170,.T.);
#2454=EDGE_LOOP('',(#2440,#2441,#2443,#2445,#2447,#2448,#2449,#2451,#2452,
#2453));
#2455=FACE_OUTER_BOUND('',#2454,.F.);
#2456=ADVANCED_FACE('',(#2455),#2439,.T.);
#2457=CARTESIAN_POINT('',(2.7E1,-3.2E1,1.54288E2));
#2458=DIRECTION('',(0.E0,0.E0,-1.E0));
#2459=DIRECTION('',(1.E0,0.E0,0.E0));
#2460=AXIS2_PLACEMENT_3D('',#2457,#2458,#2459);
#2461=CYLINDRICAL_SURFACE('',#2460,8.E0);
#2462=ORIENTED_EDGE('',*,*,#2225,.T.);
#2464=ORIENTED_EDGE('',*,*,#2463,.F.);
#2466=ORIENTED_EDGE('',*,*,#2465,.T.);
#2467=ORIENTED_EDGE('',*,*,#2442,.T.);
#2468=EDGE_LOOP('',(#2462,#2464,#2466,#2467));
#2469=FACE_OUTER_BOUND('',#2468,.F.);
#2470=ADVANCED_FACE('',(#2469),#2461,.T.);
#2471=CARTESIAN_POINT('',(-3.5E1,-4.E1,0.E0));
#2472=DIRECTION('',(0.E0,-1.E0,0.E0));
#2473=DIRECTION('',(1.E0,0.E0,0.E0));
#2474=AXIS2_PLACEMENT_3D('',#2471,#2472,#2473);
#2475=PLANE('',#2474);
#2476=ORIENTED_EDGE('',*,*,#2239,.T.);
#2477=ORIENTED_EDGE('',*,*,#2280,.F.);
#2479=ORIENTED_EDGE('',*,*,#2478,.T.);
#2480=ORIENTED_EDGE('',*,*,#2463,.T.);
#2481=EDGE_LOOP('',(#2476,#2477,#2479,#2480));
#2482=FACE_OUTER_BOUND('',#2481,.F.);
#2483=ADVANCED_FACE('',(#2482),#2475,.T.);
#2484=CARTESIAN_POINT('',(-2.7076884E1,-3.8E1,4.8E1));
#2485=DIRECTION('',(1.E0,0.E0,0.E0));
#2486=DIRECTION('',(0.E0,0.E0,1.E0));
#2487=AXIS2_PLACEMENT_3D('',#2484,#2485,#2486);
#2488=CYLINDRICAL_SURFACE('',#2487,2.E0);
#2489=ORIENTED_EDGE('',*,*,#2315,.T.);
#2491=ORIENTED_EDGE('',*,*,#2490,.T.);
#2492=ORIENTED_EDGE('',*,*,#2478,.F.);
#2493=ORIENTED_EDGE('',*,*,#2292,.F.);
#2494=EDGE_LOOP('',(#2489,#2491,#2492,#2493));
#2495=FACE_OUTER_BOUND('',#2494,.F.);
#2496=ADVANCED_FACE('',(#2495),#2488,.T.);
#2497=CARTESIAN_POINT('',(2.7E1,-3.2E1,4.8E1));
#2498=DIRECTION('',(0.E0,0.E0,-1.E0));
#2499=DIRECTION('',(-1.365182591062E-2,-9.999068094824E-1,0.E0));
#2500=AXIS2_PLACEMENT_3D('',#2497,#2498,#2499);
#2501=TOROIDAL_SURFACE('',#2500,6.E0,2.E0);
#2502=ORIENTED_EDGE('',*,*,#2313,.T.);
#2504=ORIENTED_EDGE('',*,*,#2503,.T.);
#2505=ORIENTED_EDGE('',*,*,#2465,.F.);
#2506=ORIENTED_EDGE('',*,*,#2490,.F.);
#2507=EDGE_LOOP('',(#2502,#2504,#2505,#2506));
#2508=FACE_OUTER_BOUND('',#2507,.F.);
#2509=ADVANCED_FACE('',(#2508),#2501,.T.);
#2510=CARTESIAN_POINT('',(3.3E1,-3.2076884E1,4.8E1));
#2511=DIRECTION('',(0.E0,1.E0,0.E0));
#2512=DIRECTION('',(0.E0,0.E0,1.E0));
#2513=AXIS2_PLACEMENT_3D('',#2510,#2511,#2512);
#2514=CYLINDRICAL_SURFACE('',#2513,2.E0);
#2515=ORIENTED_EDGE('',*,*,#2311,.T.);
#2517=ORIENTED_EDGE('',*,*,#2516,.T.);
#2518=ORIENTED_EDGE('',*,*,#2444,.F.);
#2519=ORIENTED_EDGE('',*,*,#2503,.F.);
#2520=EDGE_LOOP('',(#2515,#2517,#2518,#2519));
#2521=FACE_OUTER_BOUND('',#2520,.F.);
#2522=ADVANCED_FACE('',(#2521),#2514,.T.);
#2523=CARTESIAN_POINT('',(2.7E1,3.2E1,4.8E1));
#2524=DIRECTION('',(0.E0,0.E0,-1.E0));
#2525=DIRECTION('',(9.999068094824E-1,-1.365182591062E-2,0.E0));
#2526=AXIS2_PLACEMENT_3D('',#2523,#2524,#2525);
#2527=TOROIDAL_SURFACE('',#2526,6.E0,2.E0);
#2528=ORIENTED_EDGE('',*,*,#2309,.T.);
#2530=ORIENTED_EDGE('',*,*,#2529,.T.);
#2532=ORIENTED_EDGE('',*,*,#2531,.F.);
#2533=ORIENTED_EDGE('',*,*,#2516,.F.);
#2534=EDGE_LOOP('',(#2528,#2530,#2532,#2533));
#2535=FACE_OUTER_BOUND('',#2534,.F.);
#2536=ADVANCED_FACE('',(#2535),#2527,.T.);
#2537=CARTESIAN_POINT('',(2.7076884E1,3.8E1,4.8E1));
#2538=DIRECTION('',(-1.E0,0.E0,0.E0));
#2539=DIRECTION('',(0.E0,0.E0,1.E0));
#2540=AXIS2_PLACEMENT_3D('',#2537,#2538,#2539);
#2541=CYLINDRICAL_SURFACE('',#2540,2.E0);
#2542=ORIENTED_EDGE('',*,*,#2307,.T.);
#2543=ORIENTED_EDGE('',*,*,#2333,.T.);
#2545=ORIENTED_EDGE('',*,*,#2544,.F.);
#2546=ORIENTED_EDGE('',*,*,#2529,.F.);
#2547=EDGE_LOOP('',(#2542,#2543,#2545,#2546));
#2548=FACE_OUTER_BOUND('',#2547,.F.);
#2549=ADVANCED_FACE('',(#2548),#2541,.T.);
#2550=CARTESIAN_POINT('',(3.5E1,4.E1,0.E0));
#2551=DIRECTION('',(0.E0,1.E0,0.E0));
#2552=DIRECTION('',(-1.E0,0.E0,0.E0));
#2553=AXIS2_PLACEMENT_3D('',#2550,#2551,#2552);
#2554=PLANE('',#2553);
#2555=ORIENTED_EDGE('',*,*,#2386,.T.);
#2557=ORIENTED_EDGE('',*,*,#2556,.F.);
#2558=ORIENTED_EDGE('',*,*,#2544,.T.);
#2559=ORIENTED_EDGE('',*,*,#2357,.T.);
#2560=EDGE_LOOP('',(#2555,#2557,#2558,#2559));
#2561=FACE_OUTER_BOUND('',#2560,.F.);
#2562=ADVANCED_FACE('',(#2561),#2554,.T.);
#2563=CARTESIAN_POINT('',(2.7E1,3.2E1,1.54288E2));
#2564=DIRECTION('',(0.E0,0.E0,-1.E0));
#2565=DIRECTION('',(0.E0,1.E0,0.E0));
#2566=AXIS2_PLACEMENT_3D('',#2563,#2564,#2565);
#2567=CYLINDRICAL_SURFACE('',#2566,8.E0);
#2568=ORIENTED_EDGE('',*,*,#2400,.T.);
#2569=ORIENTED_EDGE('',*,*,#2446,.F.);
#2570=ORIENTED_EDGE('',*,*,#2531,.T.);
#2571=ORIENTED_EDGE('',*,*,#2556,.T.);
#2572=EDGE_LOOP('',(#2568,#2569,#2570,#2571));
#2573=FACE_OUTER_BOUND('',#2572,.F.);
#2574=ADVANCED_FACE('',(#2573),#2567,.T.);
#2575=CARTESIAN_POINT('',(3.3E1,1.1E1,-1.390175615138E0));
#2576=DIRECTION('',(0.E0,0.E0,-1.E0));
#2577=DIRECTION('',(0.E0,1.E0,0.E0));
#2578=AXIS2_PLACEMENT_3D('',#2575,#2576,#2577);
#2579=CYLINDRICAL_SURFACE('',#2578,2.E0);
#2580=ORIENTED_EDGE('',*,*,#1930,.T.);
#2581=ORIENTED_EDGE('',*,*,#2077,.T.);
#2582=ORIENTED_EDGE('',*,*,#2450,.F.);
#2583=ORIENTED_EDGE('',*,*,#2430,.F.);
#2584=EDGE_LOOP('',(#2580,#2581,#2582,#2583));
#2585=FACE_OUTER_BOUND('',#2584,.F.);
#2586=ADVANCED_FACE('',(#2585),#2579,.T.);
#2587=CARTESIAN_POINT('',(-1.308592E2,1.5E1,-2.E0));
#2588=DIRECTION('',(1.E0,0.E0,0.E0));
#2589=DIRECTION('',(0.E0,0.E0,1.E0));
#2590=AXIS2_PLACEMENT_3D('',#2587,#2588,#2589);
#2591=CYLINDRICAL_SURFACE('',#2590,2.E0);
#2592=ORIENTED_EDGE('',*,*,#1674,.T.);
#2593=ORIENTED_EDGE('',*,*,#1714,.F.);
#2594=ORIENTED_EDGE('',*,*,#1932,.T.);
#2595=ORIENTED_EDGE('',*,*,#2428,.F.);
#2596=EDGE_LOOP('',(#2592,#2593,#2594,#2595));
#2597=FACE_OUTER_BOUND('',#2596,.F.);
#2598=ADVANCED_FACE('',(#2597),#2591,.F.);
#2599=CARTESIAN_POINT('',(-3.3E1,-1.44288E2,2.E0));
#2600=DIRECTION('',(0.E0,1.E0,0.E0));
#2601=DIRECTION('',(0.E0,0.E0,-1.E0));
#2602=AXIS2_PLACEMENT_3D('',#2599,#2600,#2601);
#2603=CYLINDRICAL_SURFACE('',#2602,2.E0);
#2604=ORIENTED_EDGE('',*,*,#1891,.F.);
#2605=ORIENTED_EDGE('',*,*,#1684,.T.);
#2606=ORIENTED_EDGE('',*,*,#2373,.T.);
#2607=ORIENTED_EDGE('',*,*,#1864,.F.);
#2608=EDGE_LOOP('',(#2604,#2605,#2606,#2607));
#2609=FACE_OUTER_BOUND('',#2608,.F.);
#2610=ADVANCED_FACE('',(#2609),#2603,.T.);
#2611=CARTESIAN_POINT('',(-3.3E1,-1.1E1,-1.390175615138E0));
#2612=DIRECTION('',(0.E0,0.E0,-1.E0));
#2613=DIRECTION('',(0.E0,-1.E0,0.E0));
#2614=AXIS2_PLACEMENT_3D('',#2611,#2612,#2613);
#2615=CYLINDRICAL_SURFACE('',#2614,2.E0);
#2616=ORIENTED_EDGE('',*,*,#1757,.T.);
#2617=ORIENTED_EDGE('',*,*,#2132,.T.);
#2618=ORIENTED_EDGE('',*,*,#1875,.F.);
#2619=ORIENTED_EDGE('',*,*,#1852,.F.);
#2620=EDGE_LOOP('',(#2616,#2617,#2618,#2619));
#2621=FACE_OUTER_BOUND('',#2620,.F.);
#2622=ADVANCED_FACE('',(#2621),#2615,.T.);
#2625=FILL_AREA_STYLE_COLOUR('',#296);
#2626=FILL_AREA_STYLE('',(#2625));
#2627=SURFACE_STYLE_FILL_AREA(#2626);
#2628=SURFACE_SIDE_STYLE('',(#2627));
#2629=SURFACE_STYLE_USAGE(.BOTH.,#2628);
#2630=PRESENTATION_STYLE_ASSIGNMENT((#2629));
#321=STYLED_ITEM('',(#2630),#2624);
#2632=DIMENSIONAL_EXPONENTS(0.E0,0.E0,0.E0,0.E0,0.E0,0.E0,0.E0);
#2634=PLANE_ANGLE_MEASURE_WITH_UNIT(PLANE_ANGLE_MEASURE(1.745329251994E-2),
#2633);
#2635=(CONVERSION_BASED_UNIT('DEGREE',#2634)NAMED_UNIT(*)PLANE_ANGLE_UNIT());
#2637=UNCERTAINTY_MEASURE_WITH_UNIT(LENGTH_MEASURE(5.E-3),#2631,'closure',
'Maximum model space distance between geometric entities at asserted connectivities');
#2638=(GEOMETRIC_REPRESENTATION_CONTEXT(3)GLOBAL_UNCERTAINTY_ASSIGNED_CONTEXT((
#2637))GLOBAL_UNIT_ASSIGNED_CONTEXT((#2631,#2635,#2636))REPRESENTATION_CONTEXT(
'ID1','3'));
#2640=MECHANICAL_DESIGN_GEOMETRIC_PRESENTATION_REPRESENTATION('',(#329,#336,
#344,#351,#359,#366,#373,#380,#388,#395,#403,#410,#427,#444,#451,#458,#466,#473,
#481,#488,#495,#502,#509,#516,#523,#530,#538,#546,#560,#567,#574,#582,#589,#597,
#604,#621,#638,#645,#653,#661,#668,#675,#682,#689,#696,#704,#711,#718,#725,#733,
#740,#748,#755,#762,#769,#776,#783,#790,#804,#812,#819,#826,#833,#840,#848,#856,
#870,#878,#886,#894,#908,#916,#924,#932,#940,#948,#956,#963,#970,#977,#984,#992,
#1000,#1008,#1016,#1024,#1032,#1040,#1047,#1055,#1063,#1071,#1079,#1087,#1095,
#1103,#1111,#1119,#1127,#1135,#1142,#1150,#1157,#1165,#1172,#1180,#1187,#1195,
#1203,#1211,#1219,#1227,#1235,#1243,#1251,#1259,#1267,#1274,#1281,#1288,#1295,
#1302,#1310,#1317,#1324,#1331,#1339,#1347,#1354,#1361,#1368,#1375,#1383,#1391,
#1399,#1407,#1415,#1422,#1429,#1436,#1443,#1451,#1459,#1467,#1474,#1482,#1490,
#1498,#321),#2638);
#2641=APPLICATION_CONTEXT(
'CONFIGURATION CONTROLLED 3D DESIGNS OF MECHANICAL PARTS AND ASSEMBLIES');
#2642=APPLICATION_PROTOCOL_DEFINITION('international standard',
'config_control_design',1994,#2641);
#2643=DESIGN_CONTEXT('',#2641,'design');
#2644=MECHANICAL_CONTEXT('',#2641,'mechanical');
#2645=PRODUCT('0002','0002','NOT SPECIFIED',(#2644));
#2646=PRODUCT_DEFINITION_FORMATION_WITH_SPECIFIED_SOURCE('10','LAST_VERSION',
#2645,.MADE.);
#2650=PRODUCT_CATEGORY('part','');
#2651=PRODUCT_RELATED_PRODUCT_CATEGORY('detail','',(#2645));
#2652=PRODUCT_CATEGORY_RELATIONSHIP('','',#2650,#2651);
#2653=SECURITY_CLASSIFICATION_LEVEL('unclassified');
#2654=SECURITY_CLASSIFICATION('','',#2653);
#2655=CC_DESIGN_SECURITY_CLASSIFICATION(#2654,(#2646));
#2656=APPROVAL_STATUS('approved');
#2657=APPROVAL(#2656,'');
#2658=CC_DESIGN_APPROVAL(#2657,(#2654,#2646,#2647));
#2659=CALENDAR_DATE(126,30,7);
#2660=COORDINATED_UNIVERSAL_TIME_OFFSET(8,0,.AHEAD.);
#2661=LOCAL_TIME(18,0,3.E1,#2660);
#2662=DATE_AND_TIME(#2659,#2661);
#2663=APPROVAL_DATE_TIME(#2662,#2657);
#2664=DATE_TIME_ROLE('creation_date');
#2665=CC_DESIGN_DATE_AND_TIME_ASSIGNMENT(#2662,#2664,(#2647));
#2666=DATE_TIME_ROLE('classification_date');
#2667=CC_DESIGN_DATE_AND_TIME_ASSIGNMENT(#2662,#2666,(#2654));
#2668=PERSON('UNSPECIFIED','UNSPECIFIED',$,$,$,$);
#2669=ORGANIZATION('UNSPECIFIED','UNSPECIFIED','UNSPECIFIED');
#2670=PERSON_AND_ORGANIZATION(#2668,#2669);
#2671=APPROVAL_ROLE('approver');
#2672=APPROVAL_PERSON_ORGANIZATION(#2670,#2657,#2671);
#2673=PERSON_AND_ORGANIZATION_ROLE('creator');
#2674=CC_DESIGN_PERSON_AND_ORGANIZATION_ASSIGNMENT(#2670,#2673,(#2646,#2647));
#2675=PERSON_AND_ORGANIZATION_ROLE('design_supplier');
#2676=CC_DESIGN_PERSON_AND_ORGANIZATION_ASSIGNMENT(#2670,#2675,(#2646));
#2677=PERSON_AND_ORGANIZATION_ROLE('classification_officer');
#2678=CC_DESIGN_PERSON_AND_ORGANIZATION_ASSIGNMENT(#2670,#2677,(#2654));
#2679=PERSON_AND_ORGANIZATION_ROLE('design_owner');
#2680=CC_DESIGN_PERSON_AND_ORGANIZATION_ASSIGNMENT(#2670,#2679,(#2645));
#1=DRAUGHTING_PRE_DEFINED_COLOUR('black');
#2=COLOUR_RGB('',0.E0,0.E0,4.7E-1);
#3=COLOUR_RGB('',0.E0,0.E0,5.02E-1);
#4=COLOUR_RGB('',0.E0,0.E0,5.45E-1);
#5=COLOUR_RGB('',0.E0,0.E0,6.E-1);
#6=COLOUR_RGB('',0.E0,0.E0,8.E-1);
#7=COLOUR_RGB('',0.E0,0.E0,8.04E-1);
#8=DRAUGHTING_PRE_DEFINED_COLOUR('blue');
#9=COLOUR_RGB('',0.E0,1.E-2,1.E0);
#10=COLOUR_RGB('',0.E0,2.8E-2,7.E-1);
#11=COLOUR_RGB('',0.E0,3.1E-2,3.4E-1);
#12=COLOUR_RGB('',0.E0,2.E-1,1.E0);
#13=COLOUR_RGB('',0.E0,2.58E-1,5.6E-1);
#14=COLOUR_RGB('',0.E0,3.3E-1,0.E0);
#15=COLOUR_RGB('',0.E0,3.3E-1,3.3E-1);
#16=COLOUR_RGB('',0.E0,3.92E-1,0.E0);
#17=COLOUR_RGB('',0.E0,4.E-1,0.E0);
#18=COLOUR_RGB('',0.E0,4.E-1,4.E-1);
#19=COLOUR_RGB('',0.E0,4.E-1,1.E0);
#20=COLOUR_RGB('',0.E0,5.02E-1,0.E0);
#21=COLOUR_RGB('',0.E0,5.02E-1,5.02E-1);
#22=COLOUR_RGB('',0.E0,5.3E-1,5.3E-1);
#23=COLOUR_RGB('',0.E0,5.45E-1,5.45E-1);
#24=COLOUR_RGB('',0.E0,6.E-1,0.E0);
#25=COLOUR_RGB('',0.E0,6.E-1,6.E-1);
#26=COLOUR_RGB('',0.E0,6.E-1,1.E0);
#27=COLOUR_RGB('',0.E0,7.49E-1,1.E0);
#28=COLOUR_RGB('',0.E0,8.E-1,0.E0);
#29=COLOUR_RGB('',0.E0,8.E-1,8.E-1);
#30=COLOUR_RGB('',0.E0,8.E-1,1.E0);
#31=COLOUR_RGB('',0.E0,8.08E-1,8.2E-1);
#32=COLOUR_RGB('',0.E0,9.3E-1,0.E0);
#33=COLOUR_RGB('',0.E0,9.3E-1,9.3E-1);
#34=COLOUR_RGB('',0.E0,9.8E-1,6.04E-1);
#35=DRAUGHTING_PRE_DEFINED_COLOUR('green');
#36=COLOUR_RGB('',0.E0,1.E0,2.E-1);
#37=COLOUR_RGB('',0.E0,1.E0,4.E-1);
#38=COLOUR_RGB('',0.E0,1.E0,4.98E-1);
#39=COLOUR_RGB('',0.E0,1.E0,6.E-1);
#40=COLOUR_RGB('',0.E0,1.E0,8.E-1);
#41=DRAUGHTING_PRE_DEFINED_COLOUR('cyan');
#42=COLOUR_RGB('',1.9E-2,6.37E-1,6.37E-1);
#43=COLOUR_RGB('',2.8E-2,5.37E-1,3.7E-2);
#44=COLOUR_RGB('',3.1E-2,2.E-1,6.27E-1);
#45=COLOUR_RGB('',3.1E-2,1.99E-1,6.3E-1);
#46=COLOUR_RGB('',3.E-2,9.81E-1,9.81E-1);
#47=COLOUR_RGB('',3.5E-2,5.14E-1,1.73E-1);
#48=COLOUR_RGB('',6.6E-2,4.E-3,5.93E-1);
#49=COLOUR_RGB('',6.5E-2,9.81E-1,6.2E-2);
#50=COLOUR_RGB('',7.E-2,7.E-2,1.E0);
#51=COLOUR_RGB('',7.E-2,6.E-1,3.E-1);
#52=COLOUR_RGB('',7.8E-2,7.8E-2,7.8E-2);
#53=COLOUR_RGB('',8.E-2,1.E-1,1.1E-1);
#54=COLOUR_RGB('',9.8E-2,9.8E-2,4.39E-1);
#55=COLOUR_RGB('',1.01E-1,6.3E-1,5.03E-1);
#56=COLOUR_RGB('',1.18E-1,5.65E-1,1.E0);
#57=COLOUR_RGB('',1.25E-1,6.98E-1,6.67E-1);
#58=COLOUR_RGB('',1.33E-1,5.45E-1,1.33E-1);
#59=COLOUR_RGB('',1.44E-1,3.4E-2,0.E0);
#60=COLOUR_RGB('',1.7E-1,1.7E-1,1.8E-1);
#61=COLOUR_RGB('',1.8E-1,5.45E-1,3.41E-1);
#62=COLOUR_RGB('',1.84E-1,3.1E-1,3.1E-1);
#63=COLOUR_RGB('',1.9E-1,2.3E-1,3.1E-1);
#64=COLOUR_RGB('',1.96E-1,8.04E-1,1.96E-1);
#65=COLOUR_RGB('',2.E-1,2.E-1,2.E-1);
#66=COLOUR_RGB('',2.E-1,1.E0,0.E0);
#67=COLOUR_RGB('',2.E-1,1.E0,2.E-1);
#68=COLOUR_RGB('',2.E-1,1.E0,1.E0);
#69=COLOUR_RGB('',2.12E-1,5.14E-1,4.16E-1);
#70=COLOUR_RGB('',2.28E-1,2.26E-1,2.52E-1);
#71=COLOUR_RGB('',2.3E-1,3.82E-1,5.6E-1);
#72=COLOUR_RGB('',2.35E-1,7.02E-1,4.43E-1);
#73=COLOUR_RGB('',2.43E-1,8.78E-1,8.16E-1);
#74=COLOUR_RGB('',2.45E-1,5.18E-1,9.48E-1);
#75=COLOUR_RGB('',2.49E-1,5.93E-1,6.3E-1);
#76=COLOUR_RGB('',2.52E-1,2.52E-1,2.52E-1);
#77=COLOUR_RGB('',2.55E-1,4.12E-1,1.E0);
#78=COLOUR_RGB('',2.7E-1,0.E0,4.E-1);
#79=COLOUR_RGB('',2.7E-1,2.7E-1,0.E0);
#80=COLOUR_RGB('',2.7E-1,2.7E-1,1.E0);
#81=COLOUR_RGB('',2.75E-1,5.1E-1,7.06E-1);
#82=COLOUR_RGB('',2.8E-1,2.8E-1,2.8E-1);
#83=COLOUR_RGB('',2.82E-1,2.39E-1,5.45E-1);
#84=COLOUR_RGB('',2.82E-1,8.2E-1,8.E-1);
#85=COLOUR_RGB('',2.94E-1,0.E0,5.1E-1);
#86=COLOUR_RGB('',3.24E-1,5.77E-1,8.1E-1);
#87=COLOUR_RGB('',3.3E-1,0.E0,0.E0);
#88=COLOUR_RGB('',3.3E-1,0.E0,3.3E-1);
#89=COLOUR_RGB('',3.3E-1,0.E0,5.3E-1);
#90=COLOUR_RGB('',3.33E-1,4.2E-1,1.84E-1);
#91=COLOUR_RGB('',3.36E-1,2.55E-1,1.9E-2);
#92=COLOUR_RGB('',3.44E-1,3.63E-1,3.74E-1);
#93=COLOUR_RGB('',3.55E-1,3.53E-1,3.93E-1);
#94=COLOUR_RGB('',3.73E-1,6.2E-1,6.27E-1);
#95=COLOUR_RGB('',3.75E-1,3.8E-1,4.22E-1);
#96=COLOUR_RGB('',3.81E-1,4.41E-1,5.96E-1);
#97=COLOUR_RGB('',3.9E-1,4.4E-1,4.9E-1);
#98=COLOUR_RGB('',3.92E-1,4.37E-1,4.9E-1);
#99=COLOUR_RGB('',3.92E-1,5.84E-1,9.29E-1);
#100=COLOUR_RGB('',4.E-1,0.E0,4.E-1);
#101=COLOUR_RGB('',4.E-1,0.E0,6.7E-1);
#102=COLOUR_RGB('',4.E-1,1.3E-1,0.E0);
#103=COLOUR_RGB('',3.99E-1,3.97E-1,6.41E-1);
#104=COLOUR_RGB('',4.E-1,4.E-1,0.E0);
#105=COLOUR_RGB('',4.E-1,4.E-1,1.E0);
#106=COLOUR_RGB('',4.E-1,8.04E-1,6.67E-1);
#107=COLOUR_RGB('',4.E-1,1.E0,0.E0);
#108=COLOUR_RGB('',4.E-1,1.E0,4.E-1);
#109=COLOUR_RGB('',4.E-1,1.E0,1.E0);
#110=COLOUR_RGB('',4.12E-1,4.12E-1,4.12E-1);
#111=COLOUR_RGB('',4.16E-1,3.53E-1,8.04E-1);
#112=COLOUR_RGB('',4.2E-1,4.2E-1,4.2E-1);
#113=COLOUR_RGB('',4.2E-1,5.57E-1,1.37E-1);
#114=COLOUR_RGB('',4.26E-1,4.26E-1,4.26E-1);
#115=COLOUR_RGB('',4.39E-1,5.02E-1,5.65E-1);
#116=COLOUR_RGB('',4.38E-1,5.03E-1,6.E-1);
#117=COLOUR_RGB('',4.4E-1,5.E-1,6.E-1);
#118=COLOUR_RGB('',4.67E-1,5.33E-1,6.E-1);
#119=COLOUR_RGB('',4.7E-1,0.E0,0.E0);
#120=COLOUR_RGB('',4.7E-1,0.E0,8.E-1);
#121=COLOUR_RGB('',4.7E-1,0.E0,8.7E-1);
#122=COLOUR_RGB('',4.7E-1,2.E-1,7.E-2);
#123=COLOUR_RGB('',4.7E-1,4.7E-1,4.7E-1);
#124=COLOUR_RGB('',4.82E-1,4.08E-1,9.33E-1);
#125=COLOUR_RGB('',4.86E-1,9.88E-1,0.E0);
#126=COLOUR_RGB('',4.99E-1,4.96E-1,5.52E-1);
#127=COLOUR_RGB('',4.98E-1,1.E0,0.E0);
#128=COLOUR_RGB('',4.98E-1,1.E0,8.31E-1);
#129=COLOUR_RGB('',5.02E-1,0.E0,0.E0);
#130=COLOUR_RGB('',5.02E-1,0.E0,5.02E-1);
#131=COLOUR_RGB('',5.02E-1,5.02E-1,0.E0);
#132=COLOUR_RGB('',5.02E-1,5.02E-1,5.02E-1);
#133=COLOUR_RGB('',5.1E-1,3.97E-1,1.07E-1);
#134=COLOUR_RGB('',5.1E-1,4.E-1,1.1E-1);
#135=COLOUR_RGB('',5.3E-1,0.E0,9.3E-1);
#136=COLOUR_RGB('',5.3E-1,2.7E-1,1.3E-1);
#137=COLOUR_RGB('',5.3E-1,5.3E-1,1.E0);
#138=COLOUR_RGB('',5.29E-1,8.08E-1,9.22E-1);
#139=COLOUR_RGB('',5.29E-1,8.08E-1,9.8E-1);
#140=COLOUR_RGB('',5.41E-1,1.69E-1,8.86E-1);
#141=COLOUR_RGB('',5.45E-1,0.E0,0.E0);
#142=COLOUR_RGB('',5.45E-1,0.E0,5.45E-1);
#143=COLOUR_RGB('',5.45E-1,2.71E-1,7.5E-2);
#144=COLOUR_RGB('',5.5E-1,5.5E-1,5.5E-1);
#145=COLOUR_RGB('',5.5E-1,6.5E-1,7.3E-1);
#146=COLOUR_RGB('',5.61E-1,7.37E-1,5.61E-1);
#147=COLOUR_RGB('',5.65E-1,9.33E-1,5.65E-1);
#148=COLOUR_RGB('',5.71E-1,6.1E-1,6.33E-1);
#149=COLOUR_RGB('',5.76E-1,4.39E-1,8.59E-1);
#150=COLOUR_RGB('',5.8E-1,0.E0,8.27E-1);
#151=COLOUR_RGB('',5.96E-1,5.96E-1,5.96E-1);
#152=COLOUR_RGB('',5.96E-1,9.84E-1,5.96E-1);
#153=COLOUR_RGB('',6.E-1,0.E0,6.E-1);
#154=COLOUR_RGB('',6.E-1,1.96E-1,8.E-1);
#155=COLOUR_RGB('',6.E-1,2.E-1,1.E0);
#156=COLOUR_RGB('',6.E-1,3.3E-1,2.E-1);
#157=COLOUR_RGB('',6.E-1,6.E-1,0.E0);
#158=COLOUR_RGB('',6.E-1,6.E-1,1.E0);
#159=COLOUR_RGB('',6.E-1,1.E0,6.E-1);
#160=COLOUR_RGB('',6.E-1,1.E0,1.E0);
#161=COLOUR_RGB('',6.04E-1,8.04E-1,1.96E-1);
#162=COLOUR_RGB('',6.1E-1,0.E0,6.E-2);
#163=COLOUR_RGB('',6.16E-1,6.96E-1,7.7E-1);
#164=COLOUR_RGB('',6.2E-1,6.2E-1,6.2E-1);
#165=COLOUR_RGB('',6.27E-1,3.22E-1,1.76E-1);
#166=COLOUR_RGB('',6.4E-1,4.64E-1,3.01E-1);
#167=COLOUR_RGB('',6.4E-1,6.5E-1,6.5E-1);
#168=COLOUR_RGB('',6.47E-1,1.65E-1,1.65E-1);
#169=COLOUR_RGB('',6.56E-1,3.3E-2,6.E-1);
#170=COLOUR_RGB('',6.59E-1,1.5E-2,2.9E-2);
#171=COLOUR_RGB('',6.63E-1,6.63E-1,6.63E-1);
#172=COLOUR_RGB('',6.7E-1,0.E0,0.E0);
#173=COLOUR_RGB('',6.7E-1,0.E0,5.3E-1);
#174=COLOUR_RGB('',6.7E-1,4.E-1,2.7E-1);
#175=COLOUR_RGB('',6.7E-1,4.E-1,1.E0);
#176=COLOUR_RGB('',6.7E-1,6.7E-1,1.E0);
#177=COLOUR_RGB('',6.7E-1,1.E0,0.E0);
#178=COLOUR_RGB('',6.78E-1,8.47E-1,9.02E-1);
#179=COLOUR_RGB('',6.78E-1,1.E0,1.84E-1);
#180=COLOUR_RGB('',6.8E-1,8.1E-1,1.E0);
#181=COLOUR_RGB('',6.87E-1,6.83E-1,7.59E-1);
#182=COLOUR_RGB('',6.86E-1,9.33E-1,9.33E-1);
#183=COLOUR_RGB('',6.9E-1,7.69E-1,8.71E-1);
#184=COLOUR_RGB('',6.9E-1,8.78E-1,9.02E-1);
#185=COLOUR_RGB('',6.98E-1,1.33E-1,1.33E-1);
#186=COLOUR_RGB('',7.22E-1,5.25E-1,4.3E-2);
#187=COLOUR_RGB('',7.3E-1,2.7E-1,1.E0);
#188=COLOUR_RGB('',7.29E-1,3.33E-1,8.27E-1);
#189=COLOUR_RGB('',7.3E-1,4.E-1,0.E0);
#190=COLOUR_RGB('',7.3E-1,4.7E-1,3.3E-1);
#191=COLOUR_RGB('',7.3E-1,7.3E-1,7.3E-1);
#192=COLOUR_RGB('',7.37E-1,5.61E-1,5.61E-1);
#193=COLOUR_RGB('',7.4E-1,4.E-1,4.E-1);
#194=COLOUR_RGB('',7.41E-1,7.18E-1,4.2E-1);
#195=COLOUR_RGB('',7.5E-1,7.2E-1,0.E0);
#196=COLOUR_RGB('',7.53E-1,7.53E-1,7.53E-1);
#197=COLOUR_RGB('',7.8E-1,8.2E-2,5.22E-1);
#198=COLOUR_RGB('',8.E-1,0.E0,8.E-1);
#199=COLOUR_RGB('',8.E-1,5.3E-1,4.E-1);
#200=COLOUR_RGB('',8.E-1,6.E-1,1.E0);
#201=COLOUR_RGB('',8.E-1,8.E-1,0.E0);
#202=COLOUR_RGB('',8.E-1,8.E-1,1.E0);
#203=COLOUR_RGB('',8.E-1,1.E0,8.E-1);
#204=COLOUR_RGB('',8.E-1,1.E0,1.E0);
#205=COLOUR_RGB('',8.04E-1,3.61E-1,3.61E-1);
#206=COLOUR_RGB('',8.04E-1,5.22E-1,2.47E-1);
#207=COLOUR_RGB('',8.07E-1,7.65E-1,5.8E-2);
#208=COLOUR_RGB('',8.2E-1,6.E-1,2.4E-1);
#209=COLOUR_RGB('',8.19E-1,7.11E-1,5.6E-2);
#210=COLOUR_RGB('',8.24E-1,4.12E-1,1.18E-1);
#211=COLOUR_RGB('',8.24E-1,7.06E-1,5.49E-1);
#212=COLOUR_RGB('',8.26E-1,8.26E-1,8.26E-1);
#213=COLOUR_RGB('',8.3E-1,3.E-2,3.E-2);
#214=COLOUR_RGB('',8.41E-1,8.01E-1,7.15E-1);
#215=COLOUR_RGB('',8.4E-1,8.4E-1,8.5E-1);
#216=COLOUR_RGB('',8.42E-1,8.99E-1,9.33E-1);
#217=COLOUR_RGB('',8.47E-1,7.49E-1,8.47E-1);
#218=COLOUR_RGB('',8.55E-1,4.39E-1,8.39E-1);
#219=COLOUR_RGB('',8.55E-1,6.47E-1,1.25E-1);
#220=COLOUR_RGB('',8.59E-1,4.39E-1,5.76E-1);
#221=COLOUR_RGB('',8.6E-1,4.7E-1,1.6E-1);
#222=COLOUR_RGB('',8.63E-1,7.8E-2,2.35E-1);
#223=COLOUR_RGB('',8.63E-1,8.63E-1,8.63E-1);
#224=COLOUR_RGB('',8.67E-1,6.27E-1,8.67E-1);
#225=COLOUR_RGB('',8.7E-1,0.E0,0.E0);
#226=COLOUR_RGB('',8.7E-1,6.E-1,4.7E-1);
#227=COLOUR_RGB('',8.71E-1,7.22E-1,5.29E-1);
#228=COLOUR_RGB('',8.784E-1,9.49E-1,1.E0);
#229=COLOUR_RGB('',8.78E-1,1.E0,1.E0);
#230=COLOUR_RGB('',9.E-1,8.3E-1,1.2E-1);
#231=COLOUR_RGB('',9.02E-1,9.02E-1,9.8E-1);
#232=COLOUR_RGB('',9.14E-1,5.88E-1,4.78E-1);
#233=COLOUR_RGB('',9.3E-1,0.E0,9.3E-1);
#234=COLOUR_RGB('',9.3E-1,6.7E-1,5.3E-1);
#235=COLOUR_RGB('',9.3E-1,8.E-1,1.E0);
#236=COLOUR_RGB('',9.3E-1,9.3E-1,0.E0);
#237=COLOUR_RGB('',9.3E-1,1.E0,9.3E-1);
#238=COLOUR_RGB('',9.3E-1,1.E0,1.E0);
#239=COLOUR_RGB('',9.33E-1,5.1E-1,9.33E-1);
#240=COLOUR_RGB('',9.33E-1,9.1E-1,6.67E-1);
#241=COLOUR_RGB('',9.41E-1,5.02E-1,5.02E-1);
#242=COLOUR_RGB('',9.41E-1,9.02E-1,5.49E-1);
#243=COLOUR_RGB('',9.41E-1,9.73E-1,1.E0);
#244=COLOUR_RGB('',9.41E-1,1.E0,9.41E-1);
#245=COLOUR_RGB('',9.41E-1,1.E0,1.E0);
#246=COLOUR_RGB('',9.57E-1,6.43E-1,3.76E-1);
#247=COLOUR_RGB('',9.59E-1,4.9E-2,8.78E-1);
#248=COLOUR_RGB('',9.61E-1,8.71E-1,7.02E-1);
#249=COLOUR_RGB('',9.61E-1,9.61E-1,8.63E-1);
#250=COLOUR_RGB('',9.6E-1,9.6E-1,9.6E-1);
#251=COLOUR_RGB('',9.61E-1,1.E0,9.8E-1);
#252=COLOUR_RGB('',9.73E-1,9.73E-1,1.E0);
#253=COLOUR_RGB('',9.8E-1,5.02E-1,4.47E-1);
#254=COLOUR_RGB('',9.8E-1,6.47E-1,0.E0);
#255=COLOUR_RGB('',9.8E-1,9.22E-1,8.43E-1);
#256=COLOUR_RGB('',9.8E-1,9.41E-1,9.02E-1);
#257=COLOUR_RGB('',9.8E-1,9.8E-1,8.24E-1);
#258=COLOUR_RGB('',9.89E-1,9.04E-1,2.3E-2);
#259=COLOUR_RGB('',9.92E-1,9.61E-1,9.02E-1);
#260=DRAUGHTING_PRE_DEFINED_COLOUR('red');
#261=COLOUR_RGB('',1.E0,0.E0,2.7E-1);
#262=COLOUR_RGB('',1.E0,0.E0,4.7E-1);
#263=COLOUR_RGB('',1.E0,0.E0,7.8E-1);
#264=DRAUGHTING_PRE_DEFINED_COLOUR('magenta');
#265=COLOUR_RGB('',1.E0,2.7E-2,2.7E-2);
#266=COLOUR_RGB('',1.E0,3.E-2,3.E-2);
#267=COLOUR_RGB('',1.E0,7.E-2,7.E-2);
#268=COLOUR_RGB('',1.E0,7.8E-2,5.76E-1);
#269=COLOUR_RGB('',1.E0,2.E-1,1.E0);
#270=COLOUR_RGB('',1.E0,2.7E-1,0.E0);
#271=COLOUR_RGB('',1.E0,2.7E-1,2.7E-1);
#272=COLOUR_RGB('',1.E0,3.6E-1,0.E0);
#273=COLOUR_RGB('',1.E0,3.88E-1,2.78E-1);
#274=COLOUR_RGB('',1.E0,4.E-1,1.E0);
#275=COLOUR_RGB('',1.E0,4.12E-1,7.06E-1);
#276=COLOUR_RGB('',1.E0,4.7E-1,0.E0);
#277=COLOUR_RGB('',1.E0,4.7E-1,4.7E-1);
#278=COLOUR_RGB('',1.E0,4.7E-1,5.3E-1);
#279=COLOUR_RGB('',1.E0,4.98E-1,3.14E-1);
#280=COLOUR_RGB('',1.E0,5.49E-1,0.E0);
#281=COLOUR_RGB('',1.E0,6.E-1,1.E0);
#282=COLOUR_RGB('',1.E0,6.27E-1,4.78E-1);
#283=COLOUR_RGB('',1.E0,6.47E-1,0.E0);
#284=COLOUR_RGB('',1.E0,6.7E-1,0.E0);
#285=COLOUR_RGB('',1.E0,6.7E-1,6.7E-1);
#286=COLOUR_RGB('',1.E0,7.14E-1,7.57E-1);
#287=COLOUR_RGB('',1.E0,7.2E-1,0.E0);
#288=COLOUR_RGB('',1.E0,7.3E-1,5.3E-1);
#289=COLOUR_RGB('',1.E0,7.3E-1,6.E-1);
#290=COLOUR_RGB('',1.E0,7.53E-1,7.96E-1);
#291=COLOUR_RGB('',1.E0,7.7E-1,6.E-2);
#292=COLOUR_RGB('',1.E0,8.E-1,8.E-1);
#293=COLOUR_RGB('',1.E0,8.E-1,1.E0);
#294=COLOUR_RGB('',1.E0,8.43E-1,0.E0);
#295=COLOUR_RGB('',1.E0,8.55E-1,7.25E-1);
#296=COLOUR_RGB('',1.E0,8.7E-1,0.E0);
#297=COLOUR_RGB('',1.E0,8.71E-1,6.78E-1);
#298=COLOUR_RGB('',1.E0,8.94E-1,7.1E-1);
#299=COLOUR_RGB('',1.E0,8.94E-1,7.69E-1);
#300=COLOUR_RGB('',1.E0,8.94E-1,8.82E-1);
#301=COLOUR_RGB('',1.E0,9.22E-1,8.04E-1);
#302=COLOUR_RGB('',1.E0,9.3E-1,9.3E-1);
#303=COLOUR_RGB('',1.E0,9.3E-1,1.E0);
#304=COLOUR_RGB('',1.E0,9.37E-1,8.35E-1);
#305=COLOUR_RGB('',1.E0,9.41E-1,9.61E-1);
#306=COLOUR_RGB('',1.E0,9.61E-1,9.33E-1);
#307=COLOUR_RGB('',1.E0,9.73E-1,8.63E-1);
#308=COLOUR_RGB('',1.E0,9.8E-1,8.04E-1);
#309=COLOUR_RGB('',1.E0,9.8E-1,9.41E-1);
#310=COLOUR_RGB('',1.E0,9.8E-1,9.8E-1);
#311=DRAUGHTING_PRE_DEFINED_COLOUR('yellow');
#312=COLOUR_RGB('',1.E0,1.E0,1.3E-1);
#313=COLOUR_RGB('',1.E0,1.E0,3.3E-1);
#314=COLOUR_RGB('',1.E0,1.E0,5.3E-1);
#315=COLOUR_RGB('',1.E0,1.E0,7.3E-1);
#316=COLOUR_RGB('',1.E0,1.E0,8.78E-1);
#317=COLOUR_RGB('',1.E0,1.E0,9.3E-1);
#318=COLOUR_RGB('',1.E0,1.E0,9.41E-1);
#319=COLOUR_RGB('',1.E0,1.E0,9.49E-1);
#320=DRAUGHTING_PRE_DEFINED_COLOUR('white');
#341=CIRCLE('',#340,6.E0);
#356=CIRCLE('',#355,6.E0);
#385=CIRCLE('',#384,6.E0);
#400=CIRCLE('',#399,6.E0);
#424=B_SPLINE_CURVE_WITH_KNOTS('',3,(#411,#412,#413,#414,#415,#416,#417,#418,
#419,#420,#421,#422,#423),.UNSPECIFIED.,.F.,.F.,(4,1,1,1,1,1,1,1,1,1,4),(0.E0,
1.E-1,2.E-1,3.E-1,4.E-1,5.E-1,6.E-1,7.E-1,8.E-1,9.E-1,1.E0),.UNSPECIFIED.);
#441=B_SPLINE_CURVE_WITH_KNOTS('',3,(#428,#429,#430,#431,#432,#433,#434,#435,
#436,#437,#438,#439,#440),.UNSPECIFIED.,.F.,.F.,(4,1,1,1,1,1,1,1,1,1,4),(0.E0,
1.E-1,2.E-1,3.E-1,4.E-1,5.E-1,6.E-1,7.E-1,8.E-1,9.E-1,1.E0),.UNSPECIFIED.);
#463=CIRCLE('',#462,3.999999996528E0);
#478=CIRCLE('',#477,3.999999996528E0);
#535=CIRCLE('',#534,2.E0);
#543=CIRCLE('',#542,2.E0);
#557=B_SPLINE_CURVE_WITH_KNOTS('',3,(#547,#548,#549,#550,#551,#552,#553,#554,
#555,#556),.UNSPECIFIED.,.F.,.F.,(4,1,1,1,1,1,1,4),(0.E0,1.428571428571E-1,
2.857142857143E-1,4.285714285714E-1,5.714285714286E-1,7.142857142857E-1,
8.571428571429E-1,1.E0),.UNSPECIFIED.);
#579=CIRCLE('',#578,3.999999996528E0);
#594=CIRCLE('',#593,3.999999996528E0);
#618=B_SPLINE_CURVE_WITH_KNOTS('',3,(#605,#606,#607,#608,#609,#610,#611,#612,
#613,#614,#615,#616,#617),.UNSPECIFIED.,.F.,.F.,(4,1,1,1,1,1,1,1,1,1,4),(0.E0,
1.E-1,2.E-1,3.E-1,4.E-1,5.E-1,6.E-1,7.E-1,8.E-1,9.E-1,1.E0),.UNSPECIFIED.);
#635=B_SPLINE_CURVE_WITH_KNOTS('',3,(#622,#623,#624,#625,#626,#627,#628,#629,
#630,#631,#632,#633,#634),.UNSPECIFIED.,.F.,.F.,(4,1,1,1,1,1,1,1,1,1,4),(0.E0,
1.E-1,2.E-1,3.E-1,4.E-1,5.E-1,6.E-1,7.E-1,8.E-1,9.E-1,1.E0),.UNSPECIFIED.);
#650=CIRCLE('',#649,2.E0);
#658=CIRCLE('',#657,3.999999996528E0);
#701=CIRCLE('',#700,3.999999996528E0);
#730=CIRCLE('',#729,2.E0);
#745=CIRCLE('',#744,2.E0);
#801=B_SPLINE_CURVE_WITH_KNOTS('',3,(#791,#792,#793,#794,#795,#796,#797,#798,
#799,#800),.UNSPECIFIED.,.F.,.F.,(4,1,1,1,1,1,1,4),(0.E0,1.428571428571E-1,
2.857142857143E-1,4.285714285714E-1,5.714285714286E-1,7.142857142857E-1,
8.571428571429E-1,1.E0),.UNSPECIFIED.);
#809=CIRCLE('',#808,2.E0);
#845=CIRCLE('',#844,2.E0);
#853=CIRCLE('',#852,2.E0);
#867=B_SPLINE_CURVE_WITH_KNOTS('',3,(#857,#858,#859,#860,#861,#862,#863,#864,
#865,#866),.UNSPECIFIED.,.F.,.F.,(4,1,1,1,1,1,1,4),(0.E0,1.428571428571E-1,
2.857142857143E-1,4.285714285714E-1,5.714285714286E-1,7.142857142857E-1,
8.571428571429E-1,1.E0),.UNSPECIFIED.);
#875=CIRCLE('',#874,2.E0);
#883=CIRCLE('',#882,2.E0);
#891=CIRCLE('',#890,2.E0);
#905=B_SPLINE_CURVE_WITH_KNOTS('',3,(#895,#896,#897,#898,#899,#900,#901,#902,
#903,#904),.UNSPECIFIED.,.F.,.F.,(4,1,1,1,1,1,1,4),(0.E0,1.428571428571E-1,
2.857142857143E-1,4.285714285714E-1,5.714285714286E-1,7.142857142857E-1,
8.571428571429E-1,1.E0),.UNSPECIFIED.);
#913=CIRCLE('',#912,2.E0);
#921=CIRCLE('',#920,2.E0);
#929=CIRCLE('',#928,2.E0);
#937=CIRCLE('',#936,2.E0);
#945=CIRCLE('',#944,2.E0);
#953=CIRCLE('',#952,2.E0);
#989=CIRCLE('',#988,2.E0);
#997=CIRCLE('',#996,2.E0);
#1005=CIRCLE('',#1004,2.E0);
#1013=CIRCLE('',#1012,2.E0);
#1021=CIRCLE('',#1020,2.E0);
#1029=CIRCLE('',#1028,2.E0);
#1037=CIRCLE('',#1036,2.E0);
#1052=CIRCLE('',#1051,2.E0);
#1060=CIRCLE('',#1059,2.E0);
#1068=CIRCLE('',#1067,2.E0);
#1076=CIRCLE('',#1075,2.E0);
#1084=CIRCLE('',#1083,2.E0);
#1092=CIRCLE('',#1091,2.E0);
#1100=CIRCLE('',#1099,2.E0);
#1108=CIRCLE('',#1107,8.E0);
#1116=CIRCLE('',#1115,8.E0);
#1124=CIRCLE('',#1123,2.E0);
#1132=CIRCLE('',#1131,6.E0);
#1147=CIRCLE('',#1146,6.E0);
#1162=CIRCLE('',#1161,6.E0);
#1177=CIRCLE('',#1176,6.E0);
#1192=CIRCLE('',#1191,2.E0);
#1200=CIRCLE('',#1199,2.E0);
#1208=CIRCLE('',#1207,8.E0);
#1216=CIRCLE('',#1215,8.E0);
#1224=CIRCLE('',#1223,2.E0);
#1232=CIRCLE('',#1231,2.E0);
#1240=CIRCLE('',#1239,2.E0);
#1248=CIRCLE('',#1247,2.E0);
#1256=CIRCLE('',#1255,2.E0);
#1264=CIRCLE('',#1263,3.999999996528E0);
#1307=CIRCLE('',#1306,3.999999996528E0);
#1336=CIRCLE('',#1335,8.E0);
#1344=CIRCLE('',#1343,8.E0);
#1380=CIRCLE('',#1379,2.E0);
#1388=CIRCLE('',#1387,2.E0);
#1396=CIRCLE('',#1395,2.E0);
#1404=CIRCLE('',#1403,2.E0);
#1412=CIRCLE('',#1411,2.E0);
#1448=CIRCLE('',#1447,8.E0);
#1456=CIRCLE('',#1455,8.E0);
#1464=CIRCLE('',#1463,2.E0);
#1479=CIRCLE('',#1478,2.E0);
#1487=CIRCLE('',#1486,2.E0);
#1495=CIRCLE('',#1494,2.E0);
#1672=EDGE_CURVE('',#1625,#1626,#325,.T.);
#1674=EDGE_CURVE('',#1590,#1625,#1471,.T.);
#1676=EDGE_CURVE('',#1502,#1590,#333,.T.);
#1678=EDGE_CURVE('',#1501,#1502,#341,.T.);
#1680=EDGE_CURVE('',#1508,#1501,#348,.T.);
#1682=EDGE_CURVE('',#1512,#1508,#356,.T.);
#1684=EDGE_CURVE('',#1594,#1512,#363,.T.);
#1686=EDGE_CURVE('',#1634,#1594,#737,.T.);
#1688=EDGE_CURVE('',#1633,#1634,#370,.T.);
#1690=EDGE_CURVE('',#1618,#1633,#642,.T.);
#1692=EDGE_CURVE('',#1518,#1618,#377,.T.);
#1694=EDGE_CURVE('',#1517,#1518,#385,.T.);
#1696=EDGE_CURVE('',#1524,#1517,#392,.T.);
#1698=EDGE_CURVE('',#1528,#1524,#400,.T.);
#1700=EDGE_CURVE('',#1566,#1528,#407,.T.);
#1702=EDGE_CURVE('',#1626,#1566,#1044,.T.);
#1712=EDGE_CURVE('',#1621,#1622,#448,.T.);
#1714=EDGE_CURVE('',#1621,#1625,#424,.T.);
#1717=EDGE_CURVE('',#1626,#1622,#441,.T.);
#1728=EDGE_CURVE('',#1622,#1658,#455,.T.);
#1730=EDGE_CURVE('',#1657,#1658,#463,.T.);
#1732=EDGE_CURVE('',#1662,#1657,#470,.T.);
#1734=EDGE_CURVE('',#1664,#1662,#478,.T.);
#1736=EDGE_CURVE('',#1664,#1621,#485,.T.);
#1746=EDGE_CURVE('',#1654,#1650,#492,.T.);
#1748=EDGE_CURVE('',#1658,#1654,#905,.T.);
#1751=EDGE_CURVE('',#1565,#1622,#499,.T.);
#1753=EDGE_CURVE('',#1572,#1565,#506,.T.);
#1755=EDGE_CURVE('',#1610,#1572,#513,.T.);
#1757=EDGE_CURVE('',#1612,#1610,#520,.T.);
#1759=EDGE_CURVE('',#1629,#1612,#527,.T.);
#1761=EDGE_CURVE('',#1648,#1629,#601,.T.);
#1763=EDGE_CURVE('',#1650,#1648,#557,.T.);
#1773=EDGE_CURVE('',#1650,#1644,#535,.T.);
#1775=EDGE_CURVE('',#1653,#1644,#837,.T.);
#1777=EDGE_CURVE('',#1653,#1654,#543,.T.);
#1788=EDGE_CURVE('',#1648,#1646,#594,.T.);
#1790=EDGE_CURVE('',#1644,#1646,#845,.T.);
#1802=EDGE_CURVE('',#1629,#1630,#564,.T.);
#1804=EDGE_CURVE('',#1630,#1642,#571,.T.);
#1806=EDGE_CURVE('',#1641,#1642,#579,.T.);
#1808=EDGE_CURVE('',#1646,#1641,#586,.T.);
#1821=EDGE_CURVE('',#1629,#1633,#618,.T.);
#1824=EDGE_CURVE('',#1634,#1630,#635,.T.);
#1837=EDGE_CURVE('',#1618,#1612,#650,.T.);
#1847=EDGE_CURVE('',#1616,#1614,#701,.T.);
#1849=EDGE_CURVE('',#1616,#1618,#1092,.T.);
#1852=EDGE_CURVE('',#1612,#1614,#1495,.T.);
#1862=EDGE_CURVE('',#1598,#1596,#658,.T.);
#1864=EDGE_CURVE('',#1596,#1514,#665,.T.);
#1866=EDGE_CURVE('',#1538,#1514,#672,.T.);
#1868=EDGE_CURVE('',#1538,#1542,#679,.T.);
#1870=EDGE_CURVE('',#1542,#1522,#686,.T.);
#1872=EDGE_CURVE('',#1522,#1616,#693,.T.);
#1875=EDGE_CURVE('',#1614,#1608,#708,.T.);
#1877=EDGE_CURVE('',#1608,#1602,#715,.T.);
#1879=EDGE_CURVE('',#1602,#1598,#722,.T.);
#1889=EDGE_CURVE('',#1593,#1594,#745,.T.);
#1891=EDGE_CURVE('',#1594,#1596,#1487,.T.);
#1894=EDGE_CURVE('',#1593,#1598,#730,.T.);
#1904=EDGE_CURVE('',#1593,#1630,#759,.T.);
#1918=EDGE_CURVE('',#1666,#1664,#801,.T.);
#1920=EDGE_CURVE('',#1638,#1666,#752,.T.);
#1922=EDGE_CURVE('',#1642,#1638,#867,.T.);
#1926=EDGE_CURVE('',#1600,#1593,#766,.T.);
#1928=EDGE_CURVE('',#1582,#1600,#773,.T.);
#1930=EDGE_CURVE('',#1584,#1582,#780,.T.);
#1932=EDGE_CURVE('',#1621,#1584,#787,.T.);
#1943=EDGE_CURVE('',#1660,#1662,#809,.T.);
#1945=EDGE_CURVE('',#1666,#1660,#883,.T.);
#1956=EDGE_CURVE('',#1660,#1653,#830,.T.);
#1960=EDGE_CURVE('',#1653,#1657,#891,.T.);
#1970=EDGE_CURVE('',#1644,#1637,#816,.T.);
#1972=EDGE_CURVE('',#1637,#1660,#823,.T.);
#1987=EDGE_CURVE('',#1637,#1641,#853,.T.);
#1997=EDGE_CURVE('',#1637,#1638,#875,.T.);
#2037=EDGE_CURVE('',#1600,#1602,#913,.T.);
#2047=EDGE_CURVE('',#1604,#1600,#937,.T.);
#2050=EDGE_CURVE('',#1604,#1602,#921,.T.);
#2060=EDGE_CURVE('',#1582,#1578,#929,.T.);
#2064=EDGE_CURVE('',#1578,#1604,#967,.T.);
#2075=EDGE_CURVE('',#1578,#1580,#953,.T.);
#2077=EDGE_CURVE('',#1582,#1580,#945,.T.);
#2087=EDGE_CURVE('',#1578,#1576,#960,.T.);
#2089=EDGE_CURVE('',#1576,#1574,#1021,.T.);
#2091=EDGE_CURVE('',#1580,#1574,#1321,.T.);
#2104=EDGE_CURVE('',#1606,#1604,#974,.T.);
#2106=EDGE_CURVE('',#1606,#1576,#981,.T.);
#2119=EDGE_CURVE('',#1606,#1608,#989,.T.);
#2129=EDGE_CURVE('',#1610,#1606,#1013,.T.);
#2132=EDGE_CURVE('',#1610,#1608,#997,.T.);
#2142=EDGE_CURVE('',#1576,#1572,#1005,.T.);
#2156=EDGE_CURVE('',#1572,#1574,#1029,.T.);
#2168=EDGE_CURVE('',#1565,#1570,#1037,.T.);
#2170=EDGE_CURVE('',#1574,#1570,#1328,.T.);
#2181=EDGE_CURVE('',#1565,#1566,#1052,.T.);
#2183=EDGE_CURVE('',#1566,#1568,#1060,.T.);
#2185=EDGE_CURVE('',#1570,#1568,#1264,.T.);
#2210=EDGE_CURVE('',#1528,#1530,#1068,.T.);
#2212=EDGE_CURVE('',#1568,#1530,#1271,.T.);
#2223=EDGE_CURVE('',#1524,#1526,#1076,.T.);
#2225=EDGE_CURVE('',#1530,#1526,#1336,.T.);
#2237=EDGE_CURVE('',#1517,#1521,#1084,.T.);
#2239=EDGE_CURVE('',#1526,#1521,#1351,.T.);
#2251=EDGE_CURVE('',#1518,#1522,#1100,.T.);
#2253=EDGE_CURVE('',#1521,#1522,#1108,.T.);
#2278=EDGE_CURVE('',#1542,#1546,#1116,.T.);
#2280=EDGE_CURVE('',#1546,#1521,#1358,.T.);
#2290=EDGE_CURVE('',#1540,#1544,#1177,.T.);
#2292=EDGE_CURVE('',#1544,#1546,#1380,.T.);
#2295=EDGE_CURVE('',#1540,#1542,#1124,.T.);
#2305=EDGE_CURVE('',#1533,#1534,#1132,.T.);
#2307=EDGE_CURVE('',#1560,#1533,#1139,.T.);
#2309=EDGE_CURVE('',#1556,#1560,#1147,.T.);
#2311=EDGE_CURVE('',#1552,#1556,#1154,.T.);
#2313=EDGE_CURVE('',#1548,#1552,#1162,.T.);
#2315=EDGE_CURVE('',#1544,#1548,#1169,.T.);
#2318=EDGE_CURVE('',#1534,#1540,#1184,.T.);
#2329=EDGE_CURVE('',#1534,#1538,#1200,.T.);
#2331=EDGE_CURVE('',#1537,#1538,#1216,.T.);
#2333=EDGE_CURVE('',#1533,#1537,#1192,.T.);
#2355=EDGE_CURVE('',#1514,#1510,#1208,.T.);
#2357=EDGE_CURVE('',#1537,#1510,#1440,.T.);
#2370=EDGE_CURVE('',#1508,#1510,#1232,.T.);
#2373=EDGE_CURVE('',#1512,#1514,#1224,.T.);
#2384=EDGE_CURVE('',#1501,#1505,#1240,.T.);
#2386=EDGE_CURVE('',#1510,#1505,#1419,.T.);
#2398=EDGE_CURVE('',#1502,#1506,#1256,.T.);
#2400=EDGE_CURVE('',#1505,#1506,#1448,.T.);
#2411=EDGE_CURVE('',#1588,#1590,#1248,.T.);
#2413=EDGE_CURVE('',#1506,#1588,#1299,.T.);
#2425=EDGE_CURVE('',#1588,#1586,#1307,.T.);
#2428=EDGE_CURVE('',#1590,#1584,#1479,.T.);
#2430=EDGE_CURVE('',#1584,#1586,#1464,.T.);
#2442=EDGE_CURVE('',#1554,#1530,#1278,.T.);
#2444=EDGE_CURVE('',#1554,#1558,#1285,.T.);
#2446=EDGE_CURVE('',#1558,#1506,#1292,.T.);
#2450=EDGE_CURVE('',#1586,#1580,#1314,.T.);
#2463=EDGE_CURVE('',#1550,#1526,#1372,.T.);
#2465=EDGE_CURVE('',#1550,#1554,#1344,.T.);
#2478=EDGE_CURVE('',#1546,#1550,#1365,.T.);
#2490=EDGE_CURVE('',#1548,#1550,#1388,.T.);
#2503=EDGE_CURVE('',#1552,#1554,#1396,.T.);
#2516=EDGE_CURVE('',#1556,#1558,#1404,.T.);
#2529=EDGE_CURVE('',#1560,#1562,#1412,.T.);
#2531=EDGE_CURVE('',#1558,#1562,#1456,.T.);
#2544=EDGE_CURVE('',#1562,#1537,#1433,.T.);
#2556=EDGE_CURVE('',#1562,#1505,#1426,.T.);
#2623=CLOSED_SHELL('',(#1706,#1721,#1740,#1767,#1782,#1796,#1814,#1828,#1841,
#1856,#1883,#1898,#1911,#1936,#1950,#1964,#1978,#1991,#2004,#2016,#2028,#2041,
#2054,#2068,#2081,#2096,#2110,#2123,#2136,#2149,#2161,#2175,#2190,#2202,#2216,
#2230,#2244,#2258,#2270,#2284,#2299,#2322,#2337,#2349,#2363,#2377,#2391,#2405,
#2419,#2434,#2456,#2470,#2483,#2496,#2509,#2522,#2536,#2549,#2562,#2574,#2586,
#2598,#2610,#2622));
#2624=MANIFOLD_SOLID_BREP('',#2623);
#2631=(LENGTH_UNIT()NAMED_UNIT(*)SI_UNIT(.MILLI.,.METRE.));
#2633=(NAMED_UNIT(*)PLANE_ANGLE_UNIT()SI_UNIT($,.RADIAN.));
#2636=(NAMED_UNIT(*)SI_UNIT($,.STERADIAN.)SOLID_ANGLE_UNIT());
#2639=ADVANCED_BREP_SHAPE_REPRESENTATION('',(#2624),#2638);
#2647=PRODUCT_DEFINITION('design','',#2646,#2643);
#2648=PRODUCT_DEFINITION_SHAPE('','SHAPE FOR 0002.',#2647);
#2649=SHAPE_DEFINITION_REPRESENTATION(#2648,#2639);
ENDSEC;
END-ISO-10303-21;
