sim_time,phase,error_shoulder_joint,error_upperArm_joint,error_foreArm_joint,error_wrist1_joint,error_wrist2_joint,error_wrist3_joint,q_shoulder_joint,q_upperArm_joint,q_foreArm_joint,q_wrist1_joint,q_wrist2_joint,q_wrist3_joint,v_shoulder_joint,v_upperArm_joint,v_foreArm_joint,v_wrist1_joint,v_wrist2_joint,v_wrist3_joint,reference_shoulder_joint,reference_upperArm_joint,reference_foreArm_joint,reference_wrist1_joint,reference_wrist2_joint,reference_wrist3_joint,command_effort_shoulder_joint,command_effort_upperArm_joint,command_effort_foreArm_joint,command_effort_wrist1_joint,command_effort_wrist2_joint,command_effort_wrist3_joint
1.09,C：到达把手上方 · 执行,4.841301046015962e-05,-0.00014879445788129608,0.0001104175379338379,-7.00879623567463e-05,8.922018854606861e-06,8.782206354046411e-08,0.001163200113325044,0.3474439344230323,1.3315055665774156,-0.3625975089455714,1.5675246242888172,0.00030708481407662106,0.0010295504769310877,-0.001853683524996888,0.0013789893700947519,0.0003369557596888781,0.0012448427455354018,0.0012841563288266578,0.0012116131237852037,0.347295139965151,1.3316159841153494,-0.36266759690792816,1.5675335463076718,0.0003071726361401615,0.14394336996552146,3.876538028094545,-9.64133961395514,2.3269273843401126,0.0482273244102806,0.009131982502992601
1.1,C：到达把手上方 · 执行,4.479283896802167e-05,-0.00013544235516649294,0.00010205976184818333,-6.0299749885250886e-05,8.244537845314426e-06,2.4567992106796425e-06,0.0011916469515276414,0.347405755653607,1.3315387510202117,-0.3625673971579725,1.5675495047594565,0.0003446158369998634,0.004744953428215252,-0.005807509297943946,0.005316559526670176,0.00589075106382266,0.0028293176128301252,0.006433353927481676,0.001236439790495663,0.3472703132984405,1.3316408107820599,-0.36262769690785773,1.5675577492973019,0.00034707263621054304,0.2672051421003344,3.5298866453293547,-9.492091038250013,2.3263020035573314,0.05056981738062147,0.009939381320652696
1.11,C：到达把手上方 · 执行,3.9070644171655244e-05,-0.00011824850685615562,8.966432139945191e-05,-5.048901352516788e-05,8.216723976106621e-06,8.733120430802022e-06,0.001272595812430952,0.34731333513918966,1.3316263731267672,-0.3624563078952321,1.567577097437238,0.00045923951488018695,0.01123132930166085,-0.012447745547840353,0.01196567911218721,0.016030901647656724,0.002726033110251364,0.0162184738718228,0.0013116664566026072,0.3471950866323335,1.3317160374481667,-0.36250679690875726,1.5675853141612142,0.00046797263531098897,0.4010862730515388,3.1861026733964533,-9.34504498535569,2.325701417110727,0.059335914270322136,0.010768517786000414
1.12,C：到达把手上方 · 执行,3.187430331619539e-05,-9.814235915367453e-05,7.46469976580233e-05,-4.067585447209421e-05,8.432865576502024e-06,1.8437082884828395e-05,0.0014334188199530788,0.3471396023248206,1.3317950171171762,-0.3622192210542852,1.5676044461599097,0.0006964355524261607,0.0204497176291674,-0.021796051258407282,0.021257917849256514,0.03064077261872328,0.002756273087911599,0.030477920048426237,0.0014652931232692742,0.34704145996566693,1.3318696641148342,-0.3622598969087573,1.5676128790254862,0.0007148726353109891,0.5349923190643243,2.8452024521905814,-9.19870732838138,2.3250256555687234,0.06807686420517853,0.01170018166191496
1.13,C：到达把手上方 · 执行,2.37758675662779e-05,-7.615398536858775e-05,5.845408849269873e-05,-3.060921186087695e-05,7.997025518236e-06,3.190122776862512e-05,0.0017015439223696629,0.3468575872843688,1.3320712366930074,-0.3618113876968964,1.5676324468642413,0.001100871407542364,0.03241927313241041,-0.03383268551773951,0.033219316612577016,0.04973655853857076,0.0028374861052396193,0.04921627573157768,0.0017253197899359408,0.3467814332990002,1.3321296907815001,-0.3618419969087573,1.5676404438897595,0.0011327726353109891,0.6690801359031022,2.507039270512416,-9.052746604984865,2.3242159830449567,0.07677654557475806,0.012741914167889322
1.1400000000000001,C：到达把手上方 · 执行,1.5199542624130986e-05,-5.345972043385716e-05,4.221572584572897e-05,-2.0314626896500432e-05,6.801950373835908e-06,4.9178031135226324e-05,0.0021045469139784763,0.3464404663527674,1.332481901722321,-0.36118778228186077,1.5676612068036582,0.0017174946041757626,0.04714824927345217,-0.0485503457370375,0.047880978761145596,0.07334871321976728,0.002904549128709423,0.07245418910665627,0.0021197464566026073,0.3463870066323335,1.3325241174481668,-0.36120809690875727,1.567668008754032,0.0017666726353109889,0.8036139894081576,2.1723297734325975,-8.907214517928642,2.3230841576258667,0.08551471981590664,0.013888795738145675
1.15,C：到达把手上方 · 执行,6.532985549634156e-06,-3.123229903811975e-05,2.679962310936368e-05,-1.0029823199531052e-05,5.176572667187074e-06,7.024931153124794e-05,0.0026700401610454515,0.34586141224137923,1.3330541445150499,-0.36030316704807014,1.5676903970466254,0.002591323361267653,0.06463876169934976,-0.06595435995150446,0.06526532112858903,0.10148904396485667,0.002929203799605327,0.10019561858546625,0.0026765731465950857,0.3458301799423411,1.3330809441381593,-0.36031319687126967,1.5676955736192926,0.002661572672798901,0.9388166066053226,1.8403963646033956,-8.761780997976857,2.3215431435778617,0.09436025176613301,0.015138778839986985
1.16,C：到达把手上方 · 执行,-1.927373076090512e-06,-9.732012285268432e-06,1.2676478483797382e-05,-3.0257123612154047e-07,3.7380311723733683e-06,9.501714641951776e-05,0.0034257271630120296,0.3450990930609384,1.3338154943030167,-0.3591119943375211,1.567719400451406,0.0037674554888914723,0.08492816794045245,-0.08429367464612832,0.08545387602551517,0.1342239771488394,0.002845789742325763,0.13246652579586182,0.003423799789935939,0.3450893610486531,1.3338281707815005,-0.35911229690875723,1.5677231384825783,0.00386247263531099,0.9788115606546272,1.912104322204702,-8.778027729462256,2.3304329126306937,0.10407090198707551,0.0160877052057394
1.17,C：到达把手上方 · 执行,-2.1978152865464833e-05,3.5724300542328e-05,-1.686099267783625e-05,1.535640418964812e-05,4.50060202128455e-06,0.0001685423909756397,0.006183505942801412,0.3426395080282097,1.336582759774178,-0.35477490130316836,1.5677847935548104,0.008093850244335348,0.14501208734431667,-0.11657280872511094,0.14521778158567805,0.2223517763607269,0.002713227235098303,0.22826088057427346,0.006161527789935947,0.342675232328752,1.3365658987815001,-0.3547595448989787,1.5677892941568317,0.008262392635310988,1.0262051244337074,2.1934812647658353,-8.769238824054435,2.2894189470934063,0.12804039001525797,0.01775243791143656
1.188,C：到达把手上方 · 执行,-2.5058684154723003e-05,4.17172344269745e-05,-2.054981546306678e-05,1.7173615936838527e-05,4.613801628083891e-06,0.000182903306864296,0.006792357140757336,0.34216370007833435,1.33719221926363,-0.353853301479219,1.567795706300913,0.009053049328446701,0.1565722854087932,-0.12033707792267224,0.15669769899905003,0.23516059780630705,0.002743828911912846,0.24671244422163507,0.006767298456602613,0.34220541731276133,1.337171669448167,-0.35383612786328217,1.567800320102541,0.009235952635310997,1.0326136929701637,2.238364993934517,-8.756777348390093,2.275667414593163,0.13203985269213753,0.017997777036153732
1.198,C：到达把手上方 · 执行,-3.211687663139985e-05,5.399557752827633e-05,-2.7849040961980265e-05,2.2153945748892845e-05,4.268347672198303e-06,0.00022183811492926774,0.00852552199990068,0.34091738557524676,1.3389256251557955,-0.351339637282827,1.5678236166191415,0.011788214520381734,0.18741205604795336,-0.12773257269299293,0.187369031162299,0.26397378082408746,0.002839136522865076,0.29600634939133375,0.008493405123269281,0.34097138115277503,1.3388977761148335,-0.35131748333707813,1.5678278849668137,0.012010052635311002,1.0496869574961787,2.3513861853057687,-8.726038187544898,2.2411737342595126,0.14210557014994035,0.018688021171866964
1.208,C：到达把手上方 · 执行,-3.7990146441504655e-05,6.194168864742666e-05,-3.263190379843017e-05,2.7957743022444248e-05,2.9999651174339448e-06,0.00026488981652109805,0.010582302061436089,0.3396128052017165,1.3409813148103573,-0.34856265076698245,1.5678524498675108,0.01504126301977698,0.22101987599405745,-0.13228134280400744,0.22087160274602027,0.28828537932243403,0.0029197975572559922,0.349824495609721,0.010544311914994584,0.3396747468903639,1.3409486829065589,-0.34853469302396,1.5678554498326283,0.015306152836298078,1.0683560188192815,2.4650652274661566,-8.695973330631375,2.2064265350465195,0.1522685287142208,0.019480157405445578
1.218,C：到达把手上方 · 执行,-4.235994468116712e-05,6.54453263406185e-05,-3.582392298717707e-05,3.473761334382708e-05,1.1637287780086325e-06,0.000311749474461033,0.012990378401283791,0.3382780694207081,1.3433835183277192,-0.34556749502531564,1.567881850966581,0.01885736093862776,0.2573916512134853,-0.13406675465071544,0.25576801219330864,0.3080020948423721,0.0029591527658642622,0.40812000985462826,0.012948018456602624,0.3383435147470487,1.343347694404732,-0.3455327574119718,1.567883014695359,0.019169110413088792,1.0736116340901423,2.724320335592443,-8.813327903581941,2.2067884586048163,0.16318433369085866,0.02042762853650735
1.228,C：到达把手上方 · 执行,-4.4941557441790375e-05,6.507024230556491e-05,-3.7291700585972976e-05,4.453091798917175e-05,-7.187618635828841e-07,0.0003615115445806637,0.015777321809962788,0.33693853027670345,1.3461201805422056,-0.34240120693105874,1.5679112983214953,0.02326759886850814,0.2964703697815242,-0.13378024973655123,0.28788559748628517,0.32305032369718634,0.0029407828894217015,0.46784452654745184,0.015732380252520998,0.337003600519009,1.3460828888416196,-0.34235667601306957,1.5679105795596318,0.023629110413088805,1.0968536663089656,2.8667661007636562,-8.90163772743334,2.210036816033282,0.17131024441605117,0.021465941635484105
1.24,C：到达把手上方 · 执行,-4.587111197155297e-05,5.992168023000177e-05,-3.5245789733462374e-05,5.9171971056870554e-05,-3.649948401740488e-06,0.00042313769907184606,0.01964567993592113,0.335335708490016,1.3498048109333438,-0.33843803808145634,1.5679473073451606,0.029349972714016976,0.3442458219262639,-0.13341268890656166,0.32268182301408277,0.33549433741820117,0.003061579408925753,0.5398024679170953,0.01959980882394958,0.335395630170246,1.3497695651436104,-0.33837886611039947,1.567943657396759,0.029773110413088822,1.0854867176920924,3.0191858568906826,-8.98938707245989,2.2081208365812093,0.17315301126721658,0.022884563566915796
1.25,C：到达把手上方 · 执行,-4.433318911764572e-05,5.27432362620317e-05,-3.076567054982604e-05,6.991825978591715e-05,-6.59089867727225e-06,0.0004741465834955383,0.023306999155924372,0.33400291164334805,1.3531767435472555,-0.3350479825979712,1.567977813159709,0.03507896382959329,0.38403578663224586,-0.13318484301209416,0.34866928179613277,0.34127160706243037,0.003018931260907153,0.5998550399583216,0.023262665966806727,0.3340556548796101,1.3531459778767057,-0.3349780643381853,1.5679712222610318,0.035553110413088826,1.0777740794630764,3.146708048895408,-9.063059002343365,2.2057632652646166,0.17474288864224505,0.024031071760270403
1.26,C：到达把手上方 · 执行,-4.090270280640573e-05,4.366242973835588e-05,-2.4348692625242307e-05,7.689561016477331e-05,-8.10959347563589e-06,0.0005247069106327149,0.027366425812470282,0.33267201715923583,1.3567934021643393,-0.33162374278607226,1.56800689671878,0.041408403502456115,0.42386548938903823,-0.1330260096545008,0.37190075437723435,0.342827222157677,0.002811406675096477,0.6598936454288169,0.027325523109663876,0.3327156795889742,1.356769053471714,-0.3315468471759075,1.5679987871253043,0.04193311041308883,1.0733812917952035,3.2786009277029393,-9.149291477666083,2.2098334811679305,0.1766516872314506,0.02524571956925493
1.27,C：到达把手上方 · 执行,-3.6006601780595726e-05,3.335285070243943e-05,-1.648123383279909e-05,8.029738100956418e-05,-7.3085898097957624e-06,0.0005750817817242806,0.03182438685430162,0.33134235144763596,1.360627273162468,-0.3281936726541377,1.568033660579387,0.048338028631364556,0.46373665549850634,-0.1329317267950284,0.3923904052418457,0.3431883812614977,0.0025835725811807412,0.7199059027384443,0.03178838025252102,0.3313757042983384,1.3606107919286352,-0.3281133752731281,1.5680263519895772,0.04891311041308884,1.074592292372107,3.418498635428816,-9.260398807117397,2.2279507436238837,0.17898009080049265,0.02663862957587142
1.28,C：到达把手上方 · 执行,-3.004891380811725e-05,2.2482014340852174e-05,-7.653203479618398e-06,7.986740369586576e-05,-4.679330023238393e-06,0.0006251292538727374,0.0366812863091863,0.3300132469933615,1.364650846450948,-0.3247597707740447,1.5680585961838727,0.05586798115921614,0.5036509044868702,-0.1329070787731684,0.4101121572638584,0.34356505702470874,0.0024453756674492665,0.7799475391438333,0.036651237395378185,0.33003572900770234,1.3646431932474683,-0.32467990337034885,1.5680539168538494,0.056493110413088875,1.0763587814205926,3.5593165890950136,-9.372216580688495,2.245522377712051,0.18145854502525402,0.02800551004287193
1.29,C：到达把手上方 · 执行,-2.3519202142628648e-05,1.1707594860133064e-05,1.8947007180969422e-06,7.61144293420224e-05,-1.2931126711634988e-06,0.0006748677472290798,0.04193761374037796,0.3286840461222065,1.368836362727497,-0.3213225458969114,1.5680827748307937,0.0639982426658598,0.5436181722743776,-0.13294243179175616,0.42505791903819656,0.3438524088873125,0.0024198099323734287,0.8399670480627859,0.04191409453823533,0.3286957537170666,1.3688382574282152,-0.32124643146756937,1.5680814817181226,0.06467311041308887,1.0783412589545076,3.7011157367255376,-9.484677127350462,2.262773333231862,0.18396266904633712,0.029354347479319413
1.3,C：到达把手上方 · 执行,-1.6961938718335068e-05,1.5376520961507545e-06,1.1855089099288563e-05,7.014454581177887e-05,1.8213781123321837e-06,0.0007244542051914882,0.04759391361981082,0.32735424077433456,1.3731561293817751,-0.31788310411060183,1.5681072252042827,0.07272846511899342,0.5836389622461022,-0.1330209271902825,0.437241579143788,0.34402049829599607,0.002485268260131318,0.8998833743650015,0.04757695168109249,0.3273557784264307,1.3731679844708744,-0.31781295956479005,1.568109046582395,0.0734529193241849,1.0804109424222905,3.8438538327173277,-9.597974753990794,2.2798315704671928,0.18643837485857234,0.030596856813477243
1.31,C：到达把手上方 · 执行,-1.0868185093444727e-05,-7.66514767674975e-06,2.180310675692354e-05,6.316629786506933e-05,3.988125515386187e-06,0.0007730338463025621,0.05365067700904308,0.3260234682834716,1.377582571268689,-0.31444265395987575,1.5681326233211526,0.0820438165338561,0.6237040973765179,-0.13313074080781345,0.4466702244862685,0.3440689046231235,0.0025982627002770317,0.9567027495577344,0.053639808823949635,0.32601580313579487,1.377604374375446,-0.3143794876620107,1.568136611446668,0.08281685038015867,1.0824400771840954,3.9875408968118276,-9.712070951967757,2.296764177375785,0.18889468825511338,0.03157708613611375
1.32,C：到达把手上方 · 执行,-5.591358578513339e-06,-1.564393101710637e-05,3.125712461060637e-05,5.627085508008722e-05,4.942712717337372e-06,0.0008186222327866144,0.06010825732538532,0.3246914717761762,1.3820881700173195,-0.31100228661431134,1.568159233598223,0.09190391770138577,0.6637965642641747,-0.13326265027917428,0.45334763708698267,0.34401862164081964,0.0027202612716409054,1.009240779206289,0.06010266596680681,0.3246758278451591,1.3821194271419301,-0.31094601575923125,1.5681641763109404,0.09272253993417238,1.0842451935267594,4.131821665127105,-9.827237500840187,2.3139116757523084,0.19124458415439588,0.032433974851114385
1.33,C：到达把手上方 · 执行,-1.2968154472908777e-06,-2.2206281226233582e-05,3.975283112800376e-05,5.026220188775188e-05,4.796855691768798e-06,0.0008603605140474063,0.06696681992511123,0.3233580588357493,1.3866453899391993,-0.3075628060583397,1.5681869443195215,0.10226462747217858,0.7038971058235636,-0.13341168786812097,0.4572683742869568,0.34390248195933504,0.002816595710298733,1.0572688164044612,0.06696552310966394,0.3233358525545231,1.3866851427703273,-0.30751254385645194,1.5681917411752133,0.10312498798622599,1.0859219442327057,4.2766097353941275,-9.943556007250677,2.33136092233176,0.1935208274301411,0.033170477901005024
1.34,C：到达把手上方 · 执行,2.0202270047814386e-06,-2.7204635449695758e-05,4.695522571807054e-05,4.56539863005756e-05,3.914125664694623e-06,0.000898458110554598,0.07422636019724882,0.32202308186844875,1.3912265984597514,-0.3041247258608272,1.5682153919144568,0.11308073668053183,0.7439908579947054,-0.13357315981590795,0.458420407991668,0.3437465607694674,0.002870659123700001,1.1007892058658115,0.0742283804242536,0.32199587723299905,1.3912735536854695,-0.30407907187452665,1.5682193060401215,0.11397919479108642,1.0891582413086112,4.404858790047272,-10.043119199694983,2.344820432889345,0.19570572767184363,0.033773831173690295
1.35,C：到达把手上方 · 执行,4.444310197096457e-06,-3.073312637874581e-05,5.305336332117605e-05,4.20387095328989e-05,2.794144296602852e-06,0.0009329785773117272,0.08188679308518118,0.32068663509963014,1.3958113854657366,-0.30068763876042603,1.5682440767594619,0.12430718100714128,0.7840757032775174,-0.1337016852236991,0.45855158450657907,0.3437173406057663,0.0028715275938464464,1.1398046064609826,0.08189123739537828,0.3206559019732514,1.3958644388290578,-0.30064560005089314,1.5682468709037585,0.125240159584453,1.098628090579755,4.461799054176748,-10.06815389130983,2.339733784528813,0.1976302888532142,0.034183239864850876
1.36,C：到达把手上方 · 执行,6.155949270642003e-06,-3.3060139668972255e-05,5.743014320525042e-05,3.8480560730191904e-05,1.7459421075560755e-06,0.0009636430256357575,0.08994793858896477,0.31934898682228424,1.4003978939352673,-0.297250608708844,1.5682726898259245,0.13589924010499063,0.8241342400558342,-0.13382126094369087,0.4587376980976631,0.34370058663054154,0.002862077507486078,1.174357224079273,0.08995409453823541,0.31931592668261527,1.4004553240784725,-0.2972121281481138,1.568274435768032,0.1368628831306264,1.1079804476673116,4.519780451755074,-10.09427944397457,2.334521701824802,0.19959788821249308,0.03446512212143251
1.37,C：到达把手上方 · 执行,7.42782366393302e-06,-3.415118851429755e-05,6.001429786062218e-05,3.5537085898151854e-05,8.223094176695867e-07,0.0009904429998738584,0.09840952385742864,0.31801010258049384,1.404986195030026,-0.29381419333123265,1.5683011783228864,0.14781192217496586,0.8641676706738579,-0.1339474921517251,0.458908021801411,0.34360103683245347,0.002845876758768675,1.2043889827621095,0.09841695168109257,0.31797595139197954,1.4050462093278866,-0.2937786562453345,1.568302000632304,0.14880236517483972,1.1173372752443127,4.579012051598996,-10.120954527438611,2.3293616789400082,0.20161209040256486,0.034626584334045765
1.38,C：到达把手上方 · 执行,8.463425978558203e-06,-3.3986673361297015e-05,6.1018705866500156e-05,3.394456085620279e-05,1.2269420546218157e-07,0.0010135409829006292,0.10727134539797116,0.31666996277470494,1.4095760758714344,-0.2903791289034114,1.568329442802371,0.16000006473419234,0.9041842549251833,-0.13407094387716129,0.4590561566995663,0.34344343412586475,0.0028188146877374458,1.2299139184465187,0.10727980882394972,0.31663597610134364,1.409637094577301,-0.2903451843425552,1.5683295654965765,0.16101360571709297,1.1267095720789353,4.63945198628665,-10.147970541844414,2.3242876241090547,0.20369069873599777,0.03467022668485187
1.3900000000000001,C：到达把手上方 · 执行,9.399253491554349e-06,-3.265580075029195e-05,6.064146031570239e-05,3.402344767522436e-05,-2.775233740592853e-07,0.001032946932339851,0.11653326671331532,0.31532865661145815,1.4141673383663993,-0.286945735887451,1.5683574078842233,0.1724186578250463,0.9441894061839267,-0.13418096028206877,0.4591861813001183,0.3432746334681436,0.002788010878754497,1.2509395536826176,0.11654266596680687,0.31529600081070785,1.414227979826715,-0.28691171243977576,1.5683571303608492,0.17345160475738616,1.136112978018121,4.70085112983756,-10.175287392983607,2.319298635190524,0.20583217506376345,0.03459704361866261
1.4,C：到达把手上方 · 执行,1.0330141334946585e-05,-3.032779378242534e-05,5.906812479761214e-05,3.5683652918450104e-05,-3.938012400617197e-07,0.0010486405336160576,0.12619519296832912,0.3139863533138545,1.4187597969513317,-0.2835139241899147,1.568385089026362,0.18502272176210321,0.9841867070686107,-0.13427157507094523,0.4592968092476813,0.343128843204364,0.002762666255907432,1.2674671193798273,0.12620552310966407,0.31395602552007207,1.4188188650761293,-0.2834782405369963,1.568384695225122,0.18607136229571927,1.1455558129040129,4.763025482304351,-10.202790886344703,2.314339346774066,0.20802964270167335,0.03440674755669629
1.412,C：到达把手上方 · 执行,1.1521202885445003e-05,-2.6517650500545997e-05,5.591262313897616e-05,3.9277009345806135e-05,-2.752223979829438e-07,0.0010625464416008645,0.13831743047820722,0.31237457282180936,1.4242720147522876,-0.279397351263007,1.5684180482846473,0.20032908611753078,1.0321780071496836,-0.13435094087102617,0.4593970238295186,0.3430081701201519,0.0027448843693044936,1.281363191543295,0.13832895168109266,0.3123480551713088,1.4243279273754266,-0.2793580742536612,1.5684177730622493,0.20139163255913164,1.1569219470603958,4.838442613997073,-10.235791635825274,2.308324104996472,0.2107283063679021,0.03402330204953792
1.4220000000000002,C：到达把手上方 · 执行,1.260055313015429e-05,-2.2767962845060552e-05,5.254345063132604e-05,4.307964476529813e-05,-7.033824456215143e-08,0.0010700142070206031,0.14885920827081967,0.3110308478435181,1.4288662691742091,-0.27596768199564714,1.5684454082647665,0.21318284458613201,1.072170057878313,-0.13439086948764908,0.4594490644495616,0.3429586601646285,0.0027394417668931918,1.2879937920074707,0.14887180882394982,0.311008079880673,1.4289188126248404,-0.27592460235088184,1.568445337926522,0.21425285879315262,1.1663917073492693,4.901761721489402,-10.26308077755311,2.303183081493968,0.2130185693292893,0.03357496711730549
1.432,C：到达把手上方 · 执行,1.3754070878085889e-05,-1.874884496627649e-05,4.882346885759503e-05,4.713246981447039e-05,1.5564859445760248e-07,0.0010737585365121205,0.15980091212454284,0.30968685340745783,1.4334608744997712,-0.27253826284733595,1.568472747142767,0.2260781165082473,1.1121633132636322,-0.1344074071852,0.4594700591842739,0.34295295096944023,0.0027396279037904744,1.2901253895708247,0.15981466619542092,0.30966810456249155,1.4335096979686288,-0.2724911303775215,1.5684729027913615,0.22715187504475942,1.1757821708881369,4.965263277692863,-10.290041674879966,2.297923778098116,0.215310829481296,0.03306133028273996
1.442,C：到达把手上方 · 执行,1.4963381086502414e-05,-1.4691529059474018e-05,4.5055995413045835e-05,5.103668352313129e-05,3.531444516813309e-07,0.0010745714733520761,0.17114255972857764,0.30834282082846065,1.438055527128256,-0.26910869522884623,1.5685001145106157,0.2389807499466867,1.1521586491942155,-0.13440073363783622,0.45946241345538924,0.3429838265669559,0.0027442030335772132,1.2903552482995084,0.17115752310966414,0.3083281292994012,1.438100583123669,-0.2690576585453231,1.5685004676550673,0.24005532142003877,1.1848281992858043,5.028648705237064,-10.316593310130402,2.292658717783407,0.21748906009445293,0.03271951772861828
1.452,C：到达把手上方 · 执行,1.6217189367923046e-05,-1.081582667494807e-05,4.150646306633199e-05,5.445034014661676e-05,5.087068677411821e-07,0.0010744155575335146,0.1828841630631534,0.3069989698354402,1.4426499619100173,-0.2656786369826904,1.5685275238124723,0.2518843525030376,1.192154271918962,-0.13437384532570934,0.45942908830490575,0.34304568624253,0.0027481285479145382,1.290349608449693,0.1829003802525213,0.3069881540087653,1.4426914683730836,-0.2656241866425438,1.56852803251934,0.2529587680605711,1.1938080157215163,5.092063063156906,-10.342465676752788,2.287120724680399,0.21968934155104572,0.03237334957154943
1.462,C：到达把手上方 · 执行,1.7512232939470573e-05,-7.312261781355911e-06,3.840662329501754e-05,5.715116872245796e-05,6.113821646724915e-07,0.001074474593747765,0.19502572516243902,0.3056554909799108,1.4472439469992024,-0.26224786590848687,1.568554986001448,0.2647877401073556,1.2321502491455814,-0.134328710729354,0.45937532876557324,0.34312308567145483,0.0027547810066003734,1.2903382971799193,0.1950432373953785,0.30564817871812944,1.4472823536224975,-0.2621907147397644,1.5685555973836127,0.2658622147011034,1.2027274197898632,5.155360572820533,-10.367611505267684,2.2813184601085323,0.2219057395370602,0.03203134037593243
1.472,C：到达把手上方 · 执行,1.8851304639383448e-05,-4.3449840896880865e-06,3.592494650295208e-05,5.9035080143932106e-05,6.33560077956119e-07,0.001074524573719926,0.2075672432335962,0.3043125484115834,1.4518373139254088,-0.2588162779171289,1.5685825286878081,0.27769113676791574,1.272145426999881,-0.134268632301516,0.459308045581847,0.3432072626481401,0.0027635519061582963,1.2903427251693598,0.2075860945382356,0.3043082034274937,1.4518732388719118,-0.258757242836985,1.568583162247886,0.27876566134163566,1.2115967615070375,5.218470841721114,-10.391990535473793,2.2752478097177327,0.22413584031017836,0.031684363389835345
1.486,C：到达把手上方 · 执行,2.0828437592435023e-05,-1.324246760359138e-06,3.366519352221431e-05,6.0269187175443495e-05,5.172091512850585e-07,0.0010745704426236014,0.2257972661006432,0.3024335622673637,1.4582668130275696,-0.2540106513602694,1.5686212358487157,0.2957559161957574,1.3281353633106667,-0.13416774339495605,0.4592032227816933,0.3433213740687413,0.002775203832862108,1.290342622470339,0.22581809453823565,0.3024322380206033,1.4583004782210918,-0.25395038217309396,1.568621753057867,0.296830486638381,1.2239484279167385,5.306492265570391,-10.424774419336464,2.2662883046985955,0.22728503123225197,0.03119394416989712
1.496,C：到达把手上方 · 执行,2.234497650907552e-05,-7.539783064558492e-08,3.295073748876831e-05,6.023663267085144e-05,3.4864756370822647e-07,0.0010746073157211211,0.23929860670458375,0.30109233812779823,1.4628584127330182,-0.2505771469029854,1.5686489692745769,0.30865932596319234,1.3681251827927172,-0.13408971181463356,0.4591293160324239,0.3433913075073109,0.0027808206739360244,1.2903424186263013,0.23932095168109283,0.3010922627299676,1.462891363470507,-0.25051691027031453,1.5686493179221406,0.30973393327891346,1.2327484366039405,5.369104809283981,-10.447291017767547,2.2595896768348864,0.22955545675495873,0.030840872297459365
1.508,C：到达把手上方 · 执行,2.432199325524964e-05,3.959038636369705e-07,3.3024320385433015e-05,5.93889351863941e-05,9.863229211148905e-08,0.0010746566703124238,0.2560280582592662,0.2994838964773407,1.468367401449418,-0.24645613292216573,1.568682297126975,0.3241434125772398,1.4161093052755764,-0.13399765135003278,0.4590484970477764,0.3434561437725649,0.0027831432569894654,1.2903417800369077,0.25605238025252147,0.29948429238120433,1.4684004257698033,-0.24639674398697933,1.568682395759267,0.3252180692475522,1.2432983858652664,5.4440470786975315,-10.473358298716821,2.251239113346112,0.23231003356988356,0.030414353178103308
1.518,C：到达把手上方 · 执行,2.6129537033625638e-05,-2.4843208323854782e-08,3.376156163192867e-05,5.818936878726477e-05,-1.0890578394651129e-07,0.001074703916897124,0.27040910785834493,0.29814434193377687,1.4729575494575855,-0.24302146145298728,1.568710069529324,0.33704681197118735,1.4560937161896155,-0.13392704754666632,0.4589926282058489,0.3434927700058009,0.0027812898041921536,1.2903412921006345,0.27043523739537856,0.29814431709056854,1.4729913110192174,-0.24296327208420002,1.56870996062354,0.3381215158880845,1.2520859283406987,5.506417304876207,-10.49436039790869,2.244040854670034,0.2346346952841299,0.030056813861827278
1.528,C：到达把手上方 · 执行,2.810103251077445e-05,-1.1004107486889403e-06,3.498970909410204e-05,5.671098609441594e-05,-2.823707967447575e-07,0.0010747562529885846,0.2851899935057249,0.29680544221068145,1.4775472065595374,-0.23958651116751487,1.568737807858609,0.3499502062756282,1.496076883528746,-0.13386620585856915,0.45894941590919136,0.3435137680666399,0.0027766590049254467,1.2903409420593859,0.28521809453823566,0.29680434179993276,1.4775821962686315,-0.23952980018142045,1.5687375254878122,0.35102496252861676,1.2608727961014896,5.568793656666793,-10.514797603491449,2.236653114286635,0.23698743219219867,0.029697665170523642
1.538,C：到达把手上方 · 执行,3.0242503869126747e-05,-2.7156520527316097e-06,3.657663174627679e-05,5.5101906934751366e-05,-3.984738772278007e-07,0.0010748126472867603,0.3003707091772238,0.2954670821613494,1.4821365048862998,-0.236151430185576,1.5687654888259623,0.36285359652186244,1.5360599861178916,-0.13381820153427396,0.4589196572084612,0.3435206880231124,0.002770136460341654,1.2903406149375525,0.30040095168109293,0.2954643665092967,1.482173081518046,-0.23609632827864124,1.5687650903520851,0.3639284091691492,1.2696477968263682,5.631282549854947,-10.534729983336534,2.229089764891582,0.23937005257530422,0.029337080498322343
1.548,C：到达把手上方 · 执行,3.2225063874458115e-05,-4.68457264279909e-06,3.840549312839059e-05,5.343555389522581e-05,-6.969070707185665e-07,0.0010749332639948816,0.3159488574028816,0.2941290757913036,1.486725561274332,-0.23271629192975712,1.5687933521234285,0.37575692254568666,1.575246716852296,-0.1337995144398041,0.4588973308109263,0.3435324053020107,0.002845459777012753,1.2903209096430273,0.31598108246675605,0.2941243912186608,1.4867639667674604,-0.2326628563758619,1.5687926552163578,0.37683185580968154,1.211532066388392,5.735061434638,-10.557775437126027,2.217127147971125,0.23301785675773012,0.029212372287122
1.558,C：到达把手上方 · 执行,3.4064974923808666e-05,-6.5974791156886425e-06,4.040917982850445e-05,5.1452268270385515e-05,-2.5819542863736444e-06,0.0010752629537085778,0.3319037204527363,0.29279101340714064,1.4913144428370457,-0.2292808367413529,1.568822802034917,0.3886600394965053,1.6116254538379398,-0.13381885900811172,0.45888653042138333,0.3435743063012395,0.0030254543529216592,1.2903111453233118,0.3319377854276601,0.29278441592802495,1.4913548520168742,-0.22922938447308253,1.5688202200806307,0.38973530245021387,1.1402017748931053,5.845823274129102,-10.580576921865559,2.204331033187309,0.22455002020300938,0.02915719740880537
1.568,C：到达把手上方 · 执行,3.6251748746163326e-05,-8.265748444702403e-06,4.241485452749494e-05,4.9112452591038025e-05,-5.565587292588603e-06,0.0010755691430450742,0.3482068294098213,0.29145270638583365,1.4959033224117613,-0.22584502502289436,1.5688533505321964,0.4015631799477013,1.6451846652027542,-0.13384549687411612,0.45889458711939374,0.3435997324656665,0.003061421823801616,1.2903197108513202,0.34824308115856745,0.29144444063738895,1.4959457372662888,-0.22579591257030332,1.5688477849449038,0.4026387490907464,1.0682937157624084,5.9550091810374,-10.602493585608254,2.1916199319067453,0.2158416836677404,0.029120693307985966
1.578,C：到达把手上方 · 执行,3.883994210085451e-05,-9.661311727804378e-06,4.4267952148180356e-05,4.673360651460956e-05,-8.015833047103627e-06,0.0010757784394880288,0.3648301297173771,0.29011412665848096,1.5004923545635547,-0.22240917427403842,1.568883365642223,0.41446641729179057,1.6759436477563774,-0.1338732751396301,0.4589150031312333,0.3435856112386273,0.0029466364993957555,1.2903308851067048,0.36486896965947796,0.29010446534675316,1.5005366225157029,-0.2223624406675238,1.5688753498091759,0.4155421957312786,0.9956507837708161,6.0624558403347715,-10.623549358659913,2.179081885821842,0.2070543238410686,0.0291032435952185
1.588,C：到达把手上方 · 执行,4.185045938887022e-05,-1.0772480366849635e-05,4.586537579109873e-05,4.468847552144273e-05,-8.976129789894927e-06,0.001075861436612091,0.38174560047100264,0.28877526253648417,1.505081642389326,-0.2189736572402659,1.5689118908032385,0.42736978093519873,1.7038993212672804,-0.13390184695461493,0.4589440396778844,0.34353659508909323,0.002785663898417257,1.290342469116434,0.3817874509303915,0.2887644900561173,1.5051275077651172,-0.21892896876474446,1.5689029146734486,0.4284456423718108,0.9221700028399784,6.167713471981198,-10.64359629940935,2.166806043866587,0.19817701500362686,0.029108764229723777
1.598,C：到达把手上方 · 执行,4.533016945940105e-05,-1.1594135280457163e-05,4.712021229225094e-05,4.322414171650801e-05,-8.516968636795852e-06,0.0010758252467452656,0.3989251948018489,0.287436108900762,1.509671272802239,-0.21553872100368154,1.568938996506358,0.4402732637655979,1.7290504555958568,-0.1339303923822623,0.45898192717552944,0.34347140374177787,0.002667854993849188,1.2903528004266598,0.3989705249713083,0.28742451476548153,1.5097183930145313,-0.21549549686196504,1.5689304795377212,0.44134908901234315,0.8480525882946248,6.271013830887699,-10.662858625368866,2.1547968322726745,0.18918227144234895,0.029134447933572803
1.608,C：到达把手上方 · 执行,4.927265335941122e-05,-1.214548089201184e-05,4.7961408161656394e-05,4.245972067895565e-05,-7.271460203073232e-06,0.0010757255291262147,0.4163409191288686,0.2860966849557376,1.5142613168557841,-0.2121044846798646,1.568965315862198,0.4531768101237492,1.7514063125521715,-0.13395588962053998,0.4590258062302772,0.34339932783273397,0.002621715107719928,1.2903568401717365,0.416390191782228,0.2860845394748456,1.5143092782639458,-0.21206202495918564,1.5689580444019948,0.45425253565287543,0.7732127099273668,6.372228019379324,-10.681358189667774,2.14307636302119,0.17998609920276906,0.02918301923332211
1.6179999999999999,C：到达把手上方 · 执行,5.3572318033101585e-05,-1.246936690951772e-05,4.8353487040131427e-05,4.242748709362698e-05,-5.8942993834687485e-06,0.001075627580033156,0.43396487904511843,0.2847570335511192,1.5188518100263197,-0.2086709805435,1.56899150356565,0.46608035471337467,1.770977221602658,-0.1339763441294377,0.45907097691490767,0.34332673560621113,0.0026313732994539445,1.290354073391753,0.43401845136315154,0.2847445641842097,1.5189001635133599,-0.20862855305640637,1.5689856092662666,0.4671559822934078,0.6975046826553003,6.471232426092688,-10.699087150382578,2.1316587573948187,0.17052961594362911,0.02925687466954753
1.6280000000000001,C：到达把手上方 · 执行,5.804889675131708e-05,-1.2615222466927367e-05,4.8309316521555346e-05,4.308432164937259e-05,-4.782169009898141e-06,0.0010755757986833925,0.4517692548173265,0.2834172041160407,1.5234427394462526,-0.20523816547527637,1.5690179562995492,0.4789838531352568,1.7877685852281002,-0.1339917359405464,0.4591121179841468,0.34325983077605393,0.0026672758319810086,1.2903468997470255,0.4518273037140778,0.2834045888935738,1.5234910487627742,-0.205195081153627,1.5690131741305393,0.4800594289339402,0.6206494587554907,6.567528643889194,-10.715848917363834,2.120589289153282,0.16074793830036122,0.0293615172019793
1.638,C：到达把手上方 · 执行,6.251006899726796e-05,-1.2619377162792489e-05,4.78872560130128e-05,4.430370437197295e-05,-4.062046830011212e-06,0.0010755786610608942,0.46972623876601,0.28207723298010073,1.5280340467561753,-0.20180591295521966,1.5690448010416422,0.49188729691341154,1.801777334054224,-0.13400477701381572,0.4591462329015254,0.34321155917791263,0.002706499123176215,1.2903421464696045,0.46978874883500726,0.28206461360293794,1.5280819340121883,-0.20176160925084768,1.5690407389948122,0.49296287557447244,0.5427417965707934,6.6614598797965705,-10.731775378001371,2.109815825979002,0.15068084459366543,0.029492496244783797
1.6480000000000001,C：到达把手上方 · 执行,6.679821546956566e-05,-1.2499672269628004e-05,4.717957195721212e-05,4.5886686603380245e-05,-3.688375492805207e-06,0.0010756230936698197,0.48780798851047064,0.28073713798457156,1.5326256396896454,-0.19837402403467155,1.569071992234577,0.5047906991213351,1.8129992388697282,-0.13401693810018256,0.4591701418593633,0.34318613852907587,0.0027367859765866716,1.2903396388696031,0.4878747867259402,0.28072463831230193,1.5326728192616026,-0.19832813734806817,1.5690683038590842,0.5058663222150049,0.4637569289293475,6.752988811334388,-10.746815303269594,2.0993233467922825,0.14033948280206948,0.029649567129698535
1.658,C：到达把手上方 · 执行,7.081153481092173e-05,-1.226061672354728e-05,4.629676769973834e-05,4.759740067783458e-05,-3.5526384398743005e-06,0.0010756889080298926,0.5059866058520649,0.2793969236383897,1.5372174077433172,-0.19494226284596677,1.5690994213617973,0.5176940799475074,1.8214290191345066,-0.13402881892902266,0.45918248333636147,0.3431839990811809,0.002755419279855648,1.2903383564422406,0.5060574173868758,0.27938466302166615,1.537263704511017,-0.19489466544528894,1.5690958687233574,0.5187697688555373,0.3837088984297509,6.8420848212975045,-10.760924982310659,2.089095666485849,0.12973621655974527,0.02983230034652599
1.6680000000000001,C：到达把手上方 · 执行,7.450181307311343e-05,-1.1904186381084259e-05,4.5351480922661835e-05,4.920813600312046e-05,-3.550217798853339e-06,0.001075758548540362,0.5242341390047418,0.27805659191741133,1.5418092382795086,-0.1915104016785127,1.569126983805429,0.5305974569475292,1.827062293602443,-0.13403983650403647,0.45918349259027547,0.3432011309071688,0.002764521733641846,1.2903371297920463,0.5243086408178149,0.27804468773103025,1.5418545897604312,-0.19146119354250957,1.56912343358763,0.5316732154960696,0.3024930015173589,6.9282880158508435,-10.773928513108423,2.0791713608741067,0.11884019147696127,0.030044467649918055
1.678,C：到达把手上方 · 执行,7.78643207903773e-05,-1.1438217846160281e-05,4.444366674705158e-05,5.053174176153363e-05,-3.6076226272996337e-06,0.0010758149407522621,0.5425225933974785,0.27671615060703425,1.5464010315185361,-0.18807825325028382,1.5691546060755837,0.5435008476889466,1.8298938141386119,-0.13405008851697628,0.45917585952556916,0.34323649595677475,0.002768298410876197,1.2903396088049413,0.5426004577182689,0.2767047123891881,1.5464454751852832,-0.1880277215085223,1.5691509984529564,0.5445766626296988,0.2203080996354264,7.011972302981722,-10.78596786550585,2.0694951156535386,0.10769599632292633,0.030281092770380727
1.6880000000000002,C：到达把手上方 · 执行,8.09177988781995e-05,-1.0882089194141908e-05,4.365095350755688e-05,5.144721057240287e-05,-3.6808617043249114e-06,0.0010758454494135261,0.5608239483821228,0.275375619224949,1.55099270935373,-0.1846456969116413,1.5691822441781678,0.5564042634625695,1.8299226616170623,-0.13405769146489632,0.459161329299518,0.34327974607429307,0.002768793982327536,1.2903416934391683,0.560904866181001,0.2753647371357549,1.5510363603072375,-0.18459424970106889,1.5691785633164634,0.5574801089119831,0.13720249651359556,7.093190297079821,-10.797079022714492,2.0600612488355963,0.09631757434870776,0.03054109606020131
1.698,C：到达把手上方 · 执行,8.368778394451937e-05,-1.027723191682206e-05,4.3031955748062956e-05,5.194197669572409e-05,-3.7563484622804566e-06,0.0010758633750673763,0.5791101799467064,0.27403503909103943,1.5555842135529259,-0.18121271981086723,1.5692098845289106,0.5693076920425992,1.82714875474683,-0.13406050071507408,0.45914245634376266,0.3433215941180499,0.0027691560939551775,1.2903441356979997,0.579193867730651,0.2740247618591226,1.555627245508674,-0.1811607778341715,1.5692061281804484,0.5703835554176666,0.053183785813536645,7.171770622108717,-10.807240303318846,2.0509008362706154,0.08469590256890408,0.03082583415749509
1.7080000000000002,C：到达把手上方 · 执行,8.62094669686897e-05,-9.67234137605466e-06,4.2611689625493554e-05,5.204511221704178e-05,-3.838992070903657e-06,0.0010758642934747265,0.5973532527746339,0.27269445890986277,1.5601755190684627,-0.17777935104360917,1.5692375320367917,0.5822111377647242,1.8215720961043453,-0.13405758817840313,0.45912174208681367,0.3433556182630001,0.002769843435951684,1.290343605503651,0.5974394622416026,0.2726847865684867,1.5602181307580882,-0.17772730593139213,1.5692336930447208,0.583287002058199,-0.03183331708705581,7.247327107991801,-10.8163884645727,2.042075726475818,0.0728012971095677,0.031138498770402756
1.718,C：到达把手上方 · 执行,8.851970003564968e-05,-9.119061584739185e-06,4.2392487282771896e-05,5.183371729389208e-05,-3.9369949735856835e-06,0.0010758574251009678,0.6155251298225218,0.2713539303394356,1.5647666235202193,-0.17434566774590668,1.5692651949039673,0.5951145912736303,1.8131908462496795,-0.134050126000391,0.45910212750038476,0.3433827549661841,0.0027718845965701974,1.2903446241830274,0.6156136495225575,0.2713448112778509,1.564809016007502,-0.1742938340286128,1.5692612579089937,0.5961904486987313,-0.11766798291802033,7.320275084085475,-10.824706141050365,2.0335456781532257,0.0606748618044239,0.03147447787220917
1.7280000000000002,C：到达把手上方 · 执行,9.06545467482811e-05,-8.66552549932953e-06,4.2357953539351456e-05,5.1408612569747714e-05,-4.055585277162876e-06,0.0010758458579384067,0.6335977750267675,0.2700135015127144,1.5693575433033773,-0.1709117707384031,1.569292878358544,0.608018049481325,1.802005887507698,-0.13403834801055772,0.4590849020785949,0.343399875098958,0.0027741777848125015,1.2903455644504598,0.6336884295735158,0.2700048359872151,1.5693999012569166,-0.17086036212583336,1.5692888227732669,0.6090938953392634,-0.20429604097239232,7.390616632276963,-10.83224386949263,2.025327752795215,0.04832160977364969,0.03183358397580144
1.738,C：到达把手上方 · 执行,9.264706337819284e-05,-8.350462606387943e-06,4.247922718980668e-05,5.087485362642585e-05,-4.19284034802736e-06,0.0010758343741240628,0.6515431553310985,0.26867321115918547,1.5739483072791411,-0.16747776507668047,1.5693205804778871,0.6209215076056719,1.7880180576221807,-0.1340231035048787,0.45907084056807607,0.3434061501744822,0.0027756665137381735,1.290345336048632,0.6516358023944767,0.2686648606965791,1.573990786506331,-0.16742689022305404,1.5693163876375391,0.621997341979796,-0.29169403824737616,7.45837559898162,-10.839054612700949,2.0174350943941857,0.035747887518463875,0.03221555439584856
1.748,C：到达把手上方 · 执行,9.452626139694331e-05,-8.198559283467688e-06,4.272100033309023e-05,5.032530245088762e-05,-4.339098170325073e-06,0.0010758268998494191,0.6693332417240442,0.26733308396522665,1.5785389507554122,-0.16404374362272556,1.569348291599982,0.6338249617204789,1.7712282034583022,-0.1340056249887543,0.459060213495663,0.3434023544819485,0.0027755622689843006,1.2903436267723025,0.6694277679854411,0.2673248854059432,1.5785816717557453,-0.16399341832027467,1.5693439525018116,0.6349007886203283,-0.3799562814535532,7.523206289129845,-10.845088995705774,2.0099289569212435,0.022926949393398118,0.03262352624206943
1.758,C：到达把手上方 · 执行,9.631887908567727e-05,-8.216030083441073e-06,4.304573876012796e-05,4.982318484550441e-05,-4.480325658473561e-06,0.0010758199642658672,0.6869400074673229,0.26599312614539083,1.583129511266399,-0.16060976960234086,1.5693759976917427,0.6467284152965947,1.751635084581309,-0.13398886334640872,0.4590535714363504,0.34339550115973827,0.002774486781959593,1.2903441172346253,0.6870363263464085,0.2659849101153074,1.5831725570051591,-0.16055994641749535,1.5693715173660843,0.6478042352608606,-0.4689203973073526,7.585604743369495,-10.850513204024145,2.0027497700365067,0.009903120962128037,0.03305251837298201
1.768,C：到达把手上方 · 执行,9.80448822728297e-05,-8.393021169394999e-06,4.3418737868838875e-05,4.940637137162973e-05,-4.599772420732506e-06,0.0010758096328674638,0.7043354325951062,0.26465332784584067,1.5877200235167046,-0.15717588088608764,1.5694036820027775,0.6596318722685255,1.7292401628659981,-0.13397387651122958,0.4590502402976893,0.3433863737737793,0.0027717525898607754,1.290345180631868,0.704433477477379,0.2646449348246713,1.5877634422545734,-0.157126474514716,1.5693990822303567,0.660707681901393,-0.5585746145410042,7.64565622878088,-10.8553708799105,1.9958947540164802,-0.0033138077128116164,0.03350187858113186
1.778,C：到达把手上方 · 执行,9.971502102401608e-05,-8.707024062026836e-06,4.38108184084296e-05,4.909212743028912e-05,-4.681954498764185e-06,0.0010757939212908685,0.7214915063573291,0.26331366655809757,1.5923105166855795,-0.1537420947393669,1.5694313290491286,0.6725353346206344,1.7040448531797854,-0.13396144619606454,0.45904946678264863,0.3433757488388618,0.002767394806564725,1.290345758187941,0.7215912213783531,0.26330495953403554,1.592354327503988,-0.1536930026119366,1.5694266470946299,0.6736111285419253,-0.6489109854403613,7.703458824571432,-10.859701556483117,1.9893568196108775,-0.016713958871940004,0.033970893064118116
1.788,C：到达把手上方 · 执行,0.00010133040513116143,-9.126644652579508e-06,4.4199147827272967e-05,4.888148578405249e-05,-4.716825280137726e-06,0.0010757723778761497,0.738380227644199,0.2619741108880522,1.596901013605575,-0.1503084121949413,1.5694589287841825,0.6854388028045815,1.6760504531442222,-0.13395199809033798,0.45905052842151794,0.3433641792130437,0.002761982895925561,1.2903453149752009,0.7384815580493301,0.26196498424339965,1.5969452127534023,-0.15025953070915724,1.5694542119589023,0.6865145751824576,-0.7400288583978831,7.7587833956662715,-10.863461039613638,1.9831721177473765,-0.03031588315254316,0.03446178987825295
1.798,C：到达把手上方 · 执行,0.00010288581014195053,-9.613709295641648e-06,4.456632602067856e-05,4.875815756394397e-05,-4.703848642595432e-06,0.0010757411187773958,0.7549736016801685,0.2606346226620595,1.6014915316767957,-0.1468748169639418,1.5694864806718178,0.6983422807042126,1.645256164295753,-0.133947016558433,0.4590532815240857,0.34335638383583555,0.0027575430317445635,1.2903467416440957,0.7550764874903104,0.26062500895276386,1.6015360980028164,-0.14682605880637786,1.5694817768231752,0.69941802182299,-0.8317965361496693,7.8121263838829496,-10.866773368257416,1.9772701903862668,-0.04407993927132884,0.03496995654437398
1.808,C：到达把手上方 · 执行,0.00010436828794657682,-1.01292458690172e-05,4.490040830096298e-05,4.870069399931509e-05,-4.649811922607938e-06,0.0010756984247208834,0.7712436414133474,0.2592951629079969,1.6060820828439295,-0.14344128759759783,1.5695139914993699,0.7112457700388018,1.611663331448522,-0.13394597039503292,0.45905704639083916,0.3433511455031484,0.002754112558280694,1.290348389466177,0.771348009701294,0.2592850336621279,1.6061269832522305,-0.14339258690359852,1.5695093416874473,0.7123214684635227,-0.924216204503517,7.8636066585075675,-10.869665817710626,1.9716351767619027,-0.05799628579287277,0.035494602189761124
1.818,C：到达把手上方 · 执行,0.00010575828081482719,-1.0637744085661982e-05,4.5194068890808126e-05,4.868953473713411e-05,-4.566523665650024e-06,0.0010756458702467775,0.7871623664014654,0.25795569611557767,1.6106726744327542,-0.1400078045355563,1.5695414730753863,0.7241492692338078,1.5752728966891676,-0.13394809587503848,0.45906131743690076,0.34334721162446924,0.002751758657210822,1.2903492461871178,0.7872681246822802,0.257945058371492,1.610717868501645,-0.13995911500081917,1.5695369065517206,0.7252249151040546,-1.0172890398167658,7.913345432423691,-10.872162940797418,1.9662494702775466,-0.07205494991291353,0.03603491842611048
1.828,C：到达把手上方 · 执行,0.00010706159207896082,-1.1111415305131711e-05,4.544339369272343e-05,4.871344357015861e-05,-4.464633896805736e-06,0.001075587384886667,0.8027018572384922,0.25661619449616124,1.6152633103573666,-0.13657435654160996,1.56956893604989,0.7370527743597004,1.5361225698671357,-0.13395200966452256,0.45906584145312623,0.3433426339840977,0.0027487715961912354,1.2903489788552263,0.8028089188305711,0.2566050830808561,1.6153087537510593,-0.1365256430980398,1.569564471415993,0.7381283617445871,-1.0879897083939642,7.949347255512767,-10.874302096778326,1.96262262918321,-0.08338464797367526,0.03648365750422506
1.838,C：到达把手上方 · 执行,0.0001087721676643616,-1.166333414792664e-05,4.558892959138916e-05,4.892837221925905e-05,-3.5957517152684915e-06,0.0010753890847532421,0.8178427972344258,0.2552767711243682,1.6198540500708822,-0.13314109956747971,1.5695956320319813,0.749956419300366,1.4960871052014386,-0.13393088099268755,0.459081885172212,0.3433057424692234,0.0025910738087844246,1.2903761218342613,0.8179515694020901,0.25526510779022027,1.6198996390004736,-0.13309217119526046,1.569592036280266,0.7510318083851193,-1.0949323486254976,7.951322911016771,-10.876566304312666,1.9632830327897661,-0.08657584465174482,0.036628649957865
1.848,C：到达把手上方 · 执行,0.00011041460335414754,-1.2481895232285822e-05,4.5578980258920154e-05,4.964849658314896e-05,-9.927479995841537e-07,0.0010749817701481978,0.832583805370256,0.25393761439481666,1.6244449452696286,-0.12970834778906418,1.5696205938925378,0.7628602732555035,1.4561166926539766,-0.13390447548278725,0.459094801341922,0.3432507497331611,0.002445782403439694,1.2903869586118302,0.8326942199736102,0.25392513249958437,1.6244905242498875,-0.12965869929248103,1.5696196011445382,0.7639352550256517,-1.1024476966007437,7.953388895171666,-10.878824938580435,1.9639329382233643,-0.08953108396356464,0.036765255007274726
1.858,C：到达把手上方 · 执行,0.000111655949736722,-1.3500816388234416e-05,4.548033659323991e-05,5.082040075626848e-05,2.1897400015458146e-06,0.0010745766860349448,0.8469252145953918,0.2525986580253367,1.6290359291627086,-0.12627604779045798,1.5696449762688098,0.775764124980149,1.4161624040566871,-0.13389040213704784,0.45910085677584284,0.34321762617198276,0.0024635248956267454,1.290379234657059,0.8470368705451286,0.2525851572089485,1.6290814094993018,-0.1262252273897017,1.5696471660088114,0.776838701666184,-1.1102108667875503,7.955801252443718,-10.881006450134265,1.964515705649483,-0.09245605936129903,0.03690008662921192
1.868,C：到达把手上方 · 执行,0.00011238956228198926,-1.458929482323068e-05,4.5343199974512416e-05,5.213608233467504e-05,4.4680567286015105e-06,0.0010743123653734754,0.8608671315543656,0.25125977121313586,1.6336269515487418,-0.12284389156925705,1.5696702628163552,0.7886678359413429,1.3762176403060018,-0.13388896017198695,0.4591031215221837,0.343218563865945,0.0025987457764303193,1.2903613682234485,0.8609795211166476,0.25124518191831263,1.6336722947487163,-0.12279175548692238,1.5696747308730838,0.7897421483067164,-1.1181874722978717,7.958705118154294,-10.883087891481255,1.9649608898791737,-0.0954599170451467,0.03703562775825171
1.8780000000000001,C：到达把手上方 · 执行,0.00011250367114423732,-1.5638119618716084e-05,4.520180107769889e-05,5.329715125745871e-05,5.2368367182697995e-06,0.0010742373447855114,0.8744096680170225,0.24992084474729542,1.638217978197053,-0.1194115807354005,1.5696970589006385,0.8015713576024633,1.336284992076191,-0.13389713461093303,0.45910185196774417,0.3432443279717068,0.002748425194663529,1.2903432137588053,0.8745221716881667,0.2499052066276767,1.6382631799981306,-0.11935828358414304,1.5697022957373568,0.8026455949472489,-1.1264763931284214,7.962081398978792,-10.88505700114941,1.9652574882109775,-0.09855292953058788,0.037172846578159835
1.896,C：到达把手上方 · 执行,0.00011087596619063778,-1.7149915079978095e-05,4.507100707895617e-05,5.446835704418784e-05,3.93686866728693e-06,0.001074410760930511,0.8977800667507105,0.24751040101961197,1.646481702439997,-0.11323250251618434,1.5697479756243797,0.8247973881392769,1.2644176726617469,-0.13393219450077207,0.4590884659534112,0.34331952586812614,0.0028748225741577027,1.2903298577965998,0.8978909427169012,0.247493251104532,1.6465267734470759,-0.11317803415914016,1.569751912493047,0.8258717989002075,-1.142116560270137,7.969499443625491,-10.888199958471507,1.96538186607089,-0.10412153445699131,0.03741649185027995
1.908,C：到达把手上方 · 执行,0.00010856003072656772,-1.7718489742302168e-05,4.516044691715848e-05,5.444296094288259e-05,2.5763695128411257e-06,0.001074560981489281,0.9126415633719975,0.2459029992455114,1.6519906752994562,-0.1091123108367478,1.5697824139606618,0.8402813738873565,1.2164887703886789,-0.1339664557016321,0.4590748258433843,0.3433746141646227,0.002865953060467219,1.29033291998168,0.9127501234027241,0.2458852807557691,1.6520358357463734,-0.10905786787580492,1.5697849903301746,0.8413559348688457,-1.1527512157949098,7.975488638193096,-10.889960264165774,1.9651614126078487,-0.10769355713916974,0.03757103310750301
1.9180000000000001,C：到达把手上方 · 执行,0.00010609265010741442,-1.786531387953927e-05,4.535514659331774e-05,5.394649069770385e-05,1.6607060564499676e-06,0.0010746422147533963,0.9245866813241359,0.24456317077901268,1.6565813658491944,-0.10567834246372328,1.5698108944883908,0.8531847392946247,1.1765278932924585,-0.13399651329781714,0.45906478370720755,0.34341436086085403,0.0028394006615453412,1.290337665306857,0.9246927739742433,0.24454530546513314,1.6566267209957877,-0.10562439597302557,1.5698125551944473,0.8542593815093781,-1.1615332594340635,7.9810976067249255,-10.891233129525608,1.964800468513194,-0.11055399173345928,0.03769366635128169
1.928,C：到达把手上方 · 执行,0.00010333614404856029,-1.772569251984324e-05,4.563104724497613e-05,5.311691923028106e-05,1.0120800888469006e-06,0.001074678618907865,0.9361320884017144,0.24322305586701715,1.6611719751979561,-0.1022440409894765,1.569839107978632,0.8660881495310027,1.1365488409479174,-0.13402337259372393,0.45905853483053227,0.343441465380608,0.0028141863603681734,1.2903417513749071,0.9362354245457629,0.2432053301744973,1.661217606245201,-0.10219092407024621,1.5698401200587209,0.8671628281499105,-1.1701494751329757,7.987185759204145,-10.892360961276019,1.9643028895082826,-0.11331725539957901,0.03781116336860252
1.9380000000000002,C：到达把手上方 · 执行,0.00010045501359967624,-1.7350646392855218e-05,4.594287942039088e-05,5.210656977930328e-05,5.80829565111074e-07,0.0010745954534516766,0.9472776201036819,0.2418827055302543,1.6657625486151955,-0.09880955873724614,1.5698671040934278,0.8789913856113147,1.096554883519336,-0.13404391153654316,0.45905715393853924,0.3434519747315292,0.0027951096809464317,1.2902072183743551,0.9473780751172816,0.24186535488386143,1.6658084914946159,-0.09875745216746684,1.569867684922993,0.8800659810647664,-1.1783031047880577,7.993711656396523,-10.893333364926926,1.9636524643891846,-0.11589236385079359,0.03781556058884851
1.948,C：到达把手上方 · 执行,9.757283931266514e-05,-1.6818010433405917e-05,4.623796148406356e-05,5.1093519133654786e-05,3.0917989302103877e-07,0.0010734087442638707,0.958023152849488,0.24054219760365897,1.670353138782546,-0.09537507378382114,1.5698949406073723,0.891878283297984,1.0565508205478449,-0.13405560151734006,0.4590611716631234,0.3434434373082493,0.002783542071322529,1.2868408275406096,0.9581207256888007,0.24052537959322556,1.6703993767440302,-0.09532398026468748,1.5698952497872654,0.8929516920422479,-1.1857140222181166,8.000670797354484,-10.894119663309878,1.9628235842844346,-0.11817698720183206,0.037570636806799895
1.96,C：到达把手上方 · 执行,9.421764402606225e-05,-1.6099322002027794e-05,4.650133087258368e-05,5.0136698224276244e-05,3.919579216749014e-08,0.0010676646871963236,0.9703896887305972,0.2389335085664646,1.6758619377124546,-0.09125395067957652,1.5699282884286003,0.9072633486347734,1.0085384596188125,-0.13405776643115205,0.4590719411262556,0.34341137750785145,0.0027820852362841807,1.2771184963255158,0.9704839063746232,0.23891740924446256,1.6759084390433272,-0.09120381398135224,1.5699283276243925,0.9083310133219697,-1.1942871025474524,8.009345944165014,-10.894948684114201,1.9617434805831064,-0.12081908964872654,0.037111152061169765
1.9700000000000002,C：到达把手上方 · 执行,9.15597243379418e-05,-1.552704820537154e-05,4.660197612604833e-05,4.968898862196813e-05,-1.5445938528202419e-07,0.0010585888207005345,0.9802549972218049,0.237592961002032,1.6804527223166155,-0.08782003106719487,1.5699560469480507,0.9199661156566563,0.9685242514410981,-0.1340519978604622,0.45908398295490344,0.34337628589129854,0.002777622817496832,1.264045497776314,0.9803465569461428,0.23757743395382663,1.6804993242927415,-0.0877703420785729,1.5699558924886654,0.9210247044773568,-1.201159477051399,8.016809481927918,-10.895538862841516,1.9607741045877003,-0.12292936527333057,0.03659776744909752
1.98,C：到达把手上方 · 执行,8.905587163687834e-05,-1.503838312283401e-05,4.6577669371439256e-05,4.960106287567323e-05,-2.8989727862693826e-07,0.0010457907748957496,0.9897201516460251,0.2362524970463136,1.6850436318727844,-0.08438647123866921,1.5699837472502167,0.9325133231205333,0.9285079580651167,-0.13404200854307546,0.45909642781112897,0.34334064532892933,0.002771007673317108,1.2464703948939555,0.989809207517662,0.23623745866319076,1.6850902095421558,-0.08433687017579354,1.569983457352938,0.933559113895429,-1.2077549590857701,8.02453272332927,-10.895981537055608,1.9597150299461348,-0.12493715235198913,0.035968210192588584
1.9900000000000002,C：到达把手上方 · 执行,8.671880447796987e-05,-1.4664131199521035e-05,4.643355253919346e-05,4.9847479626885516e-05,-3.5761600192252274e-07,0.0010292417408006571,0.9987851392847032,0.23491214750375436,1.6896346612390305,-0.08095324575264104,1.5700113798332125,0.944859999835385,0.8884910723986856,-0.1340298153238766,0.4591076761881483,0.3433098936307105,0.0027642297479436016,1.2243979142968706,0.9988718580891812,0.23489748337255484,1.6896810947915697,-0.08090339827301415,1.5700110222172106,0.9458892415761857,-1.214105805883345,8.032464297482255,-10.896279782139382,1.9585733471607802,-0.12685443532387317,0.03522165953509147
2.0,C：到达把手上方 · 执行,8.454839566152117e-05,-1.4413985045119704e-05,4.6191458767941285e-05,5.0354591811740956e-05,-3.571692313020236e-07,0.0010089358516789382,1.0074499602650382,0.23357192206696414,1.6942257885822167,-0.07752028096204651,1.5700389442507154,0.9569611516679476,0.8484748205661662,-0.1340174260382883,0.45911613913004307,0.34328800280927274,0.0027577966332544552,1.1978251644848286,1.0075345086606997,0.23355750808191902,1.6942719800409847,-0.07746992637023477,1.5700385870814841,0.9579700875196265,-1.220222947130458,8.04061890878038,-10.896399329765178,1.9573333334058214,-0.12867985683423816,0.034358231604525336
2.01,C：到达把手上方 · 执行,8.253148017423051e-05,-1.4281773206420434e-05,4.5885376379617426e-05,5.102261179079637e-05,-2.934230729501053e-07,0.000984873806726183,1.015714627752045,0.23223181456448952,1.698816979914019,-0.07408747707924623,1.5700664453688291,0.9687717779190262,0.8084604114376098,-0.13400624362817998,0.45912077131713125,0.34327668511964476,0.0027519583136775662,1.1667525204607254,1.0157971592322192,0.2322175327912831,1.6988628652903985,-0.07403645446745544,1.5700661519457562,0.9697566517257524,-1.22612387188777,8.049014254238372,-10.89630406968994,1.9559788255019463,-0.13041245960105993,0.03337785144321954
2.02,C：到达把手上方 · 执行,8.064336322788357e-05,-1.4251409858168085e-05,4.5555569679445185e-05,5.1746414872821944e-05,-1.7526048079474776e-07,0.000957054623738518,1.0235791664405107,0.2308918089105054,1.7034081949701334,-0.07065472897954893,1.5700938920705096,0.9802468795708242,0.7684488206982817,-0.13399708238221533,0.4591211480043155,0.34327576951546296,0.00274689065811277,1.131179926608678,1.0236598098037386,0.23087755750064723,1.7034537505398128,-0.0706029825646761,1.5700937168100288,0.9812039341945628,-1.231803091435641,8.057716757341137,-10.89591993544981,1.9544743530795987,-0.1320366662402308,0.03227972295964038
2.03,C：到达把手上方 · 执行,7.88514300469334e-05,-1.4301105280861703e-05,4.5199650426042126e-05,5.24383195160405e-05,-1.8613339758388747e-08,0.0009254791988703159,1.0310436091536546,0.2295518832770499,1.7079992973737879,-0.06722194888342303,1.5701213002884278,0.9913414560382688,0.7284405933248067,-0.1339910108220473,0.45905350991229926,0.34327925669614123,0.0027445570108158884,1.0911074179113778,1.0311224605837015,0.22953758217176903,1.708044497024214,-0.06716951056390699,1.570121281675088,0.9922669352371392,-1.2360652397179763,8.088788547704823,-10.926439756475343,1.9610581151654036,-0.13353484241381283,0.031077639733993283
2.04,C：到达把手上方 · 执行,7.716969974413956e-05,-1.4237028442887212e-05,4.440235290958938e-05,5.377291269242912e-05,4.6411493315190455e-08,0.0008901274221444488,1.0381079412470329,0.22821184394781852,1.7125806298921695,-0.06378981167180978,1.5701488001270807,1.002010526498093,0.6884266808177508,-0.13401994226382258,0.45695721394509603,0.34314355742104075,0.002763368442219333,1.0465355163193812,1.038185110946777,0.22819760691937563,1.7126250322450791,-0.06373603875911735,1.570148846538574,1.0029006539202374,-1.2369023118936766,8.169263601382303,-11.026016492053078,1.9861821294208717,-0.13486150803108002,0.02978480202679898
2.05,C：到达把手上方 · 执行,7.560631886938118e-05,-1.3804264758165985e-05,4.3641823781470634e-05,5.6657810879580384e-05,-1.1148417078388206e-08,0.0008510666044201365,1.0447721551994265,0.22687143589349773,1.717125248451266,-0.06035922466721758,1.570176422551264,1.0122090245726807,0.6484182920655972,-0.13405780084705304,0.4520112894041758,0.3430021778611822,0.0027661329037192324,0.997456719571153,1.0448477615182958,0.22685763162873956,1.7171688902750475,-0.060302566856338,1.570176411402847,1.0130600911771008,-1.236820765047396,8.249173039944305,-11.12521532442018,2.011647717209006,-0.13606182639797382,0.02837350373805066
2.06,C：到达把手上方 · 执行,7.40784798329841e-05,-1.3047112555758522e-05,4.3063543125221315e-05,6.042450467800414e-05,1.8046727001674867e-08,0.0008082669582083479,1.051036333609982,0.22553070345065945,1.721605007439985,-0.05692951945823666,1.5702039582203926,1.021891979738441,0.6084181339145567,-0.13408489091575074,0.4442674813809866,0.3429607835070408,0.0027503830893429774,0.9438865490836079,1.051110412089815,0.2255176563381037,1.7216480709831101,-0.05686909495355866,1.5702039762671196,1.0227002466966493,-1.2357502289023994,8.328184313004563,-11.224424141809825,2.03732475575429,-0.13709684878760053,0.02684014047413866
2.07,C：到达把手上方 · 执行,7.252113333944266e-05,-1.2082202195118352e-05,4.262409989563842e-05,6.408253975285355e-05,2.162461620880407e-07,0.0007617352628328522,1.0569005418416584,0.22418976317571493,1.7259919505087276,-0.053499705401052325,1.5702313248867514,1.0310144515152906,0.5684230022830064,-0.13410069052360718,0.4337261903430328,0.34300739821617166,0.0027345003231559343,0.8858231523718015,1.0569730629749978,0.2241776809735198,1.7260345746086232,-0.05343562286129947,1.5702315411329135,1.0317761867781234,-1.2340852869931276,8.406492169154937,-11.323702673724647,2.0631193994251547,-0.1380651170764981,0.025254125704529472
2.08,C：到达把手上方 · 执行,7.089516454605871e-05,-1.1013874672949342e-05,4.2347826919142406e-05,6.699970223827262e-05,5.049109514931871e-07,0.0007122891862054725,1.0623648180683074,0.22284871963150504,1.7302580526065978,-0.05006915085023825,1.570258601084713,1.0395435872486471,0.5284315429574283,-0.13410681644776748,0.420379135153722,0.3430994346051312,0.0027305923787088295,0.8260653407865003,1.0624357132328535,0.2228377057568321,1.730300400433517,-0.050002151147999975,1.5702591059956645,1.0402558764348526,-1.2322546148743583,8.48408345882775,-11.42306009265749,2.0891073713269277,-0.1391560215251287,0.023820167044054666
2.09,C：到达把手上方 · 执行,6.916964194303432e-05,-9.931808431479228e-06,4.2317764480825915e-05,6.891764201726741e-05,8.240801934178421e-07,0.0006619804093108694,1.0674291941624292,0.2215076622746275,1.7343752314113794,-0.04663759688723789,1.5702858467797443,1.047473586168535,0.4884425609060666,-0.13410430358084102,0.4042223366081743,0.3432010035683175,0.0027294316375970837,0.7660492799840435,1.0674983638043722,0.22149773046619603,1.7344175491758602,-0.04656867924522062,1.5702866708599377,1.0481355665778458,-1.2298098146351606,8.561179485157643,-11.522402405939069,2.1152488099302498,-0.14015259491148035,0.022385874981857304
2.1,C：到达把手上方 · 执行,6.732218947269608e-05,-8.924775237645344e-06,4.262071849492344e-05,6.987735300240105e-05,1.0920725985741342e-06,0.0006119072417916094,1.0720936921864188,0.2201666799507978,1.7383153998778027,-0.04320508469544363,1.5703131436516118,1.0548033494790474,0.44845551825236984,-0.13409277007111473,0.38525824954447235,0.3432889757315527,0.002739509586262157,0.706039097911205,1.0721610143758915,0.22015775517556016,1.7383580205962976,-0.04313520734244123,1.5703142357242104,1.055415256720839,-1.2267141957993073,8.637864299214332,-11.621809047285364,2.1416796586805424,-0.14106170302083115,0.02095229326639598
2.11,C：到达把手上方 · 执行,6.533755400828234e-05,-8.082357280586594e-06,4.329399787961208e-05,7.000883047574707e-05,1.2176870602953471e-06,0.000561840257888635,1.0763583274307666,0.2188258622299264,1.7420505207302384,-0.03977178135942883,1.5703405829016754,1.061533106664608,0.40846943215836723,-0.13407264757932613,0.3634931730337792,0.3433579699492273,0.002755701709811634,0.6460405337315581,1.076423664984775,0.2188177798726458,1.742093814728118,-0.039701772528953086,1.5703418005887357,1.0620949469224967,-1.2249502250451019,8.711641578689509,-11.71397259503759,2.1645905985730347,-0.1419283467414915,0.01950455277896653
2.12,C：到达把手上方 · 执行,6.319838497237384e-05,-7.456847015169243e-06,4.4464620381878817e-05,6.864085093004346e-05,1.22829876270103e-06,0.000511776898898253,1.0802231171339571,0.2174852614413037,1.74555246685107,-0.036348929401067195,1.5703681371539928,1.067662860107927,0.36848726837676776,-0.13405028493455867,0.3389010332498324,0.34072412993786194,0.0027606149204070767,0.5860386278132632,1.0802863155189295,0.21747780459428853,1.745596931471452,-0.03628028855013715,1.5703693654527555,1.0681746370068252,-1.2314527425696402,8.772314161085502,-11.77027010226335,2.1693552264243676,-0.14279614850946365,0.018011582167386866
2.13,C：到达把手上方 · 执行,6.086204581312593e-05,-7.091104722023456e-06,4.6335141396181e-05,6.643955575311167e-05,1.234759722468226e-06,0.0004617483256170729,1.0836881040446356,0.21614492040837455,1.7487930357847754,-0.032977912959123376,1.570395695557306,1.0731925788242007,0.3285071056727583,-0.13402012274814923,0.3115071135647583,0.3334750085838153,0.0027610446257367014,0.5260342939040021,1.0837489660904487,0.21613782930365252,1.7488393709261716,-0.032911473403370264,1.5703969303170284,1.0736543271498178,-1.2379461183861211,8.833040148333932,-11.82642160554414,2.174472197500341,-0.14365059599675148,0.016521839389392463
2.14,C：到达把手上方 · 执行,5.8359651137207535e-05,-7.0796981447851515e-06,4.870038988724623e-05,6.395381675704942e-05,1.1679880604908988e-06,0.00041176221221173037,1.086753257256243,0.21480493359628186,1.751744432909147,-0.029704280661900867,1.5704233271956025,1.0781222554732153,0.2885200488893925,-0.1339813953453816,0.2813450980049747,0.3217067757216362,0.0027751782011508908,0.4660298435425204,1.0868116169073803,0.21479785389813708,1.7517931332990342,-0.029640326845143818,1.570424495183663,1.078534017685427,-1.2443588690282594,8.893939293506266,-11.882786035842873,2.1798825842755654,-0.14450125889018217,0.015034902096302495
2.15,C：到达把手上方 · 执行,5.6274279684354056e-05,-7.378381954581403e-06,5.1167645799710115e-05,6.124035052442953e-05,1.3227205382104756e-06,0.00036174897141538764,1.0894224695870978,0.21346597632138403,1.7543790503183356,-0.02657308993478983,1.5704507373260876,1.0824519589071666,0.24967076442061586,-0.13365175314378297,0.2484335824286824,0.3054360148773138,0.002679597972180055,0.4060456098819154,1.0894787438667821,0.21345859793942945,1.7544302179641353,-0.0265118495842654,1.5704520600466259,1.082813707878582,-1.1807387092704833,9.007857769117685,-11.982366404562597,2.197161710832691,-0.13424838521040663,0.013048241381156863
2.16,C：到达把手上方 · 执行,5.431285743817682e-05,-7.584708643398885e-06,5.3253609850756334e-05,5.821351751936557e-05,3.4131688979588404e-06,0.00031212067411834354,1.0917191725001127,0.21214240486794048,1.7566705752726324,-0.023629254657973543,1.5704762117409843,1.086189564600343,0.21372277206606688,-0.13087818317012107,0.21328195150793477,0.28470741909075314,0.0024523144873366274,0.3481100644009617,1.091773485357551,0.21213482015929708,1.7567238288824831,-0.023571041140454177,1.5704796249098822,1.0865016852744613,-1.141785527019519,9.131466809833194,-12.012786799257544,2.192161686221314,-0.12383229721933446,0.011328023589158919
2.17,C：到达把手上方 · 执行,5.177926047639225e-05,-8.465515381111954e-06,5.532488560922033e-05,5.304631424315684e-05,7.203813122025338e-06,0.00026485203791648537,1.0936720621367535,0.21086252033548483,1.7586188600365533,-0.020915947765628638,1.5704999859609972,1.0893713340146003,0.18061316753473075,-0.12521138169350138,0.18015620023352744,0.25974499249411526,0.0023601833010077847,0.29441831991987627,1.09372384139723,0.21085405482010372,1.7586741849221625,-0.02086290145138548,1.5705071897741192,1.0896361860525168,-1.1092439341058231,9.185861541987585,-11.943894341987965,2.1599253134761485,-0.11333182242453996,0.009681025382093797
2.18,C：到达把手上方 · 执行,4.862078494349831e-05,-1.049513195403029e-05,5.649432668097809e-05,4.473585808452418e-05,1.0536400008032132e-05,0.00022166033679371644,1.0953091911147554,0.20965479709977186,1.7602516610979506,-0.01847716648024448,1.5705242182383838,1.0920405497375483,0.15028928269847994,-0.11673706240851763,0.14987629697088967,0.23021289145550147,0.0025099809675663116,0.24517636903210963,1.095357811899699,0.20964430196781783,1.7603081554246316,-0.018432430622159955,1.5705347546383919,1.092262210074342,-1.0769748615931307,9.239963265627685,-11.875763788684678,2.1273128467427878,-0.10293815976782097,0.008161431301662601
2.19,C：到达把手上方 · 执行,4.499299188598371e-05,-1.3528712767829632e-05,5.6814489789447364e-05,3.4912948264707866e-05,1.167080014297106e-05,0.00018257135275101533,1.0966584038702756,0.208547090316878,1.7615969258973048,-0.01635954160470741,1.5705506487025214,1.0942421859826914,0.1227531965941945,-0.10548710651556249,0.12236991438587391,0.19598547518177453,0.002758198819532936,0.20043900322231611,1.0967033968621616,0.20853356160411016,1.7616537403870942,-0.016324628656442703,1.5705623195026643,1.0944247573354424,-1.0447628202317016,9.29350947792495,-11.807742049162528,2.094608348959852,-0.09273173132705416,0.006762151672246971
2.2,C：到达把手上方 · 执行,4.096524520602607e-05,-1.7301882953124625e-05,5.65110853023576e-05,2.5576253454952583e-05,1.0577677385326112e-05,0.00014756174784591458,1.0977476310563483,0.20756713559617207,1.762682428741186,-0.014608833099608512,1.5705793066900127,1.0960212661151927,0.09801222136836583,-0.09146293272374187,0.09765402557929725,0.15764130190049996,0.0029440998882350553,0.16020800614169886,1.0977885963015543,0.20754983371321895,1.7627389398264883,-0.01458325684615356,1.570589884367398,1.0961688278630386,-1.0035840983039779,9.360453622949407,-11.77772335174951,2.0812989088609646,-0.08258299530491407,0.005519782314492087
2.21,C：到达把手上方 · 执行,3.6674570046635324e-05,-2.159537828694269e-05,5.5189904041963445e-05,1.9087100874594365e-05,8.149916294053483e-06,0.00011648655234819394,1.0986047355970208,0.2067427137207165,1.763536563787958,-0.013231750234596657,1.5706092993149159,1.097422935023122,0.07604749116370468,-0.07466103827597109,0.07581135968509584,0.12209158386029559,0.003035371463804393,0.12449612546697236,1.0986414101670674,0.20672111834242957,1.763591753692,-0.013212663133722062,1.57061744923121,1.0975394215754701,-0.9504132652979698,9.444613755639896,-11.79782609622987,2.0930363930854856,-0.07235475286548432,0.004437760924614174
2.22,C：到达把手上方 · 执行,3.242556170901523e-05,-2.6542059306966514e-05,5.250317520233416e-05,1.3891699191779378e-05,5.348136205229892e-06,8.916428695671108e-05,1.0992574129478019,0.20609975094569283,1.7641876788592412,-0.012184437853986723,1.5706396659592774,1.0984923742674406,0.056842317979568166,-0.055862336203810974,0.056743510550871505,0.0911790604921122,0.0030463117437745124,0.09329450829424835,1.099289838509511,0.20607320888638586,1.7642401820344435,-0.012170546154794943,1.5706450140954826,1.0985815385543973,-0.8468169320102035,9.313962526418637,-11.732935313236291,2.0918701446502057,-0.06204028346186818,0.0034824916712901896
2.23,C：到达把手上方 · 执行,2.8925942731294896e-05,-3.274098262759373e-05,4.9555824962022044e-05,9.700987152366433e-06,2.2751743424809234e-06,6.565777691336372e-05,1.0997329553692168,0.2056339070665763,1.7646626690119187,-0.011421606923744661,1.5706703037854128,1.0992745209956865,0.040356786754151365,-0.0394240680843472,0.04033072890575104,0.06476290340494337,0.003065075162730465,0.06658750932477492,1.099761881311948,0.2056011660839487,1.7647122248368807,-0.011411905936592295,1.5706725789597553,1.0993401787725998,-0.7112391996860291,9.051355731599521,-11.614141702140715,2.0827947247288168,-0.0516958786937127,0.0026510286217095854
2.24,C：到达把手上方 · 执行,2.6558867705750444e-05,-3.8813775861901156e-05,4.7221781198203416e-05,5.8720788959493175e-06,-2.0854502214007198e-07,4.576656085952813e-05,1.100058979706673,0.20531632259737972,1.764988660318111,-0.010897614558010069,1.57070035236905,1.0998145756692173,0.026668046825217964,-0.025907358945827633,0.02667967839000748,0.04295579118409516,0.0029349868956172823,0.044412142692196954,1.1000855385743789,0.20527750882151782,1.7650358820993093,-0.01089174247911412,1.5707001438240278,1.0998603422300768,-0.574999276603236,8.78883404357725,-11.49458904815242,2.0734924562941606,-0.041132593525926915,0.0019208936750627422
2.25,C：到达把手上方 · 执行,2.5143047109432715e-05,-4.385943751733512e-05,4.559307617735264e-05,1.3426379040643033e-06,-7.251686426901216e-07,2.9264892546621013e-05,1.1002636672496942,0.20511809653661064,1.7651935607455589,-0.01056639842026448,1.5707284338569434,1.100157764034285,0.01580844154996225,-0.015259299082450049,0.015834649079569742,0.025738212393879866,0.002701122789200454,0.026749510316086623,1.1002888102968036,0.2050742370990933,1.7652391538217362,-0.010565055782360416,1.5707277086883007,1.1001870289268316,-0.43853256049501654,8.526496239869703,-11.374644779617032,2.063917128137392,-0.03026127939487139,0.0012887062204648288
2.26,C：到达把手上方 · 执行,2.435038511694465e-05,-4.738505640644597e-05,4.45496939649459e-05,-4.388915622394879e-06,1.0396038494508986e-06,1.6144608435020302e-05,1.1003753460941048,0.20501073597308156,1.7653054903101895,-0.01038245693070879,1.570754233948724,1.1003490942544258,0.007783280519698196,-0.0074455707442410285,0.0078049534006947256,0.013037452493704882,0.002494795874766942,0.01357914131825609,1.1003996964792218,0.2049633509166751,1.7653500400041544,-0.010386845846331184,1.5707552735525734,1.1003652388628609,-0.30207087331878035,8.264297797459438,-11.254485377015476,2.054138110599339,-0.019144124839004767,0.000757466530778804
2.27,C：到达把手上方 · 执行,2.3834195502336897e-05,-4.9201310855728764e-05,4.392164758604267e-05,-1.1116261789768933e-05,4.20376026477598e-06,6.557413144259172e-06,1.1004223629271546,0.2049660515840957,1.7653526190000035,-0.010300996407592045,1.570778493768057,1.1004334146266659,0.0025931132792226023,-0.0024387776123982207,0.0025936779267617493,0.004788905722631476,0.002345683942326783,0.004889366655821644,1.100446197122657,0.20491685027323997,1.7653965406475896,-0.010312112669381814,1.5707826975283217,1.1004399720398101,-0.1705879297677162,8.002494715864097,-11.134234299831347,2.0442857674359662,-0.010116029199797278,0.00041573906616201525
2.2800000000000002,C：到达把手上方 · 执行,2.317322880740491e-05,-4.939081592025829e-05,4.3487104201211935e-05,-1.812907008993253e-05,6.900242711882498e-06,7.96501393729443e-07,1.100433138995239,0.2049561259877699,1.765363168644778,-0.010277727186343318,1.5707899829625582,1.1004554319513646,0.000250019580533352,-0.00021336160251219375,0.00020653735101762064,0.0009540604158414606,-5.058212250007166e-05,0.0006710299450814986,1.1004563122240465,0.20490673517184965,1.7654066557489791,-0.01029585625643325,1.5707968832052701,1.1004562284527584,-0.03547216222059921,7.74102308593588,-11.014102702979057,2.034515697807964,0.0007068496109986518,0.00012126650375058755
2.46,C：垂直接近把手 · 执行,1.0398904930486452e-06,-8.620573430762057e-06,1.7932423414857013e-05,-1.2787594431020247e-05,1.5664186314712225e-06,-2.266005521001091e-07,1.100455397683966,0.20491523039486875,1.7653888486759768,-0.010282867205983337,1.5707955182426578,1.10045665650933,-7.642802194755558e-05,0.0002751158166696015,-0.0002728320398021782,0.0003128456281915525,1.0615866029937944e-05,-9.320607964544226e-07,1.100456437574459,0.204906609821438,1.7654067810993916,-0.010295654800414358,1.5707970846612893,1.1004564299087778,0.0012842254659987682,7.68483336551492,-10.988390507732756,2.0329341026834093,0.005632393666668542,-6.71457906703711e-06
2.47,C：垂直接近把手 · 执行,1.6317723150471863e-06,-1.1288268725262451e-05,2.0657922595423983e-05,-1.5892474469102885e-05,1.3792431499126678e-06,-2.0568058278769286e-07,1.100454805802144,0.20491789809016325,1.7653861231767962,-0.010279762325945255,1.5707957054181394,1.1004566355893606,-4.554982169397983e-05,0.0002575758887515837,-0.0002693701784942663,0.0003050005764934712,2.427388178606781e-05,-2.889606424193813e-06,1.100456437574459,0.204906609821438,1.7654067810993916,-0.010295654800414358,1.5707970846612893,1.1004564299087778,0.0012713843744622812,7.6833098427085105,-10.987055453032935,2.032570931140877,0.005605481309059008,-5.852074512335896e-06
2.48,C：垂直接近把手 · 执行,1.9372492587876877e-06,-1.3698024951935839e-05,2.3242218310848273e-05,-1.8790857593691673e-05,1.0937198371419043e-06,-1.7043404976213594e-07,1.1004545003252002,0.20492030784638993,1.7653835388810808,-0.010276863942820666,1.5707959909414522,1.1004566003428276,-1.9044422990298745e-05,0.0002255687411012015,-0.00024692903845899755,0.00027435403843842446,3.1137679619469036e-05,-3.918971289038138e-06,1.100456437574459,0.204906609821438,1.7654067810993916,-0.010295654800414358,1.5707970846612893,1.1004564299087778,0.001159068859295721,7.682127586932977,-10.985942834295505,2.0322599010115923,0.0055728106990818906,-4.671154737787869e-06
2.498,C：垂直接近把手 · 执行,9.120155921138462e-06,-1.81081392398863e-05,1.9411077534670085e-05,-1.4569302473904297e-05,4.196058331684682e-06,-5.47814569484828e-07,1.1004556744850944,0.20492283042007525,1.7653942688326456,-0.010257336870685939,1.5707969347539927,1.1004563560922,0.00014603884921636872,9.046537554491446e-05,0.002753697701720962,0.003395372281956418,8.013554110182473e-05,-2.1736724543592363e-05,1.1004647946410155,0.20490472228083537,1.7654136799101803,-0.010271906173159843,1.5708011308123244,1.1004558082776306,0.0040593449082849346,7.590007129443023,-10.874044284610015,2.01276392533853,0.005802257378804378,-1.2783068146652796e-05
2.52,C：垂直接近把手 · 执行,4.8059074615469655e-06,-2.070594589625996e-05,2.6421144132315888e-05,-2.512944270592274e-05,9.34707614641539e-07,-1.1182802661657831e-07,1.1004599846292489,0.2049238552758554,1.7656080309112365,-0.010024438795790366,1.5708001942983032,1.1004559202812907,0.00021806923866656943,4.4466982722049775e-06,0.01785501614461528,0.018768525250720303,0.0001842948954930697,-2.0962916474250758e-05,1.1004647905367104,0.20490314932995915,1.7656344520553688,-0.010049568238496289,1.5708011290059178,1.100455808453264,0.0009360444742027074,7.482811123084102,-10.736527483651235,1.9861064777459287,0.005345281093564664,2.609693326792688e-07
2.5300000000000002,C：垂直接近把手 · 执行,2.6305639293511263e-06,-2.1456809124853482e-05,2.8187967904269584e-05,-3.057223069766364e-05,-7.626636742141812e-07,8.245031057896313e-08,1.100462155598061,0.2049237592541264,1.76584222218806,-0.009782198655484466,1.5708018897441678,1.1004557261901604,0.00021368459471003107,-1.691179913392735e-05,0.028276653153522447,0.028965968827143217,0.0001504823801115006,-1.7241788515191258e-05,1.1004647861619903,0.20490230244500154,1.7658704101559644,-0.00981277088618213,1.5708011270804936,1.100455808640471,-0.0005512723166477707,7.440417727393916,-10.680562474319334,1.9753884703221378,0.00516792369582461,5.321312625204536e-06
2.54,C：垂直接近把手 · 执行,5.975727259688313e-07,-2.1832630361401373e-05,2.9343358912470308e-05,-3.39125701196534e-05,-1.938518504163156e-06,2.1828967033954427e-07,1.1004641820941004,0.20492363191668708,1.7661919767554564,-0.009427456532078948,1.5708030627403153,1.1004555906287452,0.00019093033621626413,-3.87749535714805e-06,0.04074386628969669,0.04107240557582477,8.907565511192973e-05,-1.0389215607349301e-05,1.1004647796668263,0.20490179928632568,1.7662213201143688,-0.009461369102198601,1.5708011242218112,1.1004558089184155,-0.001883843759186186,7.4020044570611505,-10.629344461398018,1.9658204203711138,0.0050615082725280645,8.119291020679368e-06
2.55,C：垂直接近把手 · 执行,-1.112042929296564e-06,-2.1859721152789335e-05,2.9809555672111188e-05,-3.463122886665851e-05,-2.5214145544794064e-06,2.886904599819218e-07,1.1004658827362646,0.2049238380479485,1.7666769902862858,-0.008941452843622319,1.570803641686911,1.1004555206119535,0.00015076380727586252,4.545393730762726e-05,0.05511533186982874,0.055021805909819664,3.5000285173365415e-05,-4.45226918031921e-06,1.1004647706933353,0.20490197832679571,1.7667067998419579,-0.008976084072488977,1.5708011202723564,1.1004558093024135,-0.002874742612090104,7.366625924519441,-10.582245055022877,1.9572526799708594,0.005011834444296947,9.026650641336726e-06
2.56,C：垂直接近把手 · 执行,-2.3522915417739654e-06,-2.1578972683594655e-05,2.9480085421917934e-05,-3.2831024013043816e-05,-2.6732419975417088e-06,3.1236762088049375e-07,1.100467111202119,0.20492470135854993,1.767315487060238,-0.008306250363007608,1.5708037883284722,1.1004554974390062,9.889353178907126e-05,0.00012259127957914807,0.07123860782806246,0.07071802716214275,8.226438863016349e-07,-7.479134398897008e-07,1.1004647589105772,0.20490312238586633,1.76734496714566,-0.008339081387020652,1.5708011150864747,1.100455809806627,-0.003428425462329563,7.333951387270895,-10.539198372865593,1.9496173269521238,0.00499511339462043,8.829356394271946e-06
2.5700000000000003,C：垂直接近把手 · 执行,-3.0528751089331507e-06,-2.1024496282245897e-05,2.8334256130913005e-05,-2.8880322406265105e-05,-2.5704293165063063e-06,3.0797203520727123e-07,1.1004677968887098,0.2049264171107659,1.768124106419338,-0.007505023756436956,1.5708036789592663,1.1004555024720701,4.3941973287707534e-05,0.00021157270178388698,0.08895375509665271,0.08804293951851799,-1.926439259667387e-05,1.5422528910160237e-06,1.1004647440136008,0.20490539261448365,1.768152440675469,-0.007533904078843221,1.5708011085299498,1.1004558104441053,-0.0035163722938922892,7.303666271668079,-10.500034613540313,1.9428490316342717,0.004997126708162747,8.055157343904778e-06
2.58,C：垂直接近把手 · 执行,-3.2281261537203676e-06,-2.0224925456557852e-05,2.644661096806722e-05,-2.3240901989950505e-05,-2.3009512295502077e-06,2.826717389048383e-07,1.1004679538486326,0.20492898750823832,1.7691178943094883,-0.0065221648154601694,1.5708034014308085,1.100455528555089,-6.286178892036584e-06,0.00029040533032763946,0.10810343213753983,0.10687358195386017,-3.4413574747813664e-05,3.616223003473764e-06,1.1004647257224789,0.20490876258278176,1.7691443409204564,-0.00654540571745012,1.570801100479579,1.100455811226828,-0.0031029474496130846,7.275770545236146,-10.46509756712915,1.9369935085610652,0.005014780634099145,6.868036448615789e-06
2.59,C：垂直接近把手 · 执行,-2.957371663336872e-06,-1.920013705405954e-05,2.403231957015528e-05,-1.633208466533375e-05,-1.885083634745044e-06,2.3727531694994752e-07,1.1004676611530686,0.20493216082482768,1.770310262809979,-0.005343355812601661,1.5708029759064097,1.1004555748904234,-4.6269766546598576e-05,0.0003321725646254423,0.12852096637302882,0.12707952658196375,-4.925694674166259e-05,5.635128903564838e-06,1.1004647037814053,0.20491296068777362,1.770334295129549,-0.005359687897266994,1.570801090822775,1.1004558121657404,-0.002313682435966729,7.249827641131888,-10.43347990594396,1.9318813880923928,0.005048499928259687,5.24685869551689e-06
2.6,C：垂直接近把手 · 执行,-2.360779326915363e-06,-1.7985881560489414e-05,2.133346645316614e-05,-8.630818914492563e-06,-1.3315899280996746e-06,1.72027290634702e-07,1.100467038737351,0.20493543734902894,1.7717131271191455,-0.0039554274599671105,1.5708024110471999,1.1004556412434954,-7.337212862044198e-05,0.0003129105146595787,0.15006535402478302,0.14855000691327938,-6.167639912929333e-05,7.540377191134504e-06,1.100464677958024,0.20491745146746845,1.7717344605855987,-0.003964058278881603,1.5708010794572718,1.100455813270786,-0.0012665093862152552,7.225813911753873,-10.405012856898425,1.9274215917983384,0.005096104282961781,3.169368694867358e-06
2.61,C：垂直接近把手 · 执行,-1.570369614789513e-06,-1.6628578222960266e-05,1.858985177660699e-05,-5.955871886045329e-07,-6.909081453621013e-07,9.264126621388868e-08,1.1004662184125351,0.20493807277858542,1.7733369708989486,-0.0023464074568783576,1.5708017571990442,1.1004557219096616,-8.721654174440444e-05,0.00020858524960831024,0.17259516504219632,0.1711630951392933,-6.716974255346295e-05,8.485206594932042e-06,1.1004646480429203,0.20492144420036246,1.7733555607507252,-0.002347003044066962,1.5708010662908989,1.1004558145509278,-6.171860255268997e-05,7.203713360819903,-10.379495614932088,1.9235424841825766,0.005149815949005411,8.735874690692067e-07
2.62,C：垂直接近把手 · 执行,-7.150727543425717e-07,-1.5185771620074284e-05,1.603079462064727e-05,7.38969069412755e-06,-4.724227009589299e-08,1.1003502109474539e-08,1.100465328921886,0.20493908971294506,1.7751908917663626,-0.0005055503285519785,1.570801098483641,1.100455805010663,-8.864522961939942e-05,-3.4983854622994387e-06,0.1959754014969356,0.19479695824575752,-6.351473194164507e-05,8.147589027438078e-06,1.1004646138491316,0.20492390394132498,1.7752069225609832,-0.0004981606378578509,1.5708010512413708,1.100455816014165,0.0012389916301955208,7.183821449695609,-10.357236843512514,1.92027808360873,0.005200096252291385,-1.272958699277377e-06
2.63,C：垂直接近把手 · 执行,9.018865720911151e-08,-1.3725985577722755e-05,1.3856728666272744e-05,1.5038273131234847e-05,5.103510198889438e-07,-6.046064338072199e-08,1.1004644850229988,0.20493728854480925,1.7772826569931917,0.0015766662153198273,1.5708005238850429,1.100455878128204,-7.953211188096616e-05,-0.0003454936862354713,0.220072661137997,0.21932690205010838,-5.150583680846704e-05,6.670463297012076e-06,1.100464575211656,0.20492356255923153,1.777296513721858,0.0015917044884510621,1.5708010342360628,1.1004558176675605,0.0025402678867833504,7.1657883839212095,-10.337553847844166,1.9174904715489158,0.005238227797682067,-2.956582831547574e-06
2.64,C：垂直接近把手 · 执行,7.541024653612283e-07,-1.2324627623322426e-05,1.2219476877239899e-05,2.216172337118731e-05,9.135810381533105e-07,-1.1218666684520429e-07,1.100463777884494,0.20493125440221868,1.779618760526875,0.003908566410935881,1.5708001016307642,1.100455931703921,-6.259066788358039e-05,-0.0008385527322906701,0.2447630479022414,0.24463591645644708,-3.410062532348826e-05,4.414767544024597e-06,1.1004645319869593,0.20491892977459536,1.7796309800037522,0.003930728134307069,1.5708010152118024,1.1004558195172542,0.0038000717154120503,7.149574852310863,-10.32034030893883,1.9151474614750164,0.005259124688293613,-3.95894497012553e-06
2.65,C：垂直接近把手 · 执行,1.216537491632863e-06,-1.1056119439578627e-05,1.121436784168317e-05,2.8665043654344663e-05,1.1274273108430322e-06,-1.3919040586785059e-07,1.1004632675149957,0.20491936031663888,1.782204468169639,0.006497307563246955,1.5707998666873373,1.1004559607588984,-4.118327210983492e-05,-0.0015037322074451097,0.26992629171552907,0.2706097367694524,-1.4804836959516877e-05,1.8709212044455533e-06,1.1004644840524873,0.2049083041971993,1.7822156825374806,0.0065259726069013,1.5708009941146481,1.1004558215684925,0.005000860238957268,7.135150151196364,-10.30551714019174,1.913229118752643,0.005261357324909157,-4.2112991757942856e-06
2.66,C：垂直接近把手 · 执行,1.4522047377951708e-06,-9.985294523340293e-06,1.0880895350950937e-05,3.453583939545639e-05,1.1507177730685214e-06,-1.4122677205463674e-07,1.1004629791014318,0.20489976965820045,1.7850438542205456,0.0093489171449662,1.570799820181903,1.1004559650524142,-1.8846169922075114e-05,-0.002361900325004888,0.29544529175108253,0.2971376902460561,3.2732794772372663e-06,-5.023309714027826e-07,1.1004644313061696,0.2048897843636771,1.7850547351158965,0.009383452984361657,1.570800970899676,1.100455823825642,0.006154534612893631,7.122788252685666,-10.293403726850862,1.9117962497359837,0.005246841803172042,-3.788441503252291e-06
2.67,C：垂直接近把手 · 执行,1.4698106856059212e-06,-9.159173792905317e-06,1.1200912124254003e-05,3.982480855619329e-05,1.0088605355562663e-06,-1.220587977357468e-07,1.1004629038552498,0.2048704389461713,1.7881398405446745,0.012468338534377324,1.5707999366702265,1.1004559483510135,1.2064216991836584e-06,-0.003433752007224494,0.32120386268851053,0.324110155861776,1.786118857537389e-05,-2.330593677422062e-06,1.1004643736659354,0.2048612797723784,1.7881510414567987,0.012508163342933518,1.570800945530762,1.1004558262922157,0.007272399383779531,7.112271316566952,-10.28364851358451,1.9107930928741694,0.005219296158914676,-2.8595218193615958e-06
2.68,C：垂直接近把手 · 执行,1.3047715277103578e-06,-8.60346236036813e-06,1.2141979788715673e-05,4.466278223301534e-05,7.485002295748444e-07,-8.741639589970873e-08,1.1004630062976875,0.20482912496010502,1.7914941903159158,0.015859440452289177,1.5708001694801383,1.1004559163872856,1.6830083691346117e-05,-0.004738327884333979,0.34708806384722324,0.3514245621892217,2.6956751162271497e-05,-3.561525674833612e-06,1.1004643110692152,0.20482052149774466,1.7915063322957046,0.015904103234522193,1.570800917980368,1.1004558289708897,0.008382983478145738,7.1034708194643885,-10.27605149188232,1.9102000627107711,0.005184478004654065,-1.6046538005488811e-06
2.69,C：垂直接近把手 · 执行,1.0108956771670563e-06,-8.32624115129632e-06,1.3618888761390835e-05,4.916857064239666e-05,4.2464178506840256e-07,-4.487744731385135e-08,1.100463232576779,0.2047733965853022,1.7951075819291702,0.019525136393442544,1.5708004635875394,1.1004558767409731,2.6416531167706057e-05,-0.00629456860102058,0.372992119117515,0.37898795324081497,3.070160577168263e-05,-3.9698764943842e-06,1.100464243472456,0.2047650703441509,1.7951212008179316,0.01957430496408494,1.5708008882293245,1.1004558318635258,0.009527788828190099,7.096417355410438,-10.270671233966652,1.9100265381416577,0.005147798223476574,-2.7877908815030466e-07
2.7,C：垂直接近把手 · 执行,6.520209174798453e-07,-8.311631551155552e-06,1.552061085408063e-05,5.3473077123066676e-05,8.829055708758915e-08,-1.8328067952211313e-09,1.1004635188297192,0.20470063452955983,1.7989796162593328,0.023467388671131222,1.5708007679760598,1.100455836804003,2.9452970828675906e-05,-0.008121022770008868,0.398808831399806,0.40670627672794324,2.968091004816324e-05,-3.7300941605224796e-06,1.1004641708506366,0.20469232289800868,1.7989951368701869,0.02352086174825429,1.570800856266617,1.1004558349711961,0.010751250396822913,7.091425086873319,-10.267856171209647,1.910352151447658,0.005114178631720239,9.126509254231068e-07
2.71,C：垂直接近把手 · 执行,2.908164074000297e-07,-8.52352542363155e-06,1.7731949642163514e-05,5.771696262217921e-05,-2.1563707952587663e-07,3.586378594100381e-08,1.1004638023803683,0.20460804086286435,1.803108829033993,0.027687238965276112,1.5708010377262525,1.1004558024304112,2.6569999047514214e-05,-0.010234975428087491,0.42443107594679635,0.43448771369168215,2.4463638339829698e-05,-2.936538056602522e-06,1.1004640931967757,0.20459951733744072,1.803126560983635,0.02774495592789829,1.570800822089173,1.1004558382941971,0.012075925831149309,7.088175460313732,-10.267176382069486,1.9111131574426454,0.005087527443606512,1.825632666117603e-06
2.72,C：垂直接近把手 · 执行,-1.9424112318588982e-08,-8.910858082161743e-06,2.0137089748795134e-05,6.20284901488577e-05,-4.5251298463888645e-07,6.380797668015248e-08,1.1004640299455626,0.204492650099459,1.8074927213130514,0.032184858696920914,1.5708012382146301,1.100455778024099,1.897092966131916e-05,-0.01265266362233822,0.44975747191445065,0.46224823494166944,1.6323528150416335e-05,-1.7895901665012075e-06,1.1004640105214503,0.20448373924137683,1.8075128584028002,0.03224688718706977,1.5708007857016455,1.1004558418320758,0.013522667739121922,7.086670266600538,-10.268608878766383,1.9123140412591342,0.005070512732312328,2.364571963790994e-06
2.73,C：垂直接近把手 · 执行,-2.399350509385556e-07,-9.412883227755131e-06,2.2625821401556223e-05,6.651068208807231e-05,-6.018443710065213e-07,7.957547243364615e-08,1.1004641627873564,0.20435134028187957,1.8121277872930637,0.03695959008986735,1.5708013489605743,1.1004557660081735,8.226869956210718e-06,-0.01538927852300543,0.47468900720915846,0.4899069761764117,6.870744581829637e-06,-5.081600375625958e-07,1.1004639228523054,0.2043419273986518,1.8121504131144652,0.03702610077195542,1.5708007471162033,1.100455845583646,0.01510366496343915,7.086907540524635,-10.27211897270797,1.9139567563220747,0.005064186982965765,2.4986511555307308e-06
2.74,C：垂直接近把手 · 执行,-3.4897194489680317e-07,-9.964572071530231e-06,2.5100608694428317e-05,7.123613983658905e-05,-6.584293608113967e-07,8.282681873694742e-08,1.1004641792055154,0.20418084418917157,1.817009541267861,0.042009979569988476,1.57080136478167,1.1004557667201968,-3.96992534375097e-06,-0.018458933675619595,0.49912922350842676,0.5173858236217125,-2.282596135541841e-06,7.03899017999446e-07,1.1004638302335705,0.20417087961710004,1.8170346418765555,0.042081215709825065,1.5708007063523093,1.1004558495470156,0.016837083557842716,7.089150436591165,-10.27796181747983,1.9161080168146312,0.0050682525575106215,2.2635515217922257e-06
2.75,C：垂直接近把手 · 执行,-3.422736323255293e-07,-1.0502483599544865e-05,2.7484316033499212e-05,7.624747682939692e-05,-6.297443821967619e-07,7.492448061974244e-08,1.1004640749992023,0.20397776101625317,1.8221325439310092,0.04733380555115136,1.5708012931808968,1.1004557787951208,-1.5768136572514395e-05,-0.0218742869203619,0.5229828636644747,0.5446082005308683,-1.0382565566127208e-05,1.7439033398703823e-06,1.10046373272557,0.20396725853265363,1.8221600282470427,0.04741005302798076,1.5708006634365146,1.1004558537196014,0.0187098570903727,7.093083981540777,-10.2857318687421,1.9186968996897455,0.0050812883391244176,1.7379738968336364e-06
2.76,C：垂直接近把手 · 执行,-2.305918072043056e-07,-1.0969019807210989e-05,2.971909103632875e-05,8.155536132241348e-05,-5.334174864035646e-07,5.855630313966742e-08,1.1004638609960475,0.2037385664440967,1.8274904375379497,0.05292810862168137,1.5708011518197245,1.10045579954185,-2.5934135214472234e-05,-0.025647391374007216,0.546160510166985,0.571502188776318,-1.630731759651383e-05,2.4626165230186142e-06,1.1004636304042403,0.2037275974242895,1.827520156628986,0.05300966398300378,1.570800618402238,1.1004558580981532,0.020716239676845254,7.098661087068374,-10.295340538873676,1.9217106412691858,0.005100813863296008,1.0427908766273998e-06
2.77,C：垂直接近把手 · 执行,-3.6335062736370105e-08,-1.1316142730644074e-05,3.1767863028830945e-05,8.714589946058615e-05,-3.918571309657892e-07,3.695671413339596e-08,1.1004635596957058,0.20345962393706785,1.833075979255056,0.05878921142769984,1.57080096314669,1.1004558257220578,-3.330490016528502e-05,-0.029788438815655675,0.5685745286771438,0.5979965909533682,-2.019261357978114e-05,2.8650531785561437e-06,1.100463523360643,0.2034483077943372,1.8331077471180848,0.05887635732716043,1.570800571289559,1.100455862678772,0.022833272470915374,7.105944849413805,-10.306755090535692,1.9251520077930013,0.00512467947564021,2.8443419592155907e-07
2.7800000000000002,C：垂直接近把手 · 执行,2.0972780512273914e-07,-1.1511288767279693e-05,3.361972986204442e-05,9.297940890379275e-05,-2.272194727925836e-07,1.3434383383525983e-08,1.1004632019727116,0.20313721131974444,1.8388810773538455,0.06491274081723569,1.5708007493644858,1.1004558540225486,-3.763069959271164e-05,-0.03430502859169391,0.5901436130969632,0.6240230703204884,-2.1266904114940825e-05,2.8896548454494882e-06,1.1004634117005168,0.20312570003097716,1.8389146970837076,0.06500572022613949,1.570800522145013,1.100455867456932,0.02502458985471706,7.115201253955398,-10.320060195236604,1.9290466071437624,0.005150303462099037,-4.3537808244151354e-07
2.79,C：垂直接近把手 · 执行,4.7512394307780426e-07,-1.1534900326765074e-05,3.527758277277471e-05,9.899375439387237e-05,-6.308132527443888e-08,-9.007901091706572e-09,1.1004628204199107,0.2027675525704704,1.844896851696071,0.07129363835197314,1.5708005341027353,1.1004558814353997,-3.854420607428262e-05,-0.039200318847240116,0.6107901254621726,0.6495126714956109,-2.0495518604242313e-05,2.683431543218654e-06,1.1004632955438538,0.20275601767014365,1.8449321292788439,0.07139263210636701,1.57080047102141,1.1004558724274986,0.02723309035239043,7.126225454996065,-10.334896372788897,1.9333136820742745,0.0051757269843480565,-1.0608926067895562e-06
2.8,C：垂直接近把手 · 执行,7.284134253549013e-07,-1.1382265404480396e-05,3.675958995663642e-05,0.00010511723723054256,8.212339097646293e-08,-2.8003773522300435e-08,1.1004624466110566,0.20234685591754692,1.8511136815549256,0.07792616046521421,1.5708003358542588,1.1004559055885164,-3.641894291278761e-05,-0.044474382828062015,0.630442731066684,0.6743973577756754,-1.8215193951140593e-05,2.2833628989817585e-06,1.100463175024482,0.20233547365214244,1.8511504411448823,0.07803127770244475,1.5708004179776498,1.1004558775847428,0.029424818920322,7.139044821226082,-10.35115120713663,1.9379317223189028,0.005199282022476744,-1.5319876861016684e-06
2.81,C：垂直接近把手 · 执行,9.429320553255849e-07,-1.1062697246794206e-05,3.809481438188378e-05,0.00011127472092610502,1.954402502057917e-07,-4.1951736085010793e-08,1.1004621073575993,0.20187134928876818,1.857521259229286,0.08480388529767428,1.570800167638291,1.100455924874099,-3.196515022035485e-05,-0.05012386892293119,0.6490351978052474,0.6986094921379152,-1.473193317142046e-05,1.7375580717647184e-06,1.1004630502896546,0.2018602865915214,1.857559354043668,0.08491516001860039,1.5708003630785412,1.100455882922363,0.031572908905386755,7.153675539313795,-10.368706314601946,1.9428800595176499,0.005219828986773609,-1.8109701423190697e-06
2.8200000000000003,C：垂直接近把手 · 执行,1.099432709539272e-06,-1.0597718594990146e-05,3.9319315647823316e-05,0.00011739291791981743,2.688385187799014e-07,-4.995159463838661e-08,1.100461822066915,0.20133731476493835,1.8641086431868152,0.09191972038574213,1.5708000375560944,1.1004559383850945,-2.6098725641806567e-05,-0.0561420799397139,0.6665064512077993,0.722082049334287,-1.0308588395660403e-05,1.0815728243880733e-06,1.1004629214996244,0.20132671704634336,1.864147962502463,0.09203711330366195,1.5708003063946132,1.1004558884334998,0.0336508860311195,7.170420333464818,-10.38761177638321,1.9481917727447446,0.005236833422405414,-1.8749577957562062e-06
2.83,C：垂直接近把手 · 执行,1.1866507361180112e-06,-1.0020197577120804e-05,4.047180905208947e-05,0.00012340207903073497,3.004181159393937e-07,-5.1954186508496036e-08,1.1004616021764984,0.2007411239850391,1.8708643116498844,0.099265913947001,1.5707999475838215,1.1004559460649437,-1.928339179130969e-05,-0.06251778820393585,0.682801017720064,0.7447505125446291,-6.369095534716309e-06,5.127412190997749e-07,1.1004627888272345,0.20073110378746198,1.8709047834589365,0.09938931602603174,1.5708002480019374,1.1004558941107572,0.03564068014757973,7.188974915578272,-10.407547283598547,1.9537902632314115,0.0052507807827937136,-1.7510475673718118e-06
2.84,C：垂直接近把手 · 执行,1.2019541466568029e-06,-9.370070772618533e-06,4.158990148694919e-05,0.00012923973566125735,2.9267286305589835e-07,-4.8527632356965e-08,1.1004614505033534,0.2000792701385686,1.8777762156046418,0.10683406411299945,1.5707998953090792,1.1004559484738485,-1.2517900421326193e-05,-0.06923766892137183,0.6978684881436419,0.7665499966343581,-2.933780700057221e-06,3.958261163763172e-08,1.1004626524575,0.20006990006779599,1.8778178055061288,0.1069633038486607,1.5708001879819422,1.1004558999462162,0.03753340759433267,7.209332815762538,-10.4283926679249,1.959657620685214,0.005261900904507743,-1.4575564195116848e-06
2.85,C：垂直接近把手 · 执行,1.1523262606338847e-06,-8.685647653855488e-06,4.2710167453163805e-05,0.00013486053154847244,2.479311032033138e-07,-4.014162713339431e-08,1.1004613602609317,0.1993483955396238,1.8848318279709568,0.11461512207307954,1.5707998784901263,1.1004559460730834,-7.06435779992036e-06,-0.07628639451997218,0.7116628579115125,0.7874147823749106,7.942063048688169e-07,-4.7040584759401416e-07,1.1004625125871923,0.19933970989196995,1.88487453813841,0.11474998260462801,1.5708001264212295,1.1004559059314563,0.0393279824232854,7.231504705036882,-10.450022381031463,1.9657802232821522,0.005269915417185582,-9.923612225592043e-07
2.8600000000000003,C：垂直接近把手 · 执行,1.0470963989206439e-06,-8.009677216286315e-06,4.38558002482381e-05,0.00014021656225433887,1.821646684607714e-07,-2.9415819335909532e-08,1.100461322328,0.19854533420915085,1.8920182058490915,0.12259942511637878,1.5707998812467152,1.1004559414733914,-2.282735262153922e-06,-0.08364102347689761,0.7241460838568585,0.8072873841232758,1.9094212697208422e-06,-5.457625422918787e-07,1.100462369424399,0.19853732453193457,1.8920620616493398,0.12273964167863312,1.5708000634113837,1.100455912057572,0.04098137196096778,7.255756067568996,-10.472420018693548,1.9721750478363018,0.0052782387420113215,-4.920434262260933e-07
2.87,C：垂直接近把手 · 执行,8.997821692169339e-07,-7.390102704479817e-06,4.5045490494555196e-05,0.0001452674995585379,1.0729332533543356e-07,-1.8040207105940453e-08,1.1004613234057408,0.19766715148967204,1.8993220377524527,0.13077670375762598,1.570799891755372,1.1004559363554072,7.270082200079047e-07,-0.09127858305855288,0.7352830063728049,0.8261051039140408,2.691830853717305e-06,-6.424715553341336e-07,1.10046222318791,0.19765976138696756,1.8993670832429472,0.13092197125718452,1.5707999990486974,1.1004559183152,0.04249810542776317,7.281784687506662,-10.495303583339641,1.978773261472684,0.00528651996156216,3.4804843913487724e-08
2.88,C：垂直接近把手 · 执行,7.299569559915398e-07,-6.858650072383288e-06,4.629676024814344e-05,0.00014999876416851854,2.5695925609525716e-08,-6.061395829703997e-09,1.100461344149405,0.19671116445330633,1.9067297042285734,0.1391360856984782,1.570799907737874,1.1004559307559518,1.947064464914042e-06,-0.0991712530301387,0.7450466907656542,0.843810611927922,2.7457142594694693e-06,-6.09857336157924e-07,1.100462074106361,0.19670430580323395,1.9067760009888215,0.13928608446264673,1.5707999334337996,1.100455924694556,0.04386000081522224,7.309593160616659,-10.518531868868465,1.9855520854728814,0.005295184053752829,5.580582062275629e-07
2.89,C：垂直接近把手 · 执行,5.550917061558636e-07,-6.4401461287444395e-06,4.7615456152838576e-05,0.00015439762331839746,-5.365332733653361e-08,4.961055344310239e-09,1.1004613673256405,0.19567499359014548,1.9142273537805126,0.14766614277268572,1.570799920324588,1.1004559262244167,1.4537872418802025e-06,-0.10728729677454432,0.7534162850608614,0.8603483200194116,2.0124113758288305e-06,-4.4115387709135386e-07,1.1004619224173466,0.19566855344401674,1.9142749692366654,0.14782054039600412,1.5707998666712606,1.100455931185472,0.04504587088838398,7.339191029709967,-10.541965076042008,1.9924889262278367,0.005305112475840234,1.0181380565671369e-06
2.9,C：垂直接近把手 · 执行,3.90109638370717e-07,-6.15016783089839e-06,4.899933446833593e-05,0.00015845773583997302,-1.2082950906489032e-07,1.3574804613725178e-08,1.100461378256876,0.19455660283271262,1.921800964709464,0.15635490945192704,1.5707999196987037,1.100455924202631,-5.98757129414099e-07,-0.11559091081100202,0.7603771031581568,0.8756646146839799,9.081110833451668e-07,-2.407011339198049e-07,1.1004617683665143,0.19455045266488172,1.9218499640439324,0.156513367187767,1.5707997988691946,1.1004559377774357,0.045988995424580174,7.370908055345404,-10.565456705242319,1.9995872677114637,0.005317072218326474,1.3624383940122106e-06
2.91,C：垂直接近把手 · 执行,2.457062657779119e-07,-5.997369881438619e-06,5.043656621261938e-05,0.00016217440570959196,-1.6700875193897957e-07,1.8616994390541208e-08,1.1004613665004126,0.19335434425872522,1.9294364120372434,0.16518991064316974,1.5707998971476238,1.1004559258426334,-3.210279413501137e-06,-0.1240399692733569,0.7659234860731303,0.8897126850265042,-1.6030316142638108e-06,1.4919368800970786e-07,1.1004616122066784,0.19334834688884378,1.929486848603456,0.16535208504887933,1.5707997301388719,1.1004559444596278,0.04668534608177883,7.404428352898657,-10.588859739884548,2.006786052387216,0.005332423702009261,1.524206027071027e-06
2.92,C：垂直接近把手 · 执行,1.2868661669607206e-07,-5.981864456883201e-06,5.190986424663535e-05,0.00016554923116821052,-1.8846800076133263e-07,1.9676476226138107e-08,1.1004613255103057,0.1920669988459881,1.937119528806841,0.174158180090456,1.5707998490623212,1.1004559315444864,-6.241842999793287e-06,-0.13259022564206657,0.7700533140572702,0.9024430302656996,-4.341977867216076e-06,5.723609641876528e-07,1.1004614541969224,0.19206101698153122,1.9371714386710877,0.1743237293216242,1.5707996605943204,1.1004559512209626,0.04710246854808294,7.4397779248942655,-10.612038844518551,2.0140626526736924,0.0053507791173514315,1.4908023110194079e-06
2.93,C：垂直接近把手 · 执行,4.1987923582453845e-08,-6.095385306381651e-06,5.339938328052796e-05,0.00016859130871543782,-1.868692744988465e-07,1.7185930012431072e-08,1.1004612526137763,0.19069381901165836,1.9448361686100484,0.18324628222181596,1.5707997772212101,1.100455940864191,-9.481807167655342e-06,-0.1411930304879019,0.7727708495928695,0.9138087215408333,-6.379044795041068e-06,9.290571214148453e-07,1.1004612946016998,0.19068772362635197,1.944889567993329,0.1834148735305314,1.5707995903519356,1.100455958050121,0.04720314543393739,7.476986338713578,-10.634859541349662,2.0213941472232464,0.00537136174755919,1.265320004388685e-06
2.942,C：垂直接近把手 · 执行,-2.288248568405038e-08,-6.377321990574947e-06,5.518260330017455e-05,0.0001718283282129418,-1.627570112017196e-07,1.1591653414910752e-08,1.100461124256028,0.18893241071658606,1.9541205934949897,0.19429060638645124,1.5707996680637164,1.1004559547267718,-1.3091519379841837e-05,-0.15151050627542254,0.774183738533611,0.9255853546301253,-7.953537150764625e-06,9.323718475272194e-07,1.1004611013735424,0.1889260333945955,1.9541757760982899,0.19446243471466418,1.5707995053067052,1.1004559663184252,0.04676147715265581,7.524528260284476,-10.661448719924493,2.030239200268942,0.005398183356018564,7.817632748343608e-07
2.952,C：垂直接近把手 · 执行,-5.317701257112617e-08,-6.718370904240656e-06,5.662664305527976e-05,0.00017417838342353997,-1.2412366512393191e-07,3.4579537011580896e-09,1.1004609924189475,0.1873703685962547,1.961861705406008,0.2035929125573199,1.5707995580715897,1.1004559697981215,-1.490481301830052e-05,-0.16003372883369027,0.7738451703224476,0.9338049743094221,-9.424318650958923e-06,1.4143403791582738e-06,1.1004609392419349,0.18736365022535045,1.9619183320490632,0.20376709094074344,1.5707994339479245,1.1004559732560752,0.04599214747357498,7.566013450764571,-10.682950682070132,2.0376063238828723,0.005422705995408593,9.841390761951655e-08
2.966,C：垂直接近把手 · 执行,-7.190486916996974e-08,-7.318232402048208e-06,5.8542307898701296e-05,0.0001769777138478923,-6.400421526109312e-08,-8.687500718806973e-09,1.100460783026005,0.18504175043576096,1.9726779708575197,0.2167371143307628,1.5707993975495724,1.1004559917048882,-1.667208500292965e-05,-0.17174062058736805,0.7710943785992392,0.9427978848975704,-8.760371436227552e-06,1.070006385556904e-06,1.1004607111211357,0.1850344322033589,1.9727365131654184,0.21691409204461068,1.5707993335453572,1.1004559830173875,0.04433707377400091,7.626882804794617,-10.711679427440643,2.047919662470103,0.0054562418420325415,-8.51799335096108e-07
2.976,C：垂直接近把手 · 执行,-7.845125882255388e-08,-7.810642248445854e-06,5.980607093714063e-05,0.00017864634417891212,-2.6629512372977615e-08,-1.5470806413730998e-08,1.1004606261946674,0.18327949068690813,1.980370456355527,0.22619166205214014,1.570799288267569,1.1004560054791206,-1.6779085591770423e-05,-0.17986618656914688,0.7675394951117256,0.9473905029028493,-8.16942210087956e-06,9.521401565920571e-07,1.1004605477434086,0.18327168004465968,1.9804302624264642,0.22637030839631905,1.5707992616380566,1.1004559900083142,0.04281965678593241,7.671936221351684,-10.731178517261503,2.0552673138755684,0.005479636163216353,-1.4847282908200214e-06
2.986,C：垂直接近把手 · 执行,-8.625128988803965e-08,-8.338885240238847e-06,6.096291260981879e-05,0.00018005158596781645,5.093669930289479e-10,-2.046704805636068e-08,1.100460470570497,0.18143733323504443,1.9880202398877647,0.2356835977300716,1.5707991892009072,1.1004560174682578,-1.647689848629413e-05,-0.18773730369270006,0.7626885100784525,0.950428098440256,-6.8849957918024915e-06,7.260549657342752e-07,1.1004603843192071,0.1814289943498042,1.9880812028003745,0.23586364931603943,1.5707991897102742,1.1004559970012098,0.04107538102053571,7.7180752454878885,-10.749731836849609,2.062590979613259,0.005501573256113795,-2.001042991642285e-06
2.996,C：垂直接近把手 · 执行,-9.909831244492295e-08,-8.889098846109889e-06,6.200209812989854e-05,0.00018120219180048358,1.4758881894394449e-08,-2.31704664344079e-08,1.1004603202249341,0.17951809398246382,1.9956145252531838,0.24519727639652766,1.5707991031255233,1.1004560271546424,-1.60851489918298e-05,-0.19530568353262706,0.7565702268479841,0.951891652133589,-4.929466768982198e-06,3.7323107499009675e-07,1.1004602211266217,0.1795092048836177,1.9956765273513137,0.24537847858832815,1.5707991178844052,1.100456003984176,0.03911574126349642,7.765235328264911,-10.76706607590053,2.0698771739205335,0.005521714975743864,-2.331409523256828e-06
3.022,C：垂直接近把手 · 执行,-1.7022331078031527e-07,-1.036304747431549e-05,6.409595561596149e-05,0.00018296802717049365,8.240503390766207e-09,-2.2631644780446436e-08,1.1004599701148234,0.17419220453576684,2.015011317190377,0.2699210247639393,1.5707989242457825,1.1004560446402691,-1.3823832794921609e-05,-0.213239312169876,0.7349784367538343,0.9482702130805928,-2.8171413367228093e-06,-3.4514267344410826e-08,1.1004597998915127,0.17418184148829252,2.015075413145993,0.2701039927911098,1.5707989324862859,1.1004560220086244,0.03336224068582987,7.890573365662895,-10.806749932195803,2.0885057854949713,0.005570612924243771,-2.4215054696578925e-06
3.032,C：垂直接近把手 · 执行,-2.0991368487877082e-07,-1.0931963093346875e-05,6.467146754385311e-05,0.00018316143889135494,-4.590218871669549e-09,-2.0549783208423378e-08,1.1004598497233538,0.17202582884754652,2.022304894125056,0.279381649085839,1.5707988666196693,1.1004560494082,-1.3355080488137997e-05,-0.21935297879804466,0.7245850844445492,0.9440054455639133,-2.0977065524201854e-06,-2.067902465541542e-07,1.1004596398096689,0.17201489688445318,2.0223695655925997,0.27956481052473037,1.5707988620294504,1.1004560288584169,0.030968691544716348,7.9393890558904765,-10.819737817552417,2.09550524317279,0.005587935804997739,-2.1256406525622403e-06
3.042,C：垂直接近把手 · 执行,-2.541175596615375e-07,-1.150044823952645e-05,6.512874225128584e-05,0.00018306274673879352,-1.598667354052452e-08,-1.8581543637097298e-08,1.1004597353289471,0.16980100566831968,2.0294884703663696,0.2887908962302073,1.570798808212222,1.100456054226254,-1.2488956169397904e-05,-0.22497191826504276,0.713096360842619,0.9381566788173419,-3.0873826183631414e-06,4.371618557622111e-08,1.1004594812113875,0.16978950522008016,2.029553599108621,0.2889739589769461,1.5707987922255484,1.1004560356447104,0.02848178597541361,7.9883147659060185,-10.83133829459736,2.102365674175534,0.005606042932743514,-1.7272596519006705e-06
3.052,C：垂直接近把手 · 执行,-3.024759223091422e-07,-1.2076265204385983e-05,6.545974936100762e-05,0.00018263413080826796,-2.1861592092164983e-08,-1.8242456212291813e-08,1.1004596268336928,0.16752287373753938,2.0365513189522555,0.2981329385029277,1.570798745051093,1.10045606059879,-1.237499706378795e-05,-0.23006229458604088,0.7005511724025087,0.9307222480755529,-2.5612158049742195e-06,-6.495775030250136e-08,1.1004593243577705,0.167510797472335,2.0366167787016165,0.298315572633736,1.5707987231895009,1.1004560423563339,0.025884380921793917,8.037267783294915,-10.841300722906585,2.109050744469628,0.005623304737545338,-1.1999190105751026e-06
3.062,C：垂直接近把手 · 执行,-3.507521011414383e-07,-1.2660374507339478e-05,6.568400618345294e-05,0.00018188603490038036,-2.859287029366442e-08,-1.7390598072708485e-08,1.1004595202562408,0.16519691546144447,2.04348315346483,0.3073920175593977,1.5707986836265533,1.1004560663729612,-1.2253394506690126e-05,-0.2345882367562556,0.6870013654423616,0.9217219658877999,-2.4005765748652817e-06,-1.4495538309280043e-07,1.1004591695041397,0.16518425508693713,2.0435488374710133,0.3075739035942981,1.570798655033683,1.1004560489823632,0.023160591719902986,8.086160230751627,-10.849780544783208,2.115540483096081,0.005640219443291954,-5.809505167612151e-07
3.072,C：垂直接近把手 · 执行,-3.974947402340945e-07,-1.3256846624315477e-05,6.581317202591919e-05,0.00018081044293960513,-3.573214413243875e-08,-1.6460353968739128e-08,1.1004594143939244,0.16282896061817678,2.0502742028008174,0.3165525566979785,1.5707986235996945,1.1004560719725107,-1.212128973872968e-05,-0.2385157434856404,0.672498897690443,0.9111735460872193,-2.7638667543994e-06,-7.178023483527653e-07,1.1004590168991841,0.16281570377155247,2.0503400159728433,0.3167333671409181,1.5707985878675503,1.1004560555121567,0.020285136825434893,8.13493237319323,-10.856712818360046,2.121805686509341,0.005656880821899496,1.3959487537466422e-07
3.086,C：垂直接近把手 · 执行,-4.5969428952297164e-07,-1.4120780203991101e-05,6.58534054096549e-05,0.00017873111832222843,-3.829259842547117e-08,-1.5261995223170288e-08,1.1004592671820297,0.1594550771009556,2.059527702791327,0.32918255830880905,1.570798533991696,1.1004560797346041,-1.2235513395484148e-05,-0.24294576066629991,0.6507011998807872,0.8938461555990995,-2.2018773317132586e-06,5.010619412916263e-07,1.1004588074877402,0.15944095632075161,2.0595935561967367,0.3293612894271313,1.5707984956990977,1.100456064472609,0.0159246480343621,8.202882619807719,-10.8634947778217,2.1301134874841,0.005679263552362582,8.76359767943311e-07
3.096,C：垂直接近把手 · 执行,-5.017511131022445e-07,-1.4764154743190927e-05,6.579044045551541e-05,0.0001768179442265816,-3.56823186553612e-08,-1.6136668445909663e-08,1.1004591629989098,0.15701212745233573,2.0659443652694383,0.33804440885468057,1.5707984670166666,1.1004560868666813,-1.2052835132647382e-05,-0.245301708540476,0.6341497370707742,0.8796828389466782,-2.954100409988367e-06,-1.5351785613373143e-08,1.1004586612477967,0.15699736329759253,2.0660101557098938,0.33822122679890715,1.570798431334348,1.1004560707300128,0.012531935182125172,8.251117248640016,-10.866316500884011,2.1356830062039225,0.0056956248164213965,1.4278620951709829e-06
3.12,C：垂直接近把手 · 执行,-5.978608905721217e-07,-1.641217206560519e-05,6.537162380304551e-05,0.00017075194926302606,-2.439989366109785e-08,-1.9876470469526453e-08,1.100458920905557,0.151082639003467,2.080638771027762,0.35867500814916503,1.5707983068804332,1.1004561050776664,-1.1465860278265064e-05,-0.24800163390507723,0.591518397708007,0.8398303430470632,-2.633372619177874e-06,-1.5162621945530735e-07,1.1004583230446665,0.1510662268314014,2.080704142651565,0.35884576009842806,1.5707982824805395,1.100456085201196,0.0031593573773796907,8.36554213129864,-10.865652561138187,2.147576836664327,0.005731188752652097,1.8633337469402854e-06
3.13,C：垂直接近把手 · 执行,-6.395985385765357e-07,-1.7141786567670403e-05,6.510245036439599e-05,0.00016761523129471545,-1.6985617801168473e-08,-2.117299202630818e-08,1.1004588275499787,0.14860301065797113,2.086451082126696,0.3669703090374583,1.570798240007356,1.1004561121545926,-1.0770444859580622e-05,-0.2478185033660261,0.5727267719004747,0.8208897822102021,-2.8031917539720865e-06,-8.046026122346157e-08,1.1004581879514401,0.14858586887140346,2.0865161845770603,0.367137924268753,1.570798223021738,1.1004560909816006,-0.0013539461770421374,8.412486068052896,-10.8621760234047,2.1518324152106443,0.00574513311894677,1.5985050471183888e-06
3.14,C：垂直接近把手 · 执行,-6.8450559487232e-07,-1.7896803448574916e-05,6.476565597068884e-05,0.00016411484320866254,-9.684895552197759e-09,-2.2812510547254305e-08,1.1004587410625504,0.14612964249234556,2.092072691268067,0.37506897569360087,1.570798174875746,1.1004561194162399,-1.014971676269171e-05,-0.24682723321108563,0.5534381228757925,0.8006409754846671,-2.1851333280343627e-06,-1.284032564527457e-07,1.1004580565569555,0.14611174568889698,2.092137456924038,0.37523309053680953,1.5707981651908505,1.1004560966037293,-0.006158729875043883,8.458609078082363,-10.856807091903017,2.1556545031814833,0.005757723480027902,1.0986510735183834e-06
3.15,C：垂直接近把手 · 执行,-7.313008072440397e-07,-1.867305667724306e-05,6.436616284366536e-05,0.00016028513878896256,-8.186688882361182e-09,-2.261370157796705e-08,1.100458660331153,0.14367070792371026,2.0974990227407435,0.38295822568685095,1.5707981172490093,1.1004561246740485,-9.650923363271093e-06,-0.24501242225599157,0.5337244111325936,0.7791406120930809,-1.0948189092019873e-06,-1.910561335195454e-07,1.1004579290303458,0.143652034867033,2.097563388903587,0.3831185108256399,1.5707981090623204,1.100456102060347,-0.011125815558942502,8.503681977124488,-10.849853926753173,2.1590968594827715,0.005768643845515978,5.055412335868784e-07
3.16,C：垂直接近把手 · 执行,-7.778816024650581e-07,-1.946647551756553e-05,6.390356589713875e-05,0.00015615317025563513,-1.5596168356779572e-08,-2.0834502567623758e-08,1.100458583409872,0.14123447955541252,2.1027261867344387,0.39062586534886856,1.5707980703012672,1.1004561281792529,-9.379929558906441e-06,-0.24236883537267742,0.513651348966395,0.7564490693665292,-3.0258881735224104e-07,-9.027901081695465e-07,1.1004578055282694,0.14121501307989495,2.102790090300336,0.3907820185191242,1.5707980547050988,1.1004561073447503,-0.01616192479078076,8.547422623042372,-10.841420805239672,2.1621738177518846,0.005778024485729004,-5.3359231209744217e-08
3.176,C：垂直接近把手 · 执行,-8.433592135759227e-07,-2.075767549095109e-05,6.302752561326841e-05,0.00014897036086736204,-4.581659851510267e-08,-1.6783385348162483e-08,1.1004584600101461,0.1374043529686957,2.110667486040212,0.40240455965126753,1.5707980173906984,1.1004561322097943,-9.773985109649588e-06,-0.23643032866794664,0.48093849496522584,0.7178315108267226,1.4571835004507804e-06,-8.642134719387835e-07,1.1004576166509326,0.13738359529320474,2.110730513565825,0.4025535300121349,1.5707979715740998,1.100456115426409,-0.024110129640086794,8.613692838103782,-10.824971209853043,2.1663330241059704,0.005789018753565032,-1.0901968713338046e-06
3.186,C：垂直接近把手 · 执行,-8.720113429117049e-07,-2.1564767206966318e-05,6.239162398280484e-05,0.0001441550278681869,-7.226587328545975e-08,-1.1745577399580043e-08,1.1004583762668345,0.13506557824891618,2.115363055210124,0.4094436939529569,1.5707979943711021,1.1004561319811348,-1.0513223070063773e-05,-0.2316783867189203,0.4602079268383148,0.6923661794648621,1.759834921876162e-06,-9.344760726464354e-07,1.1004575042554916,0.13504401348170922,2.1154254468341067,0.40958784898082506,1.5707979221052288,1.1004561202355574,-0.02886432896861532,8.652491101741614,-10.813134454425887,2.168500878089251,0.005794470787475032,-1.5806304811816914e-06
3.196,C：垂直接近把手 · 执行,-8.868127514549684e-07,-2.236061454022331e-05,6.168708341824924e-05,0.00013911206163325085,-9.653834864842281e-08,-7.2625210290055975e-09,1.100458283156788,0.13277856308860256,2.1198504068923296,0.4162230067812296,1.5707979711482412,1.1004561321153592,-1.142522421891715e-05,-0.22616014907163653,0.4393188511484549,0.6659737961854303,1.0772894056199725e-06,-7.807546137512037e-07,1.1004573963440365,0.13275620247406233,2.119912093975748,0.41636211884286284,1.5707978746098925,1.1004561248528382,-0.03328464024245774,8.68848702872271,-10.800058706198495,2.1703008870456015,0.005799663079627326,-1.9589488382580693e-06
3.206,C：垂直接近把手 · 执行,-8.840926404296567e-07,-2.313275838805584e-05,6.09151892296822e-05,0.00013385984114566707,-1.1481063610929709e-07,-3.670176385028867e-09,1.1004581771074546,0.13055074838799668,2.1241282090812743,0.42273369584892717,1.5707979439419708,1.1004561329442244,-1.2877155096972285e-05,-0.2199174975857273,0.418316591506843,0.638740300737235,6.36363223399767e-07,-7.330420748311023e-07,1.1004572930148142,0.13052761562960863,2.124189124270504,0.42286755569007284,1.5707978291313347,1.100456129274048,-0.03730687920320768,8.721790676821287,-10.786042579382356,2.1717959865493706,0.005804366541766812,-2.1497584204552524e-06
3.216,C：垂直接近把手 · 执行,-8.614801296769059e-07,-2.386960914682601e-05,6.007852689693394e-05,0.00012841627918414034,-1.24871104123514e-07,-1.2702443541456887e-09,1.100458055833273,0.12838911881123158,2.128195560971192,0.42896784891811424,1.5707979105782126,1.1004561347657813,-1.4486165698783665e-05,-0.21299961281304744,0.3972424530474812,0.610757166047295,4.887703146211987e-08,-6.506903487639641e-07,1.1004571943531434,0.12836524920208475,2.128255639498089,0.4290962651972984,1.5707977857071085,1.100456133495537,-0.04085189906394186,8.752156697462846,-10.771188824525364,2.172997381255688,0.0058090152803448435,-2.1270743470064368e-06
3.226,C：垂直接近把手 · 执行,-8.17392716401244e-07,-2.4562588672671914e-05,5.9180551068571674e-05,0.00012279962308647807,-1.2815794581122475e-07,2.6462942948057844e-10,1.1004579178240195,0.12630011310588876,2.1320519546035666,0.43491849603796906,1.5707978725269738,1.100456137249586,-1.6245334349106545e-05,-0.20546466971294805,0.3761346234004574,0.5821207812124329,-2.220761484008137e-07,-6.08848219839893e-07,1.100457100431303,0.1262755505172161,2.132111135154635,0.43504129566105554,1.570797744369028,1.1004561375142154,-0.043891346835978,8.779416719188754,-10.75552151308575,2.1738930630321396,0.005813148498316795,-1.8729482151618752e-06
3.236,C：垂直接近把手 · 执行,-7.523782499241349e-07,-2.5198750217766963e-05,5.822608695504883e-05,0.00011702496784571359,-1.2441198848911483e-07,4.849733947764889e-10,1.1004577636864357,0.12428957230971033,2.13569727151687,0.4405796545954443,1.5707978295550027,1.1004561408425892,-1.7391857154054674e-05,-0.19737119739241557,0.3550338376038806,0.5529321942964578,-1.6301887677644444e-06,-3.085710949843953e-07,1.1004570113081857,0.12426437355949256,2.135755497603825,0.44069667956329,1.5707977051430142,1.1004561413275626,-0.046417828948111986,8.803113047197478,-10.738901317885862,2.174405591098626,0.005817490494554712,-1.4809023750190683e-06
3.246,C：垂直接近把手 · 执行,-6.704292527803801e-07,-2.5767045205543626e-05,5.7220329821916494e-05,0.00011110433279154508,-1.1025114399210167e-07,-1.0895875313110537e-09,1.100457597458005,0.12236274556508145,2.1391318132552595,0.44594635919811615,1.5707977783000013,1.1004561460232434,-1.839726432220953e-05,-0.18878034170943506,0.33398252520530414,0.5232928759491786,-2.4483687326163535e-06,-1.7664117472510996e-07,1.1004569270287523,0.1223369785198759,2.1391890335850814,0.4460574635309077,1.5707976680488573,1.1004561449336558,-0.048553552490512866,8.823791495355334,-10.721420924260386,2.1745593967386454,0.005821485477443255,-1.0156348838285734e-06
3.2560000000000002,C：垂直接近把手 · 执行,-5.771271613941309e-07,-2.6258135226095436e-05,5.616913606054652e-05,0.00010504953309903309,-8.549796115531194e-08,-4.333845504689293e-09,1.100457424750618,0.12052429487017258,2.1423563350501635,0.4510146878351821,1.5707977185979252,1.1004561526650383,-1.884330757093108e-05,-0.17974973365297242,0.3130280587020337,0.49330892611066285,-2.9879970297840558e-06,-9.845957766701324e-08,1.1004568476234566,0.12049803673494648,2.142412504186224,0.45111973736828115,1.570797633099964,1.1004561483311928,-0.0503505995929268,8.841460928882977,-10.703049629445562,2.1743299662337776,0.005825318864683978,-5.470959222892654e-07
3.266,C：垂直接近把手 · 执行,-4.793819188275705e-07,-2.6667000820129738e-05,5.5077570420003497e-05,9.887258745727712e-05,-5.2970972941324135e-08,-8.796663619747846e-09,1.1004572524895888,0.11877830270875885,2.1453720811364687,0.4557817903111782,1.5707976532740708,1.1004561603161818,-1.8430318253810632e-05,-0.17033650542992834,0.29222118640075007,0.4630892827773212,-3.450821070046477e-06,-4.8246872776563625e-09,1.10045677310767,0.11875163570793872,2.1454271587068887,0.4558806628986355,1.570797600303098,1.1004561515195181,-0.05185788748725868,8.85612425759898,-10.683752115500413,2.1736937977155057,0.005828810024416338,-1.2624882615811377e-07
3.276,C：垂直接近把手 · 执行,-3.8460855544819594e-07,-2.6993223734145255e-05,5.39497140858991e-05,9.258665872841076e-05,-1.7362157045397453e-08,-1.3790704800342724e-08,1.1004570880896638,0.11712827734266276,2.148180818828186,0.4602459161778567,1.5707975870202937,1.1004561682893477,-1.6986289938320216e-05,-0.16059737097431329,0.2716159617204436,0.4327456937031881,-4.079198703991442e-06,1.600326580944475e-07,1.1004567034811084,0.11710128411892862,2.148234768542272,0.4603385028365851,1.5707975696581367,1.1004561544986429,-0.05308392923327488,8.867276543277281,-10.663319705400554,2.1725541517142535,0.00583142860531748,1.9029326012816192e-07
3.286,C：垂直接近把手 · 执行,-2.984321170185211e-07,-2.7236649107947875e-05,5.279076318709386e-05,8.621052896662373e-05,1.3558165479210516e-08,-1.7883928782325142e-08,1.100456937159371,0.11557715348413101,2.150784870303652,0.46440643913170276,1.570797527599646,1.1004561751532034,-1.5441247302525568e-05,-0.15059130344195332,0.2512683690037221,0.4023899149457575,-3.017387041208602e-06,-8.723719095797608e-08,1.100456638727254,0.11554991683502307,2.150837661066839,0.4644926496606694,1.5707975411578114,1.1004561572692746,-0.054105319586514974,8.875445792968225,-10.641847786025075,2.1709618042429133,0.005831441848732617,4.610524238904238e-07
3.2960000000000003,C：垂直接近把手 · 执行,-2.252655335599485e-07,-2.7399739269032275e-05,5.160511062207718e-05,7.97649350112728e-05,3.39711343499971e-08,-2.0281158974455593e-08,1.1004568040783194,0.11412729965981697,2.153187148407439,0.46826388955087744,1.5707974808163216,1.1004561801139994,-1.3599789731212474e-05,-0.14037395335362884,0.23123951842715948,0.3721398569891444,-1.3309342081251936e-06,-2.791774897065193e-07,1.1004565788127858,0.11409989992054793,2.1532387535180613,0.4683436544858887,1.570797514787456,1.1004561598328404,-0.05495891645146663,8.880616109973886,-10.619284782522069,2.168896909967069,0.005828883739561713,6.114487913953425e-07
3.306,C：垂直接近把手 · 执行,-1.710801602605727e-07,-2.7496238964724862e-05,5.039251225902319e-05,7.32619655796074e-05,4.772110506756633e-08,-2.2124071241691468e-08,1.1004566947671592,0.11278053187859671,2.155391194362144,0.47181999397252516,1.5707974428036513,1.1004561843155816,-1.0721072690575704e-05,-0.1299985108165666,0.21159444890154602,0.3421182978970425,-1.2497552758591442e-06,-2.406028093546277e-07,1.100456523686999,0.11275303563963199,2.155441586874403,0.47189325593810477,1.5707974905247564,1.1004561621915103,-0.05568350767905316,8.882733254769322,-10.595581058609538,2.1663373546748255,0.0058254516908671635,5.493267397436586e-07
3.316,C：垂直接近把手 · 执行,-1.3246850039116964e-07,-2.75313295815538e-05,4.91634785557693e-05,6.673070729829034e-05,4.1431501784927605e-08,-1.9818291230322416e-08,1.1004566057497462,0.11153809595713204,2.1574011941171922,0.47507767901485054,1.5707974269079956,1.1004561841665128,-8.991285214600819e-06,-0.11952632919623975,0.19239727693903005,0.31244297710411567,1.4176357315007296e-06,-6.723296250550784e-07,1.1004564732812459,0.11151056462755049,2.157450357595748,0.47514440972214883,1.5707974683394974,1.1004561643482216,-0.056217531093685595,8.881236698930353,-10.570474955558517,2.163196619413738,0.0058170595412064385,4.3248127256537927e-07
3.326,C：垂直接近把手 · 执行,-1.0586623910846527e-07,-2.749483862356239e-05,4.7923413891926e-05,6.020324294342405e-05,1.755798906266648e-08,-1.5485420945537953e-08,1.1004565333747145,0.11040063980797002,2.1592220085152296,0.4780411206051664,1.5707974306353782,1.1004561817921208,-7.175118431814712e-06,-0.10901578595186917,0.17371696927481947,0.283243924326649,2.3348047232091934e-06,-7.194023289668438e-07,1.1004564275084754,0.11037314496934646,2.1592699319291215,0.4781013238481098,1.5707974481933673,1.1004561663066998,-0.05653954800820361,8.876445155336539,-10.5441650678796,2.1595594314001136,0.0058067163675841185,1.728477561709859e-07
3.336,C：垂直接近把手 · 执行,-9.257830213549312e-08,-2.7395881628561325e-05,4.666856407453679e-05,5.369730748550072e-05,-6.0891589548361935e-09,-1.1416107614792281e-08,1.1004564788411852,0.10936820133890278,2.16085917215565,0.4807158028768368,1.5707974361289574,1.1004561794875793,-5.625781416867201e-06,-0.0985315918912092,0.15561940649882236,0.2546519012759998,2.4753795201697406e-06,-7.727166694009056e-07,1.1004563862628831,0.10934080545727422,2.1609058407197246,0.4807695001843223,1.5707974300397984,1.1004561680714717,-0.05658723781823979,8.868169513451411,-10.516639524381207,2.1554304393571484,0.005795582569179972,-2.034379601579799e-07
3.346,C：垂直接近把手 · 执行,-8.857907962678269e-08,-2.724257023221932e-05,4.539977615847235e-05,4.724046245807578e-05,-2.709675506196163e-08,-7.439816984700087e-09,1.1004564379986643,0.10844013725325792,2.1623188713011254,0.48310853656845953,1.5707974409205785,1.1004561770876997,-4.476854125647605e-06,-0.08814347657340438,0.13816986249233143,0.22680243555635327,2.407707570065578e-06,-7.598254590707214e-07,1.1004563494195847,0.1084128946830257,2.162364271077284,0.4831557770309176,1.5707974138238234,1.1004561696478827,-0.05629483990704106,8.856217148596041,-10.48787990783779,2.1508154652364984,0.005783520114238289,-6.478307210664103e-07
3.356,C：垂直接近把手 · 执行,-8.790923766710534e-08,-2.7042672516380817e-05,4.4119326212843646e-05,4.0862969734600796e-05,-4.8329461765916903e-08,-3.3199780702375392e-09,1.1004564047435206,0.10761507277657426,2.163607938696644,0.4852275087299851,1.5707974478113982,1.100456174362084,-3.6312638491502928e-06,-0.07792617702799866,0.12143290025698104,0.199835538393178,1.862984703822301e-06,-5.977556908694466e-07,1.100456316834283,0.10758803010405787,2.1636520580228567,0.4852683716997197,1.5707973994819364,1.100456171042106,-0.0555159677730302,8.83972263699497,-10.457650096073994,2.145638173654394,0.005770131232585265,-1.097160590028808e-06
3.378,C：垂直接近把手 · 执行,-6.526986440213989e-08,-2.644700110823739e-05,4.1281937219750375e-05,2.726871800773356e-05,-1.0587211840551447e-07,7.51992668135415e-09,1.100456324566573,0.10615059591698094,2.165881009961279,0.4889751176523887,1.57079748002983,1.1004561659840313,-4.968269479255962e-06,-0.056462823157072,0.08742860309129628,0.14432699502849092,2.8632237405293415e-06,-7.348787102970316e-07,1.1004562592967086,0.1061241489158727,2.165922291898499,0.48900238637039645,1.5707973741577117,1.100456173503958,-0.051953042882578036,8.789050002726539,-10.386549933635301,2.1326339868889947,0.005733322931353157,-1.6208047752714974e-06
3.388,C：垂直接近把手 · 执行,-3.596564046581818e-08,-2.6108950416048327e-05,3.999043479385733e-05,2.135297903821387e-05,-1.2695066686774226e-07,1.1285457457432813e-08,1.1004562751009248,0.10563641459414964,2.1666773568972624,0.49028989691884484,1.5707974922346566,1.1004561630811445,-5.687563349829842e-06,-0.047363458772201765,0.07339320272013344,0.12117121966576337,1.4036694857195544e-06,-3.9876828806334457e-07,1.1004562391352843,0.1056103056437336,2.1667173473320562,0.49031124989788305,1.5707973652839897,1.100456174366602,-0.049222529838899055,8.758260746589293,-10.351817376743583,2.1259250175119306,0.005715642774155749,-1.5881554682769456e-06
3.398,C：垂直接近把手 · 执行,8.080635716112283e-09,-2.5738109597120418e-05,3.8702253582822976e-05,1.564241056634108e-05,-1.3755127881154294e-07,1.3357971395677737e-08,1.1004562143257797,0.10521030659784418,2.1673386508962027,0.49138132127153905,1.57079749547233,1.100456161724406,-7.109429772356279e-06,-0.0388093307867658,0.06033079068399576,0.09953085114396994,9.964280525607104e-07,-3.996106937288851e-07,1.1004562224064154,0.10518456848824706,2.1673773531497855,0.4913969636821054,1.5707973579210512,1.1004561750823774,-0.04572199152514948,8.722644038560055,-10.315551713099776,2.118758205159403,0.0056967698907820505,-1.256628493571276e-06
3.408,C：垂直接近把手 · 执行,7.358744280594465e-08,-2.5318512774916146e-05,3.742573405984828e-05,1.0167330917743023e-05,-1.4886186594509354e-07,1.5571416378534764e-08,1.1004561352720494,0.10486626010924878,2.1678749614445807,0.4922654336347722,1.57079750082046,1.1004561600905918,-9.004582123733391e-06,-0.030902035067449516,0.048303981957930515,0.07956795732788566,1.0878936528266475e-06,-3.1343337729085003e-07,1.1004562088594922,0.10484094159647386,2.1679123871786405,0.49227560096568995,1.570797351958594,1.1004561756620082,-0.041511555924650424,8.6824508318568,-10.27763702284901,2.1111318101537613,0.00567593528225516,-6.602131573312253e-07
3.418,C：垂直接近把手 · 执行,1.5671319975041342e-07,-2.484359358520538e-05,3.616250021964973e-05,4.954951216162851e-06,-1.4894123245845492e-07,1.504446878186627e-08,1.1004560415086915,0.10459730769526511,2.168297031312292,0.4929599115823542,1.5707974962178608,1.1004561610726893,-1.0155889355426917e-05,-0.023731710721872593,0.0373844232286453,0.06144689575320904,-5.78992883647087e-07,4.2122249838459295e-08,1.1004561982218912,0.1045724641016799,2.1683331938125114,0.49296486653357036,1.5707973472766283,1.100456176117158,-0.03670820164045154,8.637756862560039,-10.237788732950566,2.102993836332049,0.005655617764086017,-3.8413576584501266e-09
3.428,C：垂直接近把手 · 执行,2.50672193446988e-07,-2.431254442843145e-05,3.491550508982755e-05,3.262265446668522e-08,-1.2915124791845756e-07,1.1099952956783454e-08,1.1004559395255358,0.10439560315466553,2.168616373283785,0.493484088377939,1.570797472896173,1.100456165360534,-1.0433917544817345e-05,-0.017382400001016773,0.02765365131374996,0.04533384304441937,-3.0829368874228624e-06,5.121763278247841e-07,1.1004561901977292,0.1043712906102371,2.1686512887888747,0.49348412100059347,1.5707973437449252,1.100456176460487,-0.03137947440764098,8.588066704367469,-10.195305992438115,2.094187712884856,0.005635788951684427,5.959978003690732e-07
3.438,C：垂直接近把手 · 执行,3.4856954322926015e-07,-2.3721486234529188e-05,3.3687158779383e-05,-4.5747548251817705e-06,-9.222359054206208e-08,4.406480069718555e-09,1.1004558358970353,0.10425250094345281,2.1688453834376435,0.49385897871611334,1.570797433446044,1.1004561722992252,-1.028243567770909e-05,-0.011931975511801212,0.019205742244455155,0.031399138920511105,-4.344286921833664e-06,7.006315155797087e-07,1.1004561844665786,0.10422877945721828,2.168879070596423,0.49385440396128816,1.5707973412224534,1.1004561767057053,-0.02573841569313157,8.534345121676264,-10.150229033580272,2.0847592198540816,0.005615157776200757,1.0750820014906973e-06
3.448,C：垂直接近把手 · 执行,4.422447672514096e-07,-2.306974642449222e-05,3.247793018346101e-05,-8.841654222657702e-06,-4.6046786161824116e-08,-3.759633493416459e-09,1.1004557384374067,0.10415865073066376,2.168997453980619,0.49410729879973403,1.570797385603598,1.1004561806272617,-9.329514261562272e-06,-0.007445941538110011,0.012145241362203664,0.019813405396357918,-4.677447497030398e-06,7.561863865387579e-07,1.100456180682174,0.10413558098423926,2.1690299319108024,0.49409845714551137,1.5707973395568118,1.1004561768676282,-0.019914835241746087,8.476778793659346,-10.102257383340248,2.0746612533227213,0.005593076349517879,1.344773126182713e-06
3.458,C：垂直接近把手 · 执行,5.228332031759209e-07,-2.236155720988786e-05,3.1287911305355465e-05,-1.2738001930967524e-05,4.900966299459242e-10,-1.2029390594747724e-08,1.100455655637922,0.104104087374511,2.1690870831190425,0.49425348557602417,1.5707973380935576,1.1004561889916238,-7.472858614932908e-06,-0.0039813596169290515,0.006587209163258985,0.010748950932994982,-4.316392933889226e-06,7.371036649699053e-07,1.100456178471125,0.10408172581730112,2.169118371030348,0.4942407475740932,1.5707973385836542,1.1004561769622332,-0.014037784704440755,8.415560499348791,-10.051078434443497,2.063847540274508,0.005568749026853124,1.3278355381927485e-06
3.468,C：垂直接近把手 · 执行,5.821448230136639e-07,-2.160491970440437e-05,3.0118389222622e-05,-1.6227989191819336e-05,3.967688511075096e-08,-1.9169631659821107e-08,1.1004555952867943,0.10407831806433758,2.1691299849226064,0.49432371870367153,1.570797298449247,1.1004561961763424,-4.841891730731487e-06,-0.0015868802639725655,0.0026573400037350034,0.004380195211824622,-3.44258465567276e-06,6.371386424200951e-07,1.1004561774316173,0.10405671314463318,2.169160103311829,0.4943074907144797,1.5707973381261322,1.1004561770067107,-0.008267056442471787,8.350353181528638,-9.995738024823227,2.0521252804160084,0.005541143359010545,8.594952641358868e-07
3.478,C：垂直接近把手 · 执行,6.140474622107206e-07,-2.080839574326865e-05,2.8966560622567528e-05,-1.927816520319592e-05,6.58218082261186e-08,-2.411265187518552e-08,1.1004555630846675,0.10407040739027815,2.169143206045562,0.49434595180158303,1.5707972721725099,1.1004562011321768,-1.8259547371244111e-06,-0.00030382632097328624,0.0004965119368561256,0.0008890650685354378,-1.9732368090831024e-06,3.690014762450546e-07,1.1004561771321297,0.10404959899453488,2.1691721726061846,0.49432667363637983,1.570797337994318,1.100456177019525,-0.0027383783949669984,8.281982070557397,-9.936474641395305,2.039572227555451,0.005509907734973924,-8.519646939337994e-08
4.53,C：锁住后垂直抬升 · 执行,-3.493391886877362e-08,-2.0005144532597718e-07,8.894474143872344e-07,1.2036739309717603e-06,-3.073070353742935e-08,1.2927248160821136e-08,1.1004562766633679,0.10406335229713991,2.169150478661986,0.4943403653732563,1.5707973702719422,1.1004562192513578,-5.6624004168777184e-06,0.0003636794775390691,-0.000711542114255399,-0.0010762788798454187,1.2983443595975466e-05,-1.3832510257880056e-05,1.100456241729449,0.10406315224569458,2.1691513681094006,0.4943415690471873,1.5707973395412387,1.100456232178606,-0.0043196642420183775,9.525159647891778,-11.293490865561655,2.558145066957183,0.005499076662376069,3.05652500893171e-06
4.54,C：锁住后垂直抬升 · 执行,-3.923218416801433e-09,-9.778041606817167e-07,3.252025066124986e-06,3.6253088847026937e-06,-1.0691654517280824e-07,6.567266508383796e-08,1.1004562456500495,0.10407428017766468,2.169131373573112,0.49431105109927054,1.570797446457784,1.1004561665033235,-5.949639842073704e-07,0.0018519761518602691,-0.003134187194834235,-0.004833886112983098,2.7417654065006962e-06,8.837468169891324e-07,1.100456241726831,0.104073302373504,2.1691346255981783,0.49431467640815524,1.570797339541239,1.1004562321759885,-0.009942325331785865,9.59788135344555,-11.356843451584126,2.573224211066059,0.005529209320799836,3.413982054865007e-06
4.55,C：锁住后垂直抬升 · 执行,-1.2241845981364463e-08,-2.3936539733510065e-06,6.0411813040950335e-06,4.977260379179782e-06,-9.990535998483097e-08,5.911557110493959e-08,1.1004562539609013,0.10410610386052824,2.169078982550497,0.4942296894483476,1.5707974394465993,1.1004561730526412,1.0253566215211748e-06,0.004424448140128278,-0.007196057241667463,-0.0112187198941278,-1.926051581077559e-06,-1.2786803209632953e-06,1.1004562417190553,0.10410371020655489,2.169085023731801,0.4942346667087268,1.5707973395412393,1.1004562321682123,-0.015597479893782086,9.66645215896063,-11.416659719973282,2.5869291209573033,0.005562486059038544,3.6659382495938528e-06
4.5600000000000005,C：锁住后垂直抬升 · 执行,1.349726996835443e-10,-4.305223521391954e-06,8.792099454257851e-06,4.1720549344703706e-06,-1.0320569376887079e-07,9.07046082687657e-08,1.1004562415685264,0.10416933453797886,2.168977243912003,0.4940701878255467,1.5707974427469336,1.100456141448047,-3.6984321773014346e-06,0.008021608568062612,-0.012833413823454489,-0.02019236247567934,3.066256887222072e-06,-3.357602978051094e-06,1.100456241703499,0.10416502931445747,2.1689860360114572,0.49407435988048115,1.5707973395412398,1.1004562321526552,-0.021139248296318705,9.73098818265213,-11.473013558309491,2.599345464415504,0.005587145929359636,4.774192875649529e-06
4.57,C：锁住后垂直抬升 · 执行,7.204610241728915e-08,-6.5186625625851535e-06,1.1460819520969778e-05,1.1813689632100832e-06,-1.7022052767323714e-07,1.0169413666716309e-07,1.10045616963161,0.10427392211095782,2.168810853865386,0.4938070830510296,1.5707975097617692,1.1004561304327334,-9.798833562524545e-06,0.012589806435208642,-0.019961185822436188,-0.03166952707125842,9.08275235706134e-06,1.0303894094429778e-06,1.1004562416777124,0.10426740344839523,2.168822314684907,0.4938082644199928,1.5707973395412416,1.10045623212687,-0.026514694005100845,9.791510511049884,-11.525995221911437,2.61062483940353,0.005603073301358058,4.279574894697898e-06
4.58,C：锁住后垂直抬升 · 执行,1.8800347523217908e-07,-8.864673301994808e-06,1.4145018000011333e-05,-3.5142197794546526e-06,-2.630272364356756e-07,7.34365954713212e-08,1.100456053635937,0.10442927680558715,2.1685654647985033,0.4934160650874781,1.5707976025684802,1.100456158651974,-1.2098612653489286e-05,0.01807490786928653,-0.028477354519536396,-0.045513345850708535,7.814052984524556e-06,4.0768219375699904e-06,1.1004562416394121,0.10442041213228516,2.1685796098165033,0.49341255086769864,1.5707973395412438,1.1004562320885696,-0.03165589879993857,9.847270177742061,-11.575358480605964,2.6207783371046127,0.0056188139096350455,2.6122394435263266e-06
4.59,C：锁住后垂直抬升 · 执行,2.9973559056983845e-07,-1.1215643519343899e-05,1.6907282570421955e-05,-9.354233815261903e-06,-2.981683098202126e-07,3.5035497836233276e-08,1.100455941850882,0.10464423189745581,2.1682277810746475,0.49287437952057644,1.5707976377095565,1.1004561970001316,-9.303929835429028e-06,0.024414879775104873,-0.038275357281952714,-0.06155539016833803,-1.5575613802794211e-06,3.9183938401624145e-06,1.1004562415864725,0.10463301625393646,2.168244688357218,0.4928650252867612,1.5707973395412467,1.1004562320356295,-0.036546146318643384,9.898900566441439,-11.621961477396352,2.630070360957166,0.005643538077808042,9.63431403007165e-07
4.6,C：锁住后垂直抬升 · 执行,3.597707647351456e-07,-1.3480387234976465e-05,1.9723508985602933e-05,-1.5889106019795207e-05,-2.1255928550623082e-07,2.5590969343625147e-09,1.1004558817461563,0.10492698404344587,2.167785529705678,0.4921609918479546,1.570797552100536,1.1004562294069802,-2.6180686974408263e-06,0.03154365957168717,-0.04925712027026262,-0.07962255716634353,-1.482934189386785e-05,3.009467701830708e-06,1.100456241516921,0.1049135036562109,2.1678052532146634,0.4921451027419348,1.5707973395412504,1.1004562319660771,-0.04111970835160049,9.94632508766141,-11.666155882268988,2.6385921401450654,0.005681077774934321,-4.17265312735736e-07
4.61,C：锁住后垂直抬升 · 执行,3.429652331021771e-07,-1.5592581888240753e-05,2.2500716105433582e-05,-2.280618232175513e-05,-1.7141859043334762e-09,-2.2135755894936437e-08,1.1004558984636967,0.10528502731006979,2.1672273616070252,0.49125658696075125,1.5707973412554403,1.1004562540138434,5.451307621518688e-06,0.03938872956780617,-0.06133562851088128,-0.09954582653885106,-2.581111858820598e-05,2.3261154024961587e-06,1.1004562414289298,0.10526943472818155,2.1672498623231307,0.4912337807784295,1.5707973395412544,1.1004562318780875,-0.045286697254682894,9.989466434531948,-11.70829661893054,2.6464201764691806,0.005728212700697597,-1.5292697227858771e-06
4.62,C：锁住后垂直抬升 · 执行,2.4846576773818185e-07,-1.7512335249977862e-05,2.511453745102088e-05,-2.988488843796988e-05,2.833304961757932e-07,-4.097520944768007e-08,1.1004559928550466,0.10572510033529185,2.166542733179565,0.4901434977888916,1.5707970562107638,1.1004562727451814,1.2912650753913935e-05,0.04787349511250377,-0.07443541087618709,-0.12116403553339673,-3.011655275575926e-05,2.0399909599329084e-06,1.1004562413208143,0.10570758800004187,2.166567847717016,0.49011361290045363,1.57079733954126,1.100456231769972,-0.04885197271432834,10.027463485257512,-11.748442201756632,2.6535274249299294,0.005777008210323702,-2.360938344859693e-06
4.63,C：锁住后垂直抬升 · 执行,1.0088589275092374e-07,-1.919331349790887e-05,2.744930572573523e-05,-3.6951129504636526e-05,5.490217112047446e-07,-4.740802195257743e-08,1.1004561403051283,0.10625310189000468,2.165721787891133,0.4888056329333359,1.5707967905195557,1.1004562790482004,1.6781061803060612e-05,0.0569067776915314,-0.08849264027287768,-0.1443218372543233,-2.3791564408573155e-05,9.421348209383005e-07,1.100456241191021,0.10623390857650677,2.1657492371968585,0.48876868180383126,1.5707973395412669,1.1004562316401785,-0.05182864860343355,10.061156240334352,-11.787152817448717,2.6600717446967055,0.005816036077464392,-2.5658518705216253e-06
4.64,C：锁住后垂直抬升 · 执行,-7.321718165087532e-08,-2.0596581902551647e-05,2.9406838262246993e-05,-4.385487876812366e-05,7.132955595068324e-07,-5.0203730062037266e-08,1.1004563142553065,0.10687408100369254,2.1647552945956647,0.48722842507438413,1.5707966262457147,1.1004562816910113,1.833826794185793e-05,0.06640815665272758,-0.10344574851538693,-0.1688691955567461,-1.0722591052396413e-05,5.418077117201728e-07,1.100456241038125,0.10685348442178999,2.164784701433927,0.487184570195616,1.5707973395412742,1.1004562314872812,-0.05424690303207518,10.09059866675702,-11.824566011120373,2.6660727665859603,0.005839461661106753,-2.616687096427606e-06
4.65,C：锁住后垂直抬升 · 执行,-2.530952876167447e-07,-2.1708397226274934e-05,3.091472930805139e-05,-5.0464689561047216e-05,7.279728717612954e-07,-4.744469683792829e-08,1.100456493956113,0.1075922669926039,2.163634619181596,0.48539879318856616,1.5707966115684109,1.1004562787546794,1.8138367153691613e-05,0.07629587545873565,-0.11923579198015677,-0.19465822206668285,5.270753951183208e-06,-1.5491595785101597e-07,1.1004562408608254,0.10757055859537762,2.163665533910904,0.4853483284990051,1.5707973395412826,1.1004562313099826,-0.05613614260310019,10.11587645350935,-11.860783028171404,2.671544868322322,0.005844797650890608,-2.36735902135783e-06
4.66,C：锁住后垂直抬升 · 执行,-4.2251520704361667e-07,-2.2525717024823866e-05,3.1928828593486e-05,-5.668177976347888e-05,5.83396810638348e-07,-3.645342339098079e-08,1.1004566631731536,0.10841107406828811,2.1623517083027988,0.4833051237433718,1.5707967561444818,1.1004562675605274,1.6837418480684725e-05,0.08648987622020939,-0.13580490085803343,-0.2215427643104407,2.0064020103353572e-05,-3.736607860919875e-07,1.1004562406579466,0.10838854835126328,2.1623836371313923,0.48324844196360833,1.5707973395412924,1.100456231107104,-0.05745104312553164,10.136385784407029,-11.895671486292954,2.676401158140416,0.005833374076657495,-1.8504904526795985e-06
4.67,C：锁住后垂直抬升 · 执行,-5.680556198761622e-07,-2.3049559511365003e-05,3.2432970776152814e-05,-6.244901978363915e-05,3.036140858725389e-07,-1.7875485092133658e-08,1.1004568084840507,0.10933311386211664,2.1608990759184072,0.4809372467898412,1.5707970359272176,1.1004562487530731,1.390511593086298e-05,0.09690831400942271,-0.15309795379954036,-0.24938056382361512,3.171900578026358e-05,-1.1768324639453712e-06,1.1004562404284308,0.10931006430260527,2.1609315088891834,0.48087479777005754,1.5707973395413035,1.100456230877588,-0.05829174109882943,10.15296330984323,-11.929517487738645,2.680746529188728,0.005809022147444063,-9.958480997724542e-07
4.68,C：锁住后垂直抬升 · 执行,-6.789829243292189e-07,-2.3287749663342128e-05,3.243504271477349e-05,-6.775616378829064e-05,-6.1728395506222e-08,6.4375844655018e-09,1.1004569191542624,0.11036021733604665,2.159269793494802,0.47828640829839975,1.570797401269712,1.1004562241829117,9.915121042205002e-06,0.10747496915038111,-0.17105921834255727,-0.27803114135805296,3.7715251337837784e-05,-1.8221242182690222e-06,1.100456240171338,0.1103369295863833,2.1593022285375167,0.47821865213461145,1.5707973395413164,1.1004562306204961,-0.058683621785385595,10.165681830541342,-11.962367787175138,2.6845820660639754,0.0057782537512311,3.2709615780408525e-08
4.69,C：锁住后垂直抬升 · 执行,-7.466208706841115e-07,-2.3255893191312382e-05,3.196387750614704e-05,-7.26378427015617e-05,-4.4985508895756254e-07,3.331119313720876e-08,1.1004569865067124,0.11149345492124633,2.157457479380832,0.47534523525646327,1.5707977893964193,1.100456197023806,5.279038327426716e-06,0.11811534205936483,-0.18963413388698588,-0.3073577846467225,3.701332896704148e-05,-1.787141038728717e-06,1.1004562398858417,0.11147019902805502,2.157489443258338,0.4752725974137617,1.5707973395413304,1.1004562303349992,-0.058648322905303404,10.174609714783717,-11.99425405590139,2.6879054521633714,0.005748003621983058,1.0619491000433357e-06
4.7,C：锁住后垂直抬升 · 执行,-7.639463110997724e-07,-2.297692020622466e-05,3.106663269125676e-05,-7.716558367537596e-05,-7.979331575480586e-07,5.8403918590244075e-08,1.1004570035175392,0.11273315522641912,2.1554562876988816,0.47210769479251335,1.5707981374745035,1.1004561716164662,3.415958583853966e-07,0.12875669510679347,-0.20876928247858334,-0.33722801797631746,2.983101041213241e-05,-9.017294844646488e-07,1.100456239571228,0.1127101783062129,2.155487354331573,0.472030529208838,1.570797339541346,1.1004562300203848,-0.0581434983784133,10.179191782539919,-12.0250192141255,2.6906217080199437,0.005724263174958431,1.9278361077881864e-06
4.722,C：锁住后垂直抬升 · 执行,-6.01023143032009e-07,-2.1649418085509242e-05,2.792049168620636e-05,-8.6377972720042e-05,-1.1975367510963508e-06,9.834016467813456e-08,1.1004568397968966,0.1158322602486538,2.150363354150708,0.4639203949680237,1.5707985370781365,1.1004561308827456,-1.3124911342912565e-05,0.15181500515538615,-0.2525879585556119,-0.404238567971492,3.6707086444503266e-06,-5.232176463142111e-07,1.1004562387737535,0.11581061083056829,2.150391274642394,0.46383401699530363,1.5707973395413855,1.1004562292229103,-0.05567117337408311,10.176821498247739,-12.089427843589018,2.6948065887185866,0.005710911836456658,3.5094646852726368e-06
4.732,C：锁住后垂直抬升 · 执行,-4.27190076424111e-07,-2.0789434283574604e-05,2.614450466476015e-05,-9.046813983720758e-05,-1.1754812345721177e-06,1.0574812425723223e-07,1.100456665552485,0.11740652966358248,2.1477245126585447,0.45970873825722586,1.5707985150226407,1.100456123063441,-1.8670111381664e-05,0.16198380099863688,-0.2731724722996705,-0.43501500445944397,-9.98790672184644e-06,1.8737639954488941e-06,1.1004562383624086,0.1173857402292989,2.1477506571632095,0.45961827011738865,1.570797339541406,1.1004562288115654,-0.05392931073652086,10.16962562921653,-12.116988333810825,2.6957858620548767,0.005724338905959945,3.590206363107221e-06
4.742,C：锁住后垂直抬升 · 执行,-2.0089922525556858e-07,-1.9819461833894825e-05,2.4264524116635044e-05,-9.465718912454735e-05,-1.0264412175775561e-06,9.942363199400006e-08,1.1004564388193254,0.11908095797906529,2.1448778798321606,0.4551890162116473,1.5707983659826459,1.1004561289456252,-2.3346730229503946e-05,0.17186618733321,-0.29410267639800863,-0.4658288295614529,-2.2025291648875426e-05,2.5911903545348134e-06,1.1004562379201002,0.1190611385172314,2.1449021443562772,0.45509435902252277,1.5707973395414283,1.1004562283692572,-0.05188011319450792,10.159093923109292,-12.143516787491958,2.6962314609535127,0.0057484280785986535,3.41749107785693e-06
4.752,C：锁住后垂直抬升 · 执行,6.39490396192599e-08,-1.8783166600713774e-05,2.235564959907066e-05,-9.90450961978473e-05,-7.711503744456394e-07,8.90260880570537e-08,1.100456173497612,0.12085235499143801,2.1418202862673428,0.45036146837177854,1.570798110691827,1.1004561388697212,-2.6608736391635106e-05,0.18140221092317782,-0.3153269162620236,-0.4965698430484795,-3.112414800400594e-05,2.688915034089699e-06,1.1004562374466516,0.1208335718248373,2.141842641916942,0.4502624232755807,1.5707973395414525,1.1004562278958092,-0.04955621322098705,10.145297342780946,-12.168973656297378,2.6961401983141964,0.005780337147548233,3.1489557471774648e-06
4.768,C：锁住后垂直抬升 · 执行,5.267725102786613e-07,-1.709257963883326e-05,1.9411177789141476e-05,-0.00010667061770447406,-2.315543656816743e-07,6.455754708589723e-08,1.1004557098516867,0.12387863911963432,2.1364829025312373,0.44200079097021083,1.5707975710958582,1.1004561625158082,-2.801508104913302e-05,0.19579778973650402,-0.34976801080810627,-0.5453397059741597,-3.76092224056233e-05,3.4030939865717926e-06,1.100456236624197,0.12386154653999548,2.1365023137090264,0.44189412035250636,1.5707973395414925,1.1004562270733553,-0.04530941109210807,10.116260417296637,-12.207251362373164,2.6948236905422034,0.005837423553529166,2.3112515436588738e-06
4.7780000000000005,C：锁住后垂直抬升 · 执行,8.135644691265043e-07,-1.6070400749051972e-05,1.7728792067295274e-05,-0.00011189306482084493,1.1995154536315056e-07,4.663289931983172e-08,1.1004554225051755,0.12588307266070684,2.132865669361093,0.4363816421414982,1.570797219589975,1.1004561798859025,-2.6607461752244765e-05,0.20417163651341924,-0.37151476049022014,-0.575402986799267,-3.60153797488632e-05,3.5624849424833157e-06,1.1004562360696446,0.12586700225995778,2.1328833981531603,0.43626974907667737,1.5707973395415205,1.1004562265188018,-0.04237852580891205,10.09416205829771,-12.229661998742095,2.6933228238503633,0.005869855632958276,1.6877689928235626e-06
4.788,C：锁住后垂直抬升 · 执行,1.0766205060797063e-06,-1.511033371490167e-05,1.6217175921262594e-05,-0.00011749729983234758,4.347536377569128e-07,2.8874501678544107e-08,1.1004551588635962,0.12796831638748665,2.1290303329278024,0.4304641945332585,1.5707969047879118,1.1004561970587576,-2.3195313904608975e-05,0.2120066388516181,-0.3933689876387515,-0.605027198259068,-3.116513149080764e-05,3.8539978780513615e-06,1.1004562354841023,0.12795320605377175,2.1290465501037237,0.43034669723342617,1.5707973395415495,1.1004562259332593,-0.03922212299985008,10.068635160328082,-12.250678783611365,2.6912346945462353,0.005895528979852373,1.0172987720823271e-06
4.798,C：锁住后垂直抬升 · 执行,1.3000641616578434e-06,-1.423090566901597e-05,1.4902038107944549e-05,-0.00012348114502086505,6.813017803253274e-07,1.3907248908040515e-08,1.1004549348036603,0.13012871343094526,2.1249760993112456,0.4242533531525717,1.5707966582398003,1.10045621140973,-1.8605218737402132e-05,0.21925441747763957,-0.4152797122972098,-0.6341193860059248,-2.321311323200032e-05,3.404360547956157e-06,1.100456234867822,0.13011448252527624,2.1249910013493536,0.4241298720075508,1.5707973395415806,1.100456225316979,-0.035883182318379316,10.040277722285673,-12.270439789858266,2.6886568754230296,0.005911560666730199,5.034779870088883e-07
4.808,C：锁住后垂直抬升 · 执行,1.4698604338114762e-06,-1.344585656407049e-05,1.3793861493471837e-05,-0.00012982083206941608,8.410052410035007e-07,2.3589101783016986e-09,1.100454764360709,0.1323581620474647,2.1207026919826313,0.4177549436687662,1.5707964985363716,1.10045622231139,-1.2553496556976465e-05,0.2258736112810912,-0.43719475551980863,-0.6625884223119392,-1.4267981600706577e-05,3.1731094041886236e-06,1.1004562342211428,0.13234471619090063,2.1207164858441248,0.4176251228366968,1.5707973395416126,1.1004562246703002,-0.03238189104242375,10.009241446416548,-12.28895994018763,2.6856229459488126,0.005917401719549827,6.558494586447285e-08
4.818,C：锁住后垂直抬升 · 执行,1.5771439203504656e-06,-1.276525547155849e-05,1.2891221592870039e-05,-0.00013647197048072268,9.055161618309882e-07,-1.5049581580939275e-09,1.1004546564005713,0.13465014968984865,2.1162103476101923,0.4109756795513609,1.5707964340254845,1.100456225498607,-6.47421728720213e-06,0.2318219099083664,-0.45906339861665885,-0.6903472982293609,-4.088970185908561e-06,1.9870799245730563e-06,1.1004562335444916,0.1346373844343771,2.116223238831785,0.41083920758088016,1.5707973395416464,1.1004562239936488,-0.028698997145773245,9.975408987179865,-12.306081222471553,2.6821110810773767,0.005911995654176358,-1.5763506506940897e-08
4.828,C：锁住后垂直抬升 · 执行,1.6211352795725276e-06,-1.2171153900286669e-05,1.2181300535374362e-05,-0.0001433717782842736,8.738067893698798e-07,-1.5561472110903196e-09,1.1004546117030982,0.13699776856919207,2.111499818804015,0.40392312765101474,1.570796465734892,1.100456224843682,2.443854619044676e-07,0.23706587722175837,-0.48083285712290247,-0.7173119956215689,4.550820730409826e-06,2.323444894240034e-06,1.1004562328383778,0.1369855974152918,2.1115120001045504,0.40377975587273046,1.5707973395416814,1.1004562232875348,-0.024862132601297802,9.938791830230533,-12.321663272703805,2.678111886887865,0.005896863947327048,-1.5392817392100623e-07
4.838,C：锁住后垂直抬升 · 执行,1.5994328848023542e-06,-1.16551729615888e-05,1.1635944329402292e-05,-0.00015044461056140657,7.643249024802401e-07,-2.7266455759900055e-10,1.1004546326705078,0.139393803425921,2.106572387672039,0.39660567315744155,1.5707965752168151,1.1004562228252142,6.734766949644213e-06,0.24157471461638544,-0.502450321306581,-0.7434024976737238,1.1368055966626267e-05,1.8943062862943968e-06,1.1004562321033926,0.13938214825295941,2.106584023616368,0.39645522854688015,1.5707973395417176,1.1004562225525496,-0.020916350633865988,9.899890381241443,-12.335825392680473,2.6736991230304796,0.005874160949790851,-1.5122178406347671e-07
4.848,C：锁住后垂直抬升 · 执行,1.5156278092565145e-06,-1.1204263786007695e-05,1.121998270292579e-05,-0.00015760238945228267,5.995720846474484e-07,6.016524167762327e-09,1.1004547157124007,0.14183076982976955,2.1014298684564614,0.3890324784461019,1.57079673996967,1.1004562157728424,1.2594704598946109e-05,0.24532444244536283,-0.5238620807113061,-0.7685427244408882,1.5888737948888307e-05,1.3463040006453426e-06,1.10045623134021,0.14181956556598355,2.1014410884391643,0.3888748760566496,1.5707973395417547,1.1004562217893665,-0.016881707551056613,9.858854429032304,-12.348524191142076,2.6688921324149533,0.005846437619180339,2.5263186244353764e-08
4.8580000000000005,C：锁住后垂直抬升 · 执行,1.3784313130926762e-06,-1.0802948244265087e-05,1.089336478932168e-05,-0.00016474941072919247,4.026931572642667e-07,1.5596978153453733e-08,1.1004548521182684,0.1443009689783216,2.0960746164002475,0.3812134463291582,1.5707969368486374,1.1004562054017606,1.74235568947079e-05,0.24829630675603945,-0.5450137947697062,-0.7926605369174743,1.8087581938692386e-05,1.166891066547693e-06,1.1004562305495815,0.14429016603007733,2.096085509765037,0.381048696918429,1.5707973395417947,1.1004562209987387,-0.01277492138744597,9.815835508706725,-12.359714023799157,2.663711326641789,0.005816039855705201,2.6689504173185034e-07
4.868,C：锁住后垂直抬升 · 执行,1.2004766045681237e-06,-1.0434707941708865e-05,1.0613708301576708e-05,-0.00017178688978763956,1.9496815539810086e-07,2.614590655092286e-08,1.1004550292557322,0.14679654164611428,2.09050953619575,0.37315918303913514,1.5707971445736797,1.1004561940355873,2.0895253576390753e-05,0.25047679098482645,-0.5658504738783553,-0.8156877143606156,1.8234321108056247e-05,1.1926275757432185e-06,1.1004562297323368,0.14678610693817257,2.0905201499040516,0.3729873961493475,1.570797339541835,1.1004562201814938,-0.008604407117367756,9.770706385388625,-12.369078040543156,2.658115159448991,0.005784813066852408,5.278529133263595e-07
4.878,C：锁住后垂直抬升 · 执行,9.968451306630044e-07,-1.0082316407589165e-05,1.033658706761642e-05,-0.0001786205354467607,-5.586947349200955e-09,3.697594230800405e-08,1.1004552320442509,0.14930952107693646,2.084738092694938,0.36488096424039157,1.570797345128824,1.1004561823625965,2.2762024008111214e-05,0.2518570621581768,-0.5863147608190925,-0.8375575168118619,1.6625189403870962e-05,1.0540163459209182e-06,1.1004562288893815,0.14929943876052887,2.0847484292820058,0.3647023437049448,1.5707973395418766,1.1004562193385388,-0.0043981356226308775,9.723948007254938,-12.376828273161077,2.6521856935674433,0.005754539440899661,8.31942136546369e-07
4.888,C：锁住后垂直抬升 · 执行,7.831503907596016e-07,-9.730249419220849e-06,1.0018999733851786e-05,-0.00018516242724864185,-1.8547902524979065e-07,4.663816555172673e-08,1.1004554448713049,0.15183188795426233,2.0787643184384823,0.35639069534408896,1.570797525020945,1.1004561718326877,2.3071759967380533e-05,0.2524345264431994,-0.6063498760055688,-0.8582094613525195,1.421755808852309e-05,1.300277505490073e-06,1.1004562280216956,0.1518221577048431,2.078774337438216,0.3562055329168403,1.5707973395419197,1.1004562184708533,-0.00017345883331508524,9.675709958208442,-12.382914454844421,2.6459419361374636,0.00572601095210411,1.0713049650640125e-06
4.898,C：锁住后垂直抬升 · 执行,5.740113215857434e-07,-9.36557807182381e-06,9.622610028792167e-06,-0.0001913337772423418,-3.341235517151375e-07,5.513529410805518e-08,1.1004556531190113,0.1543556238544302,2.072592821413268,0.34770087270764705,1.5707976736655154,1.1004561624441955,2.1992305271535615e-05,0.25221171480482113,-0.6258982787832938,-0.8775865893186228,1.0768285601753499e-05,1.4553335862709427e-06,1.1004562271303329,0.15434625827635837,2.0726024440232966,0.3475095389304047,1.5707973395419637,1.1004562175794896,0.004049992454131562,9.62614364147461,-12.38728272814053,2.63940090832487,0.0057004496651953665,1.3038484665255674e-06
4.922,C：锁住后垂直抬升 · 执行,1.6110709943895074e-07,-8.386482131861328e-06,8.18628980159275e-06,-0.00020426110871202274,-5.339490158906557e-07,6.656362372403635e-08,1.1004560637942316,0.16037074596278883,2.057006820294326,0.32611026139564736,1.5707978734910901,1.1004561487868645,1.527407085128389e-05,0.24846883548129264,-0.6704746797282084,-0.9185774362826752,1.2577674236389571e-06,1.950822475155497e-06,1.100456224901331,0.16036235948065697,2.0570150065841277,0.32590600028693534,1.5707973395420742,1.1004562153504882,0.014031455078519339,9.502411627366225,-12.389906572116942,2.6224886193153933,0.005652253546776793,1.66679436322105e-06
4.934,C：锁住后垂直抬升 · 执行,2.6863978597191362e-08,-7.823851850025099e-06,7.137573510451745e-06,-0.00020961619664172648,-5.499694799571131e-07,6.823573173164732e-08,1.1004561968794637,0.16333052756217517,2.0488244764801666,0.31497187972345747,1.5707978895116121,1.1004561459568674,1.063870597542498e-05,0.24495309013458202,-0.691329622509497,-0.9360055623370923,-2.9432377687779767e-06,2.0722066892782523e-06,1.1004562237434423,0.16332270371032515,2.048831614053677,0.31476226352681574,1.5707973395421322,1.100456214192599,0.018860617658003263,9.438695252990492,-12.386980362311505,2.6134701587276092,0.005634611118560755,1.8068250694511573e-06
4.944,C：锁住后垂直抬升 · 执行,-4.327695557471145e-08,-7.315852062428352e-06,6.086298243168642e-06,-0.00021348105265950323,-5.25885302637974e-07,6.673005636947948e-08,1.1004562660356387,0.16576010104672353,2.041819464880466,0.3055396002201698,1.5707978654274821,1.1004561464777833,6.908312741511782e-06,0.2412255355683642,-0.7078791755687351,-0.948901215314218,-6.160767145974366e-06,2.3717555878354483e-06,1.1004562227586832,0.1657527851946611,2.041825551178709,0.3053261191675103,1.5707973395421795,1.1004562132078397,0.022769771103480708,9.385055804649278,-12.382621475582237,2.605737019072535,0.005622823421725205,1.8425976977705486e-06
4.954,C：锁住后垂直抬升 · 执行,-7.71056645199053e-08,-6.775798239655462e-06,4.88134614373692e-06,-0.00021680580789806836,-4.7350829257553073e-07,6.34351884354345e-08,1.1004562988630466,0.16814855720563104,2.0346533864512257,0.2959866453813378,1.5707978130505234,1.1004561487713505,3.398522224009582e-06,0.23680438800277587,-0.7236147699090534,-0.9602869292657553,-8.663352313838825e-06,2.448888844661555e-06,1.1004562217573821,0.1681417814073914,2.0346582677973695,0.2957698395734397,1.5707973395422308,1.1004562122065389,0.02653916576295728,9.331086421516734,-12.376414845835962,2.5978108564505686,0.005612852890656469,1.874138701146474e-06
4.968,C：锁住后垂直抬升 · 执行,-7.161052995030559e-08,-5.977321286126935e-06,2.966656232672449e-06,-0.00022059080829267552,-3.6551014148678007e-07,5.740057384961972e-08,1.1004562919411016,0.17141054389029045,2.024366496238009,0.28243884031698824,1.5707977050524442,1.100456153379154,-6.013914592034209e-07,0.2295172534795277,-0.7441679192164838,-0.9736438608310949,-1.1021397408022895e-05,2.5468610652308968e-06,1.1004562203305717,0.17140456656900432,2.0243694628942417,0.28221824950869556,1.5707973395423027,1.1004562107797278,0.03146135786514166,9.255338763263863,-12.36419347843007,2.5863573999368263,0.005600668099538666,1.893918041262334e-06
4.978,C：锁住后垂直抬升 · 执行,-3.946664106635467e-08,-5.390230723628653e-06,1.4609038863078183e-06,-0.00022272559799352276,-2.722623710926797e-07,5.167842154207847e-08,1.1004562587622835,0.17367352028327057,2.0168494531851353,0.27265886281792706,1.5707976118047242,1.1004561580663776,-2.5647509671709762e-06,0.22358372186999154,-0.757716520042096,-0.9813150197447953,-1.1874219597728687e-05,2.526982939310926e-06,1.1004562192956424,0.17366813005254694,2.0168509140890216,0.27243613721993354,1.5707973395423531,1.1004562097447992,0.03470689015465174,9.201395256025178,-12.353344799398805,2.5779811544379903,0.005592534804911172,1.8630689899034676e-06
4.988,C：锁住后垂直抬升 · 执行,7.670334367659848e-09,-4.800392452042335e-06,-1.2671325766433483e-07,-0.00022443046505260522,-1.7415129560660603e-07,4.6046593205062436e-08,1.1004562105790126,0.1758740686574301,2.0092024156538453,0.26281080432412013,1.570797513693701,1.1004561626519107,-3.930239379788071e-06,0.2170945941504048,-0.7702597440146711,-0.9874177059774201,-1.1707506745245124e-05,2.121982570869823e-06,1.100456218249347,0.17586926826497806,2.0092022889405876,0.2625863738590675,1.5707973395424053,1.100456208698504,0.037613395283757026,9.147910166039313,-12.340320887523493,2.5694036009466044,0.00558379030776387,1.8340216666376023e-06
4.998,C：锁住后垂直抬升 · 执行,6.073924674332432e-08,-4.221066397858131e-06,-1.7683429116566174e-06,-0.00022575482454839646,-7.694472792252327e-08,4.021776756069073e-08,1.1004561564540525,0.17800691835830845,2.0014357620913583,0.2529104044645407,1.5707974164871858,1.1004561674246889,-4.084925413788537e-06,0.21010253575108764,-0.7817383870979597,-0.9919424140473949,-1.1420572658196859e-05,2.2404224612333633e-06,1.1004562171932992,0.1780026972919106,2.0014339937484467,0.2526846496399923,1.570797339542458,1.1004562076424564,0.040168337321908665,9.095040771355157,-12.32546938259663,2.560658453191685,0.005574522481694273,1.6647510947987404e-06
5.008,C：锁住后垂直抬升 · 执行,1.1061751936658482e-07,-3.6664832729349506e-06,-3.4353514981599886e-06,-0.00022674978641235022,1.4469569320496589e-08,3.412973703653677e-08,1.10045610551163,0.1800673350229556,1.9935604256661323,0.24297342474482003,1.5707973250729415,1.1004561724485684,-3.3270441874030407e-06,0.2026622088713255,-0.7920990097903299,-0.9948913602025776,-1.0705456716724966e-05,2.344804622657608e-06,1.1004562161291493,0.18006366853968267,1.9935569903146342,0.24274667495840768,1.5707973395425108,1.1004562065783055,0.04235837599854545,9.042937318605352,-12.308838121665975,2.551763522629945,0.00556410955614215,1.4148582150237533e-06
5.018,C：锁住后垂直抬升 · 执行,1.4960762828586383e-07,-3.1495451506824423e-06,-5.096114298774879e-06,-0.0002274585075871527,9.49083120982408e-08,2.8590665390737513e-08,1.1004560654509488,0.18205114231561154,1.9855878673054275,0.23301559011170886,1.5707972446342524,1.1004561769170687,-1.970347505013028e-06,0.19482921878025442,-0.8012912563810054,-0.99627121793796,-9.3293693592382e-06,2.165710802442967e-06,1.100456215058577,0.18204799277046085,1.9855827711911287,0.2327881316041217,1.5707973395425645,1.100456205507734,0.044205115151956485,8.991678731954563,-12.290498723619354,2.542753178621929,0.005551944276504909,1.166513679048842e-06
5.028,C：锁住后垂直抬升 · 执行,1.7195475887632483e-07,-2.683624648808225e-06,-6.719919782183226e-06,-0.00022791566487070924,1.5904146710710165e-07,2.4775731244375265e-08,1.1004560420285288,0.18395472087112472,1.9775300377581488,0.22305254944021438,1.570797180501151,1.1004561796567134,-3.8951236796132015e-07,0.18665847660436233,-0.8092689840059957,-0.9960924796460373,-7.062992305671252e-06,1.5264493895037295e-06,1.1004562139832876,0.1839520372464759,1.9775233178383667,0.22282463377534367,1.570797339542618,1.1004562044324446,0.04568710511734378,8.941503710395661,-12.270307168364603,2.5336519161880675,0.005537385284573349,1.0012841417951378e-06
5.038,C：锁住后垂直抬升 · 执行,1.7339628577417443e-07,-2.283524324048214e-06,-8.283659719721115e-06,-0.00022815328014824665,2.0289181468235995e-07,2.2317422798678876e-08,1.100456039508718,0.18577500238247704,1.96939933700157,0.21309984094729767,1.5707971366508569,1.100456181036738,1.842275240199232e-06,0.17820615761925765,-0.8159863749228413,-0.994364154154407,-4.902496175791606e-06,1.500069432081274e-06,1.1004562129050037,0.185772718858153,1.9693910533418504,0.21287168766714942,1.5707973395426715,1.1004562033541607,0.0468707739422932,8.892322614792583,-12.248670764289951,2.524509409147487,0.005520729484703773,8.042126849212774e-07
5.048,C：锁住后垂直抬升 · 执行,1.5204386150102778e-07,-1.9620040713763665e-06,-9.76749016023959e-06,-0.00022819351437039503,2.2336247784693342e-07,2.076996952204979e-08,1.1004560597816009,0.18750945899043872,1.9612085634498793,0.20317284567117286,1.570797116180247,1.100456181504649,4.21542394012112e-06,0.1695253050921901,-0.8214070025632608,-0.9911055417275604,-2.571696377830102e-06,1.5428466045095913e-06,1.1004562118254624,0.18750749698636734,1.961198795959719,0.20294465215680246,1.5707973395427248,1.1004562022746185,0.047774682067447526,8.844227372669211,-12.225694399965697,2.51535970742557,0.0055015596221793875,6.397739567042753e-07
5.058,C：锁住后垂直抬升 · 执行,1.0838277364477733e-07,-1.7280420349374825e-06,-1.115397597639678e-05,-0.0002280468141062919,2.1873976963071584e-07,2.0388580601604644e-08,1.1004561023636286,0.189156094446708,1.952970866498309,0.19328674611521546,1.5707971208030094,1.1004561808069784,6.334051218492298e-06,0.16066828547755418,-0.8254986788002981,-0.9863393640635014,7.754071689554061e-09,1.3156786085315499e-06,1.1004562107464022,0.18915436640467306,1.9529597125223326,0.19305869930110917,1.570797339542779,1.100456201195559,0.04841298445701005,8.797318334083911,-12.20149173937657,2.506235482056023,0.00547971695909512,5.634947656561666e-07
5.068,C：锁住后垂直抬升 · 执行,4.4730821047167524e-08,-1.5865389551283915e-06,-1.2429391898605147e-05,-0.0002277136502866206,1.8948772195770403e-07,2.1775665715040304e-08,1.1004561649387465,0.19071343672048738,1.9446997012237615,0.18345648848406532,1.5707971500551103,1.100456178343059,7.910325176337434e-06,0.15168680249654384,-0.8282335069944662,-0.9800917534677338,2.777161362559326e-06,6.946050481209922e-07,1.1004562096695676,0.19071185018153225,1.9446872718318629,0.1832287748337787,1.5707973395428323,1.1004562001187248,0.048753578599232204,8.751942364510848,-12.176037463818915,2.4971778170837,0.005455362113461624,6.133603098912675e-07
5.078,C：锁住后垂直抬升 · 执行,-3.642025547812011e-08,-1.5414552294867878e-06,-1.3589763103727392e-05,-0.00022719323172598616,1.4008428528278216e-07,2.3920776692776258e-08,1.1004562450169495,0.1921805340377729,1.9364087878249776,0.17369675189450387,1.5707971994586005,1.100456175125074,9.538220379406748e-06,0.1426340728281477,-0.8295844414920404,-0.972387632515344,4.5004623990460625e-06,7.456825044218279e-07,1.100456208596694,0.19217899258254342,1.9363951980618739,0.17346955866277788,1.5707973395428858,1.1004561990458508,0.0488338866561455,8.70798309852646,-12.149679968649535,2.48820639038062,0.005429746279977665,6.221257401835436e-07
5.088,C：锁住后垂直抬升 · 执行,-1.3113278440890497e-07,-1.5918381224278022e-06,-1.4633646477690831e-05,-0.000226475156908712,7.62162113421283e-08,2.6684757958861383e-08,1.1004563386622888,0.19355694381865757,1.9281120577543718,0.1640219004677113,1.5707972633267286,1.1004561712939047,1.0621017458263385e-05,0.1335595310142655,-0.8295344619254674,-0.9632628908465591,5.756980924189335e-06,6.434718785046795e-07,1.1004562075295043,0.19355535198053514,1.928097424107894,0.1637954253108026,1.57079733954294,1.1004561979786627,0.04867094200072143,8.665490419059065,-12.1225737713585,2.4793445614285146,0.005403140649385624,6.74745219603497e-07
5.098,C：锁住后垂直抬升 · 执行,-2.344079286231704e-07,-1.7282572600807455e-06,-1.5558145739280604e-05,-0.00022553754604207055,4.3847525610374305e-09,2.8170045851538816e-08,1.1004564408776363,0.1948427217980001,1.919823603337933,0.15444594238094092,1.5707973351582385,1.1004561687488184,1.1603323725403948e-05,0.12451399765022275,-0.8280674572329138,-0.9527518400653865,5.732149184312608e-06,1.1307325833629997e-06,1.1004562064697077,0.19484099354074003,1.9198080451921937,0.15422040483489885,1.570797339542991,1.1004561969188642,0.048220234505750775,8.624829867809293,-12.09478528453495,2.4706328563298414,0.005376783269986944,6.143881678473206e-07
5.108,C：锁住后垂直抬升 · 执行,-3.454499886146323e-07,-1.9556606926374176e-06,-1.6388570502678945e-05,-0.00022438621072756737,-6.282188858008908e-08,2.9670165435646823e-08,1.1004565508689725,0.19603843252581013,1.9115576591454788,0.14498253310403017,1.570797402364932,1.1004561661979753,1.1709390668676617e-05,0.11554471345251158,-0.8251759281907637,-0.9408971643333865,5.653711264641142e-06,2.3074284153647782e-07,1.100456205418984,0.1960364768651175,1.9115412705749761,0.1447581468933026,1.5707973395430435,1.1004561958681407,0.047510586983851064,8.586090146792506,-12.06649149172315,2.462111466052045,0.005351267928081655,7.241287120595333e-07
5.118,C：锁住后垂直抬升 · 执行,-4.5687655836346153e-07,-2.2628549757597316e-06,-1.712782347507158e-05,-0.00022298846523316485,-1.237181659341502e-07,3.355932021165131e-08,1.1004566612555464,0.19714509231911373,1.9033285009226637,0.13564488528372734,1.5707974632612611,1.1004561612688248,1.1482077455599849e-05,0.10669801136510029,-0.8208540294124081,-0.92773827477109,4.891139609595949e-06,3.357020472549562e-07,1.100456204378988,0.19714282946413797,1.9033113730991886,0.13542189681849418,1.5707973395430952,1.100456194828145,0.04659245236093913,8.549089122376142,-12.037905308880802,2.4537939058421783,0.0053271573634675225,7.970633406502474e-07
5.128,C：锁住后垂直抬升 · 执行,-5.629523964767458e-07,-2.638844557589781e-06,-1.7784057752878724e-05,-0.00022131575018782823,-1.7575830191240982e-07,3.538407611358707e-08,1.1004567663037377,0.1981641532846451,1.895150420731637,0.12644579116742552,1.5707975153014473,1.1004561584164234,1.079108630953864e-05,0.0980153558885473,-0.8151035286505162,-0.9133193063863788,3.7933495360398155e-06,7.023482026802027e-07,1.1004562033513412,0.1981615144400875,1.895132636673884,0.1262244754172377,1.5707973395431454,1.1004561938004995,0.04549056126200267,8.513862596019202,-12.009165352387553,2.445709362980281,0.005304544100032406,7.944326696404636e-07
5.138,C：锁住后垂直抬升 · 执行,-6.588612952995732e-07,-3.0718369335436257e-06,-1.836803150356836e-05,-0.00021934391873704162,-2.1689653983969492e-07,3.5819807564507755e-08,1.1004568611989236,0.1990974697074011,1.8870376720264501,0.11739760322665732,1.5707975564397358,1.1004561569669777,9.551998321076618e-06,0.08953506238003738,-0.8079312931988409,-0.897685887909934,2.683347486451444e-06,6.797232121233847e-07,1.1004562023376283,0.19909439787046757,1.8870193039949466,0.11717825930792028,1.570797339543196,1.1004561927867853,0.044226677324101966,8.480446074293972,-11.980413076301184,2.437884436261995,0.005283485757770831,8.178297636530016e-07
5.148,C：锁住后垂直抬升 · 执行,-7.405479864885933e-07,-3.549102921163172e-06,-1.8891109001550888e-05,-0.00021705325032202183,-2.4624183181387593e-07,3.642035628637075e-08,1.1004569418873758,0.1999472653021822,1.8790044153258272,0.10851221445132736,1.5707975857850776,1.1004561553681897,7.74026667386708e-06,0.0812923032249194,-0.7993493230932551,-0.8808852727121692,1.8300389760267874e-06,2.9328558031099334e-07,1.1004562013393893,0.19994371619926105,1.8789855242168256,0.10829516120100534,1.5707973395432457,1.100456191788546,0.04279633600644941,8.449183475782315,-11.951839105793361,2.4303877014763855,0.005264047827585452,9.154434438695967e-07
5.158,C：锁住后垂直抬升 · 执行,-8.057338511946455e-07,-4.059719833471309e-06,-1.936630077215007e-05,-0.00021443234542607714,-2.6281658405125086e-07,3.6375833456503415e-08,1.1004570060919716,0.20071610334802936,1.8710646669250128,0.0998010425249104,1.5707976023598782,1.1004561544314437,6.026526821412799e-06,0.07332082211178526,-0.7893730524678857,-0.8629638475747272,5.226588761494499e-07,4.591074903041551e-07,1.1004562003581204,0.2007120436281959,1.8710453006242407,0.09958661017948432,1.5707973395432941,1.1004561908072772,0.0412365468299473,8.419783560902513,-11.923592046404398,2.4231988917563023,0.005246721167876599,9.480983711243083e-07
5.172,C：锁住后垂直抬升 · 执行,-8.667605788659216e-07,-4.809315141907078e-06,-1.9970038623640107e-05,-0.00021019516966111484,-2.6513245576786915e-07,3.4687277716827225e-08,1.1004570657761723,0.2016619815526025,1.8601323704054311,0.08791877648244625,1.5707976046758165,1.1004561547774723,3.3034774169730118e-06,0.06266961254303377,-0.7731094206201103,-0.8360905110950231,-9.215461687998595e-07,3.358868644411558e-07,1.1004561990155934,0.2016571722374606,1.8601124003668075,0.08770858131278514,1.5707973395433608,1.10045618946475,0.03886514669146183,8.381862677111375,-11.88486441090777,2.4136979907572984,0.0052253627451702474,1.0171622604251795e-06
5.182,C：锁住后垂直抬升 · 执行,-8.877035999610428e-07,-5.352704405880981e-06,-2.0365112636699934e-05,-0.00020675904496654518,-2.544647821345336e-07,3.333526810145315e-08,1.1004570857844418,0.20224873470938642,1.8524729139788316,0.07966927908961745,1.5707975940081895,1.1004561551947276,1.3876337164012443e-06,0.05545952449886171,-0.7598907868967077,-0.8156932613569601,-1.7789314546028765e-06,3.2730029787473266e-07,1.1004561980808418,0.20224338200498054,1.852452548866195,0.0794625200446509,1.5707973395434074,1.1004561885299957,0.03705169517584364,8.357129821476654,-11.8579777450169,2.407338343274342,0.005212039017821964,1.0683337500822052e-06
5.192,C：锁住后垂直抬升 · 执行,-8.891826093204713e-07,-5.884561998376059e-06,-2.0730353292197634e-05,-0.00020298014911628026,-2.3728990838911557e-07,3.124593939141107e-08,1.1004570863503433,0.2027653250278526,1.8449528005430105,0.07162896305641767,1.5707975768333609,1.100456156370953,-1.6772829119086471e-07,0.048605709772440775,-0.7453759170633949,-0.7943562820940642,-2.8346577797411013e-06,9.57294453756682e-07,1.100456197167734,0.20275944046585423,1.8449320701897183,0.07142598290730139,1.5707973395434525,1.1004561876168923,0.035139715495434785,8.334619294035885,-11.832008958583431,2.401394649926038,0.005200294453173712,1.0283246194810902e-06
5.206,C：锁住后垂直抬升 · 执行,-8.702000504623442e-07,-6.613864880461451e-06,-2.120728060295285e-05,-0.00019716156025349763,-1.9430088160632408e-07,2.610737381836259e-08,1.1004570661281496,0.20337770716423592,1.8346829311894195,0.060741145353150255,1.5707975338443962,1.1004561602698824,-2.0457165001582824e-06,0.039643197740768694,-0.7229554518462162,-0.7630155478430674,-3.7921515734736107e-06,2.9851735891279733e-07,1.1004561959280992,0.20337109329935546,1.8346617239088165,0.06054398379289676,1.5707973395435146,1.1004561863772562,0.032337167920436,8.306440870664286,-11.797285186348244,2.3937250055076866,0.005186721645560952,1.0897979232773011e-06
5.216,C：锁住后垂直抬升 · 执行,-8.424235968806926e-07,-7.113574696432368e-06,-2.151218617818529e-05,-0.00019264545558919655,-1.5774555883751873e-07,2.4799222675397914e-08,1.1004570374954667,0.2037411905992175,1.8275484218443683,0.053238831272692695,1.5707974972891146,1.1004561607218037,-3.1026265373539706e-06,0.033712706347399896,-0.7055029382449817,-0.7396600024794253,-4.04897792446897e-06,4.2603243563870144e-07,1.1004561950718699,0.20373407702452107,1.82752690965819,0.0530461858171035,1.5707973395435557,1.1004561855210264,0.03025987003807143,8.28868863925635,-11.773787256518307,2.388723128105948,0.0051783129573582404,1.1249557143886847e-06
5.226,C：锁住后垂直抬升 · 执行,-8.048027970719573e-07,-7.589335150298693e-06,-2.1777936664246766e-05,-0.00018785349888184033,-1.2135916205302522e-07,2.2295106649750096e-08,1.100456999044011,0.20404758656178398,1.8205947586863938,0.0459741902054116,1.57079746090276,1.1004561623952642,-3.99115503116624e-06,0.028186746670099707,-0.6869090742030047,-0.7155649145383032,-3.860696412435774e-06,4.866831650865429e-07,1.1004561942412139,0.20403999722663368,1.8205729807497295,0.04578633670652976,1.570797339543598,1.1004561846903709,0.028133925150641736,8.272888586094595,-11.751484909255616,2.3841230229496735,0.005170441764640322,1.120791913660074e-06
5.236,C：锁住后垂直抬升 · 执行,-7.599250730905283e-07,-8.037919429770835e-06,-2.1996406464275253e-05,-0.0001828137185610687,-8.796586103976267e-08,1.9851154942074345e-08,1.1004569533622,0.2043009839242749,1.8138330566267904,0.0389542811174754,1.570797427509499,1.100456164035129,-4.717840585014567e-06,0.023072373045616004,-0.667228753896721,-0.6907917667754957,-3.2821700532535544e-06,2.2122797135969815e-07,1.1004561934371269,0.20429294600484513,1.8138110602203261,0.03877146739891433,1.5707973395436379,1.1004561838862839,0.02596688425456298,8.259344332896404,-11.730717301746507,2.379997679321689,0.0051630311515815834,1.1403796845651079e-06
5.246,C：锁住后垂直抬升 · 执行,-7.111043665020134e-07,-8.459089862661306e-06,-2.2158496498558833e-05,-0.00017755723844353755,-5.863180274623403e-08,1.7895408488399767e-08,1.1004569037648932,0.20450552681295053,1.807273854305184,0.03218553850747356,1.570797398175479,1.1004561652142757,-4.963992894811967e-06,0.018374251933848566,-0.646521900067828,-0.6654037115948822,-2.8479698890938792e-06,2.156323153019857e-07,1.1004561926605267,0.20449706772308787,1.8072516958086855,0.032007981269030025,1.5707973395436763,1.1004561831096842,0.023776533834079086,8.247704687166904,-11.711375906994201,2.3762911850337893,0.005156182261193446,1.1273185863848353e-06
5.256,C：锁住后垂直抬升 · 执行,-6.613570051605677e-07,-8.853835290784096e-06,-2.225386217524772e-05,-0.00017211536614616246,-3.397363612656079e-08,1.618100076150597e-08,1.100456853269257,0.20466538057505687,1.800927068669797,0.025673756617432382,1.5707973735173495,1.100456166180407,-4.908437931987153e-06,0.014092748658310334,-0.6248526796576077,-0.6394654969510467,-2.3942067847659413e-06,2.45676565576513e-07,1.1004561919122517,0.2046565267397661,1.8009048148076217,0.02550164125128622,1.5707973395437134,1.1004561823614079,0.021579150661683304,8.237946000063433,-11.69355674971434,2.373011428164613,0.0051497592072281915,1.101833904668452e-06
5.266,C：锁住后垂直抬升 · 执行,-6.129902050400204e-07,-9.223751361669974e-06,-2.227200456661471e-05,-0.0001665187188231755,-1.4627572264558353e-08,1.4834837802624179e-08,1.1004568041832612,0.20478469888880987,1.7948019509209152,0.019424075681154358,1.5707973541713214,1.1004561668073753,-4.6932193568698865e-06,0.010225100875241883,-0.602289460720843,-0.6130429895775811,-1.8214422895607325e-06,1.7443966742750354e-07,1.1004561911930562,0.2047754751374482,1.7947796789163486,0.019257556962331182,1.5707973395437491,1.1004561816422131,0.019392605218340648,8.230037992706524,-11.677356075497535,2.3701667189302573,0.005143661770873505,1.086848946428911e-06
5.276,C：锁住后垂直抬升 · 执行,-5.675624272782898e-07,-9.571021138715663e-06,-2.2203636400153215e-05,-0.0001607970517435043,-1.226310830659827e-09,1.4150584259908783e-08,1.1004567580660394,0.20486759147568362,1.7889070425518436,0.013440968696071384,1.5707973407700941,1.1004561668021855,-4.430001323181751e-06,0.006765396133916536,-0.5789048703368319,-0.5862032433900901,-1.0819150569738956e-06,-1.7954702297346187e-08,1.100456190503612,0.2048580204545449,1.7888848389154435,0.01328017164432788,1.5707973395437833,1.1004561809527698,0.01724239637932822,8.224149725072024,-11.663081468402732,2.3678178791211923,0.005137932420506562,1.0981504600990582e-06
5.288,C：锁住后垂直抬升 · 执行,-5.169517942604784e-07,-9.958554331501723e-06,-2.2002612894755913e-05,-0.00015380629550706872,4.87949858296588e-09,1.419841244576503e-08,1.100456706668161,0.2049246494593092,1.7821479444266253,0.0066184103876879095,1.5707973346643245,1.1004561659671115,-3.970762036473117e-06,0.0031393181131720354,-0.5498695631312789,-0.5535433323642339,-2.8974583164829125e-07,1.348552091722039e-07,1.1004561897163667,0.2049146909049777,1.7821259418137305,0.006464604092180841,1.570797339543823,1.100456180165524,0.01473776127701426,8.219583313520282,-11.648539063129068,2.365646054309697,0.005131498683665471,1.0885035387826724e-06
5.298,C：锁住后垂直抬升 · 执行,-4.8068312619165e-07,-1.0263251757375302e-05,-2.1714331374100837e-05,-0.00014789014728081116,5.23998266999115e-09,1.3221443051492088e-08,1.1004566697774307,0.20494145012839596,1.776785778472732,0.0012341205954286764,1.5707973343038706,1.1004561663220187,-3.407533121049368e-06,0.0005421449798549444,-0.5249585505348985,-0.526032129701348,9.171579996786223e-08,4.965049328612213e-09,1.1004561890943045,0.20493118687663858,1.7767640641413578,0.0010862304481478653,1.5707973395438533,1.1004561795434618,0.012707647217406018,8.217616951432527,-11.638414376562217,2.3643190280742843,0.005126876329143578,1.0700908900247934e-06
5.308,C：锁住后垂直抬升 · 执行,-4.4949752586731506e-07,-1.0555967071251837e-05,-2.1312590488653527e-05,-0.00014192030630091933,1.4676664328305833e-09,1.4049509999836118e-08,1.1004566380010685,0.2049343321494642,1.771675873161854,-0.0038739421212990754,1.5707973380762164,1.1004561649031896,-3.0015979787662403e-06,-0.0016839984819716819,-0.4994871657264924,-0.4983285501825478,6.105983187306063e-07,-2.1207768258001572e-07,1.1004561885035427,0.20492377618239294,1.7716545605713654,-0.004015862427599995,1.5707973395438828,1.1004561789526996,0.010746563795128648,8.217729731002796,-11.630657406989396,2.3635346911855244,0.005122958622001867,1.0925775816352593e-06
5.318,C：锁住后垂直抬升 · 执行,-4.222111598117806e-07,-1.0839186041944338e-05,-2.0795241155502353e-05,-0.00013591942949300363,-6.814254716047685e-09,1.5245787077233786e-08,1.1004566101555298,0.20490692267127808,1.7668233341933686,-0.008704271920102861,1.5707973463581653,1.1004561631477396,-2.6750098873201177e-06,-0.003554482038373843,-0.4735465389127291,-0.4705089785652008,1.072289039124365e-06,-1.8163170839273712e-07,1.10045618794437,0.20489608348523614,1.766802538952213,-0.008840191349595865,1.5707973395439105,1.1004561783935267,0.008847750606522512,8.219630969975567,-11.625008492157285,2.3632231683568943,0.005119678057794657,1.069578599886471e-06
5.328,C：锁住后垂直抬升 · 执行,-3.9751889557848585e-07,-1.1113991164629633e-05,-2.0160819247605488e-05,-0.0001299046088840839,-1.9291912733976346e-08,1.608323230151143e-08,1.100456584935876,0.20486268544484673,1.7622323535903073,-0.013256120890311581,1.5707973588358488,1.1004561617829045,-2.462108698286115e-06,-0.0050863771247818676,-0.4472289983998438,-0.4426494196506013,1.4419346119150535e-06,-1.380881077298508e-07,1.1004561874169805,0.2048515714536821,1.7622121927710597,-0.013386025499195665,1.570797339543936,1.1004561778661368,0.007017867261694503,8.223323671168888,-11.621554622141863,2.3633908709838183,0.005117108412387404,1.004963677280665e-06
5.338,C：锁住后垂直抬升 · 执行,-3.742440455312135e-07,-1.1380408601435743e-05,-1.9410494477511975e-05,-0.0001238895293374266,-3.474752441334772e-08,1.6821129156241454e-08,1.1004565611655124,0.20480490521580869,1.7579061765925046,-0.017529515996416552,1.570797374291486,1.1004561605494947,-2.3634136807188063e-06,-0.0062982783234949834,-0.42063022911370346,-0.4148276087574116,1.6614488426622078e-06,-1.3542742442009215e-07,1.1004561869214669,0.20479352480720725,1.757886766098027,-0.01765340552575398,1.5707973395439616,1.1004561773706238,0.005265644839715228,8.22880615832165,-11.620384496635214,2.364045924220219,0.005115427656748223,9.135634406200271e-07
5.348,C：锁住后垂直抬升 · 执行,-3.513631909868309e-07,-1.1637699608629815e-05,-1.8548669162177234e-05,-0.00011788581713300869,-5.1360923514209844e-08,1.7565829901755592e-08,1.1004565378210147,0.20473667206130208,1.7538470671996298,-0.021525276830667312,1.5707973909049078,1.1004561593411506,-2.3795470389251645e-06,-0.00721033237305695,-0.3938493504987095,-0.38712308064322887,1.7106177762981783e-06,-1.5179214980564893e-07,1.1004561864578237,0.20472503436169345,1.7538285185304676,-0.02164316264780032,1.5707973395439843,1.1004561769069805,0.003619159301535312,8.236368738195944,-11.621997689710014,2.3652847450789767,0.005115041137487029,7.966150477289709e-07
5.358,C：锁住后垂直抬升 · 执行,-3.279451410431733e-07,-1.1884176988496975e-05,-1.757857191098111e-05,-0.00011189968192175728,-6.71868753965299e-08,1.8243813348917115e-08,1.100456513971084,0.20466086525186078,1.7500562687091428,-0.0252450380722932,1.5707974067308812,1.1004561582312864,-2.483544438383753e-06,-0.007844483713951115,-0.36699203714232387,-0.35962022927915255,1.5683002156024421e-06,-1.5114270964644834e-07,1.100456186025943,0.20464898107487228,1.7500386901372318,-0.025356937754214957,1.5707973395440058,1.1004561764750997,0.002079595889254204,8.24570307860837,-11.626071916808545,2.36704092352448,0.005115993740365938,6.603876480356266e-07
5.368,C：锁住后垂直抬升 · 执行,-3.0299931452759665e-07,-1.211740571160913e-05,-1.6505052744530957e-05,-0.00010593612654176063,-8.071161738953947e-08,1.8843173021920734e-08,1.100456488624924,0.2045801374974798,1.7465339714556836,-0.0286912643788635,1.5707974202556425,1.100456157231593,-2.6828903013066874e-06,-0.00822402411228414,-0.3401643260506593,-0.33240193089230813,1.2921956390370976e-06,-1.4220219552656733e-07,1.1004561856256094,0.2045680200917682,1.746517466402939,-0.02879720050540526,1.5707973395440251,1.100456176074766,0.0006644843386215086,8.256793244954848,-11.632697290523003,2.369328734021935,0.005118423902029322,5.169307485660666e-07
5.378,C：锁住后垂直抬升 · 执行,-2.753440235814253e-07,-1.233505443243299e-05,-1.5343011288582176e-05,-0.00010000763238621202,-9.126011701887649e-08,1.9430658859675987e-08,1.1004564606005294,0.20449689986042532,1.743279286189477,-0.03186726081199379,1.5707974308041612,1.1004561562750035,-3.0322596757735525e-06,-0.008373732722919023,-0.31347427952344953,-0.30555179415019157,1.0216952995235209e-06,-1.551163712649523e-07,1.1004561852565058,0.2044845648059929,1.7432639431781884,-0.031967268444380005,1.5707973395440442,1.1004561757056623,-0.0006067758227149754,8.269621876731978,-11.641980803874898,2.3721615446087845,0.005122337856813486,3.8531357125703706e-07
5.388,C：锁住后垂直抬升 · 执行,-2.432915224837018e-07,-1.253126873157484e-05,-1.409665414286998e-05,-9.411028990602421e-05,-9.94122770769934e-08,1.9888776625620608e-08,1.1004564282097227,0.20441330378719502,1.7402901888837965,-0.03477721681548001,1.570797438956338,1.1004561554785803,-3.463191763765926e-06,-0.008320076866900844,-0.28703898916368054,-0.27916099824713214,7.036775880509529e-07,-4.665642364775193e-08,1.1004561849182002,0.20440077251846345,1.7402760922296536,-0.034871327105386034,1.5707973395440609,1.100456175367357,-0.0017020105949015947,8.284514897979992,-11.654447823353502,2.375656162340918,0.005127943588263096,2.520702537465917e-07
5.398,C：锁住后垂直抬升 · 执行,-2.070788081010022e-07,-1.2702655631247062e-05,-1.2765254027602424e-05,-8.824371703158862e-05,-1.0354797130851523e-07,1.961910678360823e-08,1.1004563916889616,0.20433124097806965,1.7375634951333123,-0.037426211542698234,1.5707974430920475,1.100456155440203,-3.881259545415261e-06,-0.008089036554035065,-0.26097477216795095,-0.2533186826136575,2.7543292070803466e-07,-4.8115260363959735e-08,1.1004561846101535,0.2043185383224384,1.7375507298792847,-0.03751445525972982,1.5707973395440762,1.1004561750593098,-0.002648198761758241,8.301229455022403,-11.669744511575809,2.379730357940802,0.00513527190454708,1.232621619472115e-07
5.408,C：锁住后垂直抬升 · 执行,-1.6662825386148938e-07,-1.2846898596652334e-05,-1.136192617923193e-05,-8.242535529014161e-05,-1.0334472033690645e-07,1.967922114154419e-08,1.1004563509599636,0.20425234216679827,1.7350948499278342,-0.03982022872783379,1.5707974428888103,1.1004561551016467,-4.327612047378784e-06,-0.007706806244202987,-0.23540062194129058,-0.2281174725956972,-1.0919876397960253e-07,-9.331988114188525e-08,1.1004561843317098,0.20423949526820162,1.735083488001655,-0.039902654083123934,1.57079733954409,1.1004561747808679,-0.003443978048042843,8.319812307986464,-11.687968939678006,2.384395934629103,0.005144293774490957,2.4213459762762623e-08
5.418,C：锁住后垂直抬升 · 执行,-1.2165646334771907e-07,-1.296033718659051e-05,-9.89843790044631e-06,-7.667196617058142e-05,-9.96269757802537e-08,1.9766159375933512e-08,1.1004563057385615,0.20417797549263092,1.732878683694902,-0.04196620474884926,1.5707974391710786,1.1004561547650955,-4.770822411918365e-06,-0.007199437628565873,-0.2104384266104733,-0.2036530783468459,-4.455148510778134e-07,-5.3704863269870014e-08,1.100456184082098,0.20416501515544433,1.7328687852570015,-0.04204287671501984,1.5707973395441028,1.1004561745312549,-0.004086166808743918,8.340307613689628,-11.709218811546757,2.3896667533314995,0.005154955493976533,-6.505801820950882e-08
5.428,C：锁住后垂直抬升 · 执行,-7.229492005045302e-08,-1.3039012363463831e-05,-8.386043564012624e-06,-7.100060449159035e-05,-9.310156001696157e-08,1.935758087157069e-08,1.100456256155343,0.20410924833877356,1.7309081843681344,-0.04387205721392543,1.570797432645674,1.1004561549519989,-5.157999320744137e-06,-0.006592841278554925,-0.18621291673934068,-0.18002419358340332,-7.369353305531325e-07,4.3958036218395085e-08,1.100456183860423,0.2040962093264101,1.7308997983245704,-0.04394305781841702,1.570797339544114,1.1004561743095798,-0.004542117319816661,8.363086620370883,-11.734119658753011,2.395668605307034,0.0051674509107619135,-1.434194078946945e-07
5.438,C：锁住后垂直抬升 · 执行,-1.9154568375867598e-08,-1.3078617060097164e-05,-6.8301025133443716e-06,-6.542395841060283e-05,-8.431867604130616e-08,1.8670960111322188e-08,1.1004562028202363,0.20404700807609996,1.7291752632384587,-0.04554671918126138,1.5707974238627995,1.1004561554438645,-5.505626285556701e-06,-0.005913403910204705,-0.16285590603493053,-0.15733654643653913,-9.280604654429785e-07,3.172900634509324e-08,1.1004561836656679,0.20403392945903986,1.7291684331359454,-0.04561214313967198,1.5707973395441235,1.1004561741148247,-0.004828586969131493,8.38787476641665,-11.762230727896918,2.4023204598356,0.0051815035621320515,-1.764179853983482e-07
5.448,C：锁住后垂直抬升 · 执行,3.667363546178137e-08,-1.3075793269368141e-05,-5.235325641006483e-06,-5.995668956711858e-05,-7.350222297475284e-08,1.7963202703086267e-08,1.1004561468230536,0.20399184415338564,1.727670531434029,-0.047000162378740086,1.5707974130463538,1.1004561559826425,-5.72662432904447e-06,-0.005186630557092365,-0.14049742795878392,-0.1356939166970063,-1.1051820379930839e-06,1.6437065112397157e-08,1.100456183496689,0.20397876836011627,1.727665296108388,-0.047060119068307205,1.5707973395441308,1.1004561739458452,-0.0049361106789357805,8.414704710418267,-11.793651460032436,2.4096411775658995,0.005197176242190072,-1.5538665590950873e-07
5.458,C：锁住后垂直抬升 · 执行,9.387782196057515e-08,-1.3028643546769691e-05,-3.6081905778750922e-06,-5.461813764698342e-05,-6.09358161707263e-08,1.7261587714756388e-08,1.1004560894743882,0.20394408940195663,1.7263832735687452,-0.048243424059173326,1.5707974004799552,1.1004561565397792,-5.791759403223065e-06,-0.00443799314199261,-0.11927048668166204,-0.1152032422923338,-1.2730836031913687e-06,3.5372096064633946e-08,1.1004561833522102,0.20393106075840986,1.7263796653781673,-0.04829804219682031,1.570797339544139,1.100456173801367,-0.004852873875428023,8.44360724498472,-11.828481706444942,2.4176507476444615,0.00521447737492896,-6.789002576104284e-08
5.468,C：锁住后垂直抬升 · 执行,1.5122717522686457e-07,-1.293668396987191e-05,-1.9572051255245526e-06,-4.943227322787985e-05,-4.722597335415912e-08,1.6590141482808463e-08,1.1004560320036503,0.20390382077943903,1.7253014191718388,-0.04928863667210597,1.5707973867701184,1.100456157089841,-5.726442126883014e-06,-0.00369295672155624,-0.09931108865412855,-0.09597472078618344,-1.3848507955924508e-06,7.646629866245551e-08,1.1004561832308255,0.20389088409546915,1.7252994619667132,-0.04933806894533385,1.570797339544145,1.1004561736799825,-0.004529124130056649,8.474976369701405,-11.867419733831488,2.4264992553381877,0.00523361151826811,1.23112450003955e-07
5.478,C：锁住后垂直抬升 · 执行,2.078475735967089e-07,-1.2799774823629706e-05,-2.8303741039792385e-07,-4.441777275873693e-05,-3.368266376924112e-08,1.609813016223427e-08,1.1004559752834175,0.20387086006163097,1.7244115048033815,-0.0501490675646557,1.5707973732268137,1.100456157482018,-5.628062286893633e-06,-0.002977236169808752,-0.08076280874034399,-0.07812630185699189,-1.2940047930808789e-06,2.5427841664288673e-08,1.1004561831309911,0.20385806028680734,1.724411221765971,-0.05019348533741444,1.57079733954415,1.1004561735801481,-0.004008735097346513,8.508561136197402,-11.909935314154797,2.43608010821325,0.005254144450573039,4.199099738675325e-07
5.488,C：锁住后垂直抬升 · 执行,2.6297077893033816e-07,-1.2619492962884227e-05,1.4102538741234127e-06,-3.959966297736872e-05,-2.1523288040725674e-08,1.5899707994648793e-08,1.1004559200802446,0.20384479071158654,1.723698662253485,-0.05083914586486442,1.5707973610674426,1.1004561576004719,-5.4576790028741254e-06,-0.0023129960386740027,-0.06376550105756755,-0.061775002924725486,-1.0865173343869798e-06,-1.2467923270320283e-08,1.1004561830510236,0.20383217121862365,1.723700072507359,-0.05087874552784179,1.5707973395441546,1.1004561735001799,-0.0033402740490636735,8.544589137482841,-11.956165411038974,2.4463980182836833,0.0052760682504882925,7.77825027770907e-07
5.498,C：锁住后垂直抬升 · 执行,3.157041088552859e-07,-1.2397135770836343e-05,3.1185763282870482e-06,-3.500610262514858e-05,-1.1437550906379101e-08,1.5668567554527613e-08,1.100455867284982,0.2038249950173582,1.7231466037619447,-0.05137451625726731,1.5707973509817081,1.1004561577696803,-5.1499146303896965e-06,-0.0017181679218676873,-0.04846048619859386,-0.04704373191117687,-8.994911058578293e-07,2.7116668847220437e-08,1.1004561829890909,0.20381259788158737,1.723149722338273,-0.051409522359892455,1.5707973395441572,1.1004561734382479,-0.0025809596182721703,8.583288406564801,-12.006208196842799,2.4574482195625804,0.005299444785566974,1.1376660538072069e-06
5.508,C：锁住后垂直抬升 · 执行,3.646065542817212e-07,-1.2134356119242184e-05,4.8354413235696114e-06,-3.067049248003245e-05,-2.9149846980658367e-09,1.514926672996353e-08,1.100455818336662,0.20381069999690685,1.7227376146344606,-0.05177209188910181,1.5707973424591442,1.1004561582431065,-4.6638647078166655e-06,-0.0012062430890208947,-0.034989995696726076,-0.03406100603685905,-8.268297489198801e-07,8.418863117364771e-08,1.1004561829432162,0.2037985656407876,1.7227424500757842,-0.051802762381581845,1.5707973395441595,1.1004561733923732,-0.001790405592913129,8.625415655440777,-12.060828703379686,2.469357006325667,0.00532472627617082,1.4458567827597942e-06
5.518,C：锁住后垂直抬升 · 执行,4.079506850107606e-07,-1.1832943586587152e-05,6.559171339182157e-06,-2.6622804228597363e-05,5.188405927114559e-09,1.4517477664455214e-08,1.1004557749605768,0.20380102258007152,1.722452536742948,-0.052050117734547395,1.570797334355755,1.1004561588429411,-4.037310138496096e-06,-0.0007864337181921057,-0.023502137074062766,-0.022966012703022193,-8.247895322443892e-07,6.777710143493989e-08,1.1004561829112618,0.20378918963648493,1.7224590959142871,-0.05207674053877599,1.570797339544161,1.1004561733604188,-0.001038173457394554,8.670757878848615,-12.119460764603447,2.4819988429186943,0.005351776493031253,1.6764059968193376e-06
5.5280000000000005,C：锁住后垂直抬升 · 执行,4.4387430908621184e-07,-1.1495704869413093e-05,8.287541636731177e-06,-2.2894049001305483e-05,1.415184969211225e-08,1.3853070912617227e-08,1.1004557390166207,0.20379501588723192,1.7222707645242403,-0.052228220884061635,1.5707973253923135,1.1004561594870155,-3.220728304384486e-06,-0.00046286765399995564,-0.014140600053129908,-0.013897859295066511,-9.470724056343103e-07,6.267352688709961e-08,1.1004561828909298,0.2037835201823625,1.722279052065877,-0.05225111493306294,1.5707973395441632,1.1004561733400864,-0.00038300322038456534,8.719550910482367,-12.182209878724176,2.4953693244322523,0.005380808332584161,1.7779958245010122e-06
5.538,C：锁住后垂直抬升 · 执行,4.70672715024989e-07,-1.1126358064245112e-05,1.0015512018624051e-05,-1.9517782836896147e-05,2.475644644839292e-08,1.3142893884321438e-08,1.1004557122070404,0.20379171452184303,1.7221702378887143,-0.052327463796787106,1.5707973147877163,1.1004561601860186,-2.2327481592281404e-06,-0.00023534420543652298,-0.007050237869697112,-0.007001477848659728,-1.1338506209743935e-06,7.565546222076726e-08,1.1004561828797554,0.20378058816377878,1.7221802534007329,-0.052346981579624,1.5707973395441628,1.1004561733289124,0.00011528615026859513,8.77203549159886,-12.249178886376242,2.50946293739689,0.005411916678899914,1.7036206869041632e-06
5.548,C：锁住后垂直抬升 · 执行,4.870423067071528e-07,-1.0729040179457972e-05,1.1735585890848554e-05,-1.6529178620876273e-05,3.6879535203482305e-08,1.243367631076353e-08,1.100455695832794,0.20379017947619985,1.7221274325016032,-0.05237039998648374,1.5707973026646278,1.1004561608905814,-1.1326258650172143e-06,-9.932430359372653e-05,-0.002377039230160505,-0.002427555005976454,-1.26969348865055e-06,7.959935075459796e-08,1.1004561828751007,0.2037794504360204,1.722139168087494,-0.052386929165104616,1.570797339544163,1.1004561733242577,0.00034860917335835474,8.829153577112185,-12.321187778050463,2.5244016095241664,0.005445402278718071,1.3631612414477279e-06
5.558,C：锁住后垂直抬升 · 执行,4.921878788977097e-07,-1.0308388559865378e-05,1.3444492061864821e-05,-1.3957519242956129e-05,4.9464388363062994e-08,1.184763731565397e-08,1.1004556906862708,0.20378954361111354,1.7221173437415758,-0.05238113628625105,1.5707972900797746,1.1004561614756698,3.2128523249332995e-09,-4.552328749550616e-05,-0.00027238915922737873,-0.00033715947223907815,-1.2350287451566187e-06,4.931997238269438e-08,1.1004561828741497,0.20377923522255367,1.7221307882336376,-0.05239509380549401,1.570797339544163,1.1004561733233071,0.0002916262913105822,8.890373467294646,-12.39744175592094,2.5400246379971696,0.005480753028998091,7.515890133149626e-07
5.568,C：锁住后垂直抬升 · 执行,4.752432252175254e-07,-9.896571428358314e-06,1.539299235941982e-05,-1.1648962577028021e-05,7.553439873575485e-08,4.110646267818652e-09,1.100455707630918,0.20378913044238897,1.7221153386237116,-0.05238350010889076,1.5707972640097643,1.100456169212654,4.784721133726328e-06,-3.322623788586318e-05,-0.0002198565493356711,-0.0002183784962971613,-6.04663036063339e-06,2.2067749712213087e-06,1.1004561828741433,0.2037792338709606,1.722130731616071,-0.052395149071467785,1.570797339544163,1.1004561733233003,0.0001897744012714994,8.905060745828743,-12.414331595120704,2.5439125519971997,0.0054943418227225505,8.921419313093335e-08
7.85,C：搬运至 T0 上方 · 执行,3.299138739976115e-11,-1.4117161528104383e-05,2.5026638277747537e-05,-2.0198984795855024e-05,-5.486434417889541e-08,1.065774912767381e-08,1.1004561828411519,0.20379335103248872,1.7221057049777933,-0.05237495008667193,1.5707973944085072,1.1004561626655511,-1.6609769015857996e-10,-5.33025229886376e-09,7.974992673111501e-09,-1.3621083188877822e-08,2.990337404588471e-11,-3.4892300724905085e-11,1.1004561828741433,0.2037792338709606,1.722130731616071,-0.052395149071467785,1.570797339544163,1.1004561733233003,1.8156670601466375e-08,8.901918711372307,-12.411273688356166,2.542624511480684,0.005477673952272681,5.504444625492321e-07
7.86,C：搬运至 T0 上方 · 执行,3.356048772218401e-11,-1.4117102800248471e-05,2.5026553627904846e-05,-2.0198845415125843e-05,-5.486527210329939e-08,1.0658140370267688e-08,1.1004561828405828,0.20379335097376086,1.722105705062443,-0.05237495022605266,1.570797394409435,1.1004561626651599,3.0502370097069085e-11,-6.25598259370309e-09,8.784771506921474e-09,-1.4073705051068953e-08,1.4225524884793099e-10,-4.2189835121498796e-11,1.1004561828741433,0.2037792338709606,1.722130731616071,-0.052395149071467785,1.570797339544163,1.1004561733233003,1.6475220160121313e-08,8.901918760654176,-12.411273737159318,2.5426245287495175,0.005477673792069116,5.504570755311761e-07
7.87,C：搬运至 T0 上方 · 执行,3.225353317759527e-11,-1.4117037131194943e-05,2.5026463929656018e-05,-2.0198706044916026e-05,-5.486723342329469e-08,1.0658588234235822e-08,1.1004561828418897,0.2037933509080918,1.7221057051521413,-0.05237495036542287,1.5707973944113964,1.100456162664712,2.0932032081261524e-10,-6.759869918853199e-09,9.042477469372428e-09,-1.3711335439340181e-08,2.376278744248831e-10,-4.6621407483597737e-11,1.1004561828741433,0.2037792338709606,1.722130731616071,-0.052395149071467785,1.570797339544163,1.1004561733233003,1.4033563380671484e-08,8.901918809385709,-12.41127378407009,2.542624545039099,0.0054776735387135405,5.504710432389035e-07
7.88,C：搬运至 T0 上方 · 执行,-1.1101927843704118e-07,1.5902421235391984e-07,5.664126854210139e-07,1.8808502871142663e-07,9.181762061771792e-08,-1.588724460876989e-07,1.100455995239696,0.2037934897788302,1.7221054383848051,-0.05237561983733173,1.5707975162777654,1.1004558415314545,-0.0001199859521893946,0.00010481424608944224,-5.1684150361894785e-05,-0.00032517931694564463,7.290794905425451e-05,-0.00020734856068196404,1.1004558842204175,0.20379364880304254,1.7221060047974905,-0.05237543175230302,1.570797608095386,1.1004556826590084,-0.0695565051436766,8.959957105100521,-12.375264520799217,2.513658854183205,-0.0029921353623545395,1.640562273797908e-05
7.89,C：搬运至 T0 上方 · 执行,-1.1740809915394834e-06,9.533132374617281e-07,4.192952847592579e-06,-5.781790241299323e-07,-6.816704622991665e-08,-1.3508841130160931e-06,1.1004445516348895,0.20380520215632494,1.7221143185111643,-0.052394953573042954,1.570798477828646,1.1004369335433573,-0.0023957789278137545,0.00247409453329483,0.0021182565537301388,-0.0038352408479018643,0.00012339755091220927,-0.0038854456050081247,1.100443377553898,0.2038061554695624,1.7221185114640118,-0.052395531752067084,1.5707984096615997,1.1004355826592442,-0.24367105073892179,9.08055729971878,-12.25512358988433,2.4340035191355303,-0.02425536492958948,3.314541734188941e-05
7.9,C：搬运至 T0 上方 · 执行,-2.9957211391540284e-06,1.2269267979647669e-06,8.435284620356143e-06,-5.610779543488431e-06,-1.0815810140840654e-06,-5.382244774754241e-06,1.1003946666083704,0.20385663520943115,1.7221617828460565,-0.05247065239279403,1.5708002928088867,1.1003578649040189,-0.007526513497050462,0.007742125136064554,0.00732459434746074,-0.010724526545201401,0.00023866352976982468,-0.011820210899237174,1.1003916708872312,0.2038578621362291,1.7221702181306768,-0.05247626317233752,1.5707992112278726,1.1003524826592441,-0.39872545989866187,9.224371480386006,-12.208706581622902,2.3982420027611964,-0.04559071220623655,-1.8754641164818778e-05
7.91,C：搬运至 T0 上方 · 执行,-4.941427746540938e-06,4.4121389591866844e-07,1.180032991787705e-05,-1.3041484900139233e-05,-3.5553910660013344e-06,-1.356375543659638e-05,1.1002777056461972,0.203976327591114,1.7222773244695389,-0.05260185250309237,1.5708035681852224,1.100174946411283,-0.015522836778645776,0.01583495196037271,0.015426245753614188,-0.014427515095472578,0.000402906275996365,-0.02423262606506943,1.1002727642184507,0.20397676880500992,1.7222891247994567,-0.05261489398799251,1.5708000127941564,1.1001613826558465,-0.537009587289142,9.387409433649907,-12.224688570072614,2.4001127709558254,-0.06702568524482158,-0.00015966670216328003
7.92,C：搬运至 T0 上方 · 执行,-6.44810536765128e-06,-1.307891928009619e-06,1.3347990718060032e-05,-2.2124398266334944e-05,-7.654988823269093e-06,-2.5598428912365634e-05,1.1000651056412178,0.20419217288932595,1.7224838323540204,-0.05274812379431568,1.5708084693492967,1.0998428810591518,-0.026368190651570173,0.02667790876597381,0.024578146717926734,-0.014628995133103069,0.0005577751301934718,-0.041185221944101284,1.1000586575358502,0.20419086499739794,1.7224971803447384,-0.05277024819258201,1.5708008143604735,1.0998172826302395,-0.6615284224502332,9.639119809862706,-12.394473109189573,2.4427080102341954,-0.08848491932158901,-0.0003952550330732418
7.93,C：搬运至 T0 上方 · 执行,-6.987044896655803e-06,-4.2830823575590315e-06,1.4036190593813558e-05,-2.973668097155241e-05,-1.3187243810719451e-05,-4.1214119334442856e-05,1.0997283379321279,0.2045199074999033,1.7227659089987513,-0.05289610914215821,1.570814803170505,1.099316396778579,-0.040073231852189715,0.037323704870987455,0.030727307659929846,-0.014994977730900201,0.0006917002778327327,-0.06265516190045704,1.0997213508872312,0.20451562441754573,1.722779945189345,-0.052925845823129765,1.5708016159266942,1.0992751826592446,-0.7139663531379855,9.567485031826848,-12.42390839043978,2.4578255195909944,-0.11007049707741823,-0.0007112198679870503
7.94,C：搬运至 T0 上方 · 执行,-6.112596005358739e-06,-8.113873589787879e-06,1.6300078156117337e-05,-3.253722520116936e-05,-1.9608186813124817e-05,-6.057134494508176e-05,1.09923895681657,0.2049378753069256,1.7230931420127382,-0.05304890623890527,1.5708220256797805,1.0985506540041892,-0.056594697941500634,0.04504032293864219,0.03395156821901382,-0.015501638113842012,0.0007235172283163873,-0.08857829853518252,1.0992328442205646,0.2049297614333358,1.7231094420908943,-0.05308144346410644,1.5708024174929673,1.098490082659244,-0.7652862254633496,9.495716165206723,-12.451668851092425,2.4737568136397328,-0.13161100100160936,-0.001146351819078833
7.95,C：搬运至 T0 上方 · 执行,-3.9931763271550125e-06,-1.2067867157933287e-05,2.0206051600579755e-05,-3.106766310587844e-05,-2.5438942170552536e-05,-8.397610125121524e-05,1.098569130730225,0.20541734389388894,1.7234376342141153,-0.05320597344197727,1.5708286580014115,1.0975009587604954,-0.07588231831185221,0.04991568459747413,0.0345208454829107,-0.01583719565047049,0.0005896815104420025,-0.11900041005151606,1.0985651375538978,0.205405276026731,1.723457840265716,-0.05323704110508315,1.570803219059241,1.0974169826592441,-0.8191413845501696,9.395869430609434,-12.43793565025607,2.476289618576008,-0.1529228179813657,-0.0017130625388514758
7.96,C：搬运至 T0 上方 · 执行,-1.0495807418742231e-06,-1.6010688868195455e-05,2.5307892633774642e-05,-2.8085474028209656e-05,-2.912021577761159e-05,-0.0001112707480277475,1.0976912804334436,0.205930178904459,1.7237823278544473,-0.05336455327741121,1.5708331408413205,1.0961221533517782,-0.0979246194626269,0.05199716128369191,0.03445631691959253,-0.015825323320279982,0.00031719065375774343,-0.15394029032805082,1.0976902308527017,0.2059141682155908,1.723807635747081,-0.05339263875143942,1.570804020625543,1.0960108826037505,-0.8790807829325786,9.239793475740257,-12.341250914051159,2.4507645860554934,-0.17389225108360043,-0.0024130325412929244
7.97,C：搬运至 T0 上方 · 执行,2.3308022498724768e-06,-1.95025199901111e-05,3.0225894706026324e-05,-2.6625347446122827e-05,-2.9690647821212224e-05,-0.00014238845792680088,1.0965777934183143,0.20645040168390502,1.7241272053095522,-0.05352161103959046,1.570834512839609,1.0943691711171715,-0.12273022069626047,0.05197145370489057,0.03453320966256687,-0.015585088452579651,-1.9316385428471355e-05,-0.193370957360899,1.0965801242205642,0.2064308991639149,1.7241574312042582,-0.05354823638703658,1.5708048221917879,1.0942267826592447,-0.9722199890380834,9.236176275930442,-12.313547209830142,2.436500542494345,-0.1943647600650398,-0.0032473544115549573
7.98,C：搬运至 T0 上方 · 执行,5.72118164865465e-06,-2.1847786258716306e-05,3.3920808345522246e-05,-2.7954547885046532e-05,-2.6806948008495368e-05,-0.00017748372204295926,1.0952010963722492,0.20696951097558805,1.7244733058651844,-0.053675879480128225,1.5708324307060706,1.092197166381287,-0.1502962319727698,0.05186364902084703,0.03467468590746943,-0.015305345727912312,-0.00035504070943439083,-0.23730101136089754,1.0952068175538978,0.20694766318932933,1.72450722667353,-0.05370383402801327,1.570805623758062,1.092019682659244,-1.0734541957984929,9.269478922387906,-12.30295263072886,2.4245026447076015,-0.21436961824622483,-0.004208311890043229
7.992,C：搬运至 T0 上方 · 执行,9.509132765206374e-06,-2.324953943627639e-05,3.66471938695323e-05,-3.2417714988748625e-05,-1.9673924505303475e-05,-0.00022459821127851498,1.0931624924211327,0.20759102955926292,1.724890334042786,-0.05385813348219658,1.5708262595620959,1.0889740408705224,-0.18705913484121173,0.051734788065110004,0.03481043619207742,-0.015117496708907701,-0.0006211735520011293,-0.2959788442629214,1.093172001553898,0.20756778001982665,1.7249269812366554,-0.053890551197185325,1.5708065856375906,1.088749442659244,-1.1948745710557218,9.311029021344568,-12.290556611198427,2.409613039554476,-0.23787968878818924,-0.005515785126309359
8.008,C：搬运至 T0 上方 · 执行,1.3976595950593307e-05,-2.2824560491352397e-05,3.839114601111859e-05,-3.9520893681851965e-05,-7.71172121361019e-06,-0.0002958368929439903,1.0897090222181263,0.2084174270364233,1.7254482628519296,-0.05409998653371587,1.5708155798648658,1.0835022394346203,-0.24234311607235712,0.05158290267955914,0.03491580590896447,-0.015155065509873852,-0.0006530772762151333,-0.38429107864070755,1.0897229988140769,0.20839460247593194,1.7254866539979408,-0.054139507427397725,1.5708078681436521,1.0832064025416763,-1.3566545320160412,9.368881904910332,-12.273894232864912,2.3893883268505434,-0.26882680279256455,-0.007524397622976792
8.018,C：搬运至 T0 上方 · 执行,1.63720677388568e-05,-2.1507988081953533e-05,3.875805089048612e-05,-4.288895092362244e-05,-1.099750918331921e-06,-0.0003446756535441242,1.08707779991456,0.20893287451756895,1.7257976914353725,-0.054252216125923965,1.5708097694608885,1.0793310601535255,-0.28052830488083175,0.051518997232811226,0.034966043231944154,-0.015284964832788291,-0.0005083573580602426,-0.4439686726874007,1.0870941719822989,0.208911366529487,1.725836449486263,-0.05429510507684759,1.5708086697099701,1.0789863844999814,-1.4585695479913883,9.406251770464195,-12.263385845108255,2.376597734140579,-0.2883626050050415,-0.00852028836248903
8.028,C：搬运至 T0 上方 · 执行,1.8761546712431354e-05,-1.9755042734270756e-05,3.8594647492118384e-05,-4.469637569818469e-05,3.764328407207529e-06,-0.0003953673091174892,1.0840525505922194,0.20944788555405275,1.72614765027854,-0.05440600632900329,1.5708057069477686,1.074561752190584,-0.320538708792076,0.051496623423952816,0.03502468219897163,-0.015462219466182928,-0.00033857926709796184,-0.5038521224188951,1.0840713121389318,0.20942813051131848,1.7261862449260321,-0.054450702704701474,1.5708094712761758,1.0741663848814664,-1.4639382645064059,9.406468680680788,-12.261405572387764,2.3736432401280507,-0.28840576162735415,-0.010044526588115454
8.038,C：搬运至 T0 上方 · 执行,2.111757452927243e-05,-1.8063684403296643e-05,3.7777246549852705e-05,-4.4472602523187854e-05,7.420157849935549e-06,-0.00044622350434941893,1.0806273374215454,0.2099629582211362,1.7264982631487535,-0.054561827743154996,1.5708028526845994,1.0691926083858159,-0.3604958889298432,0.0515209205355313,0.03509171816577194,-0.015681621603499642,-0.00024982357874479155,-0.5639027573374127,1.0806484549960746,0.2099448945367329,1.7265360403953034,-0.054606300345678184,1.5708102728424493,1.0687463848814664,-1.4610842000078217,9.40317175646855,-12.260358315741016,2.371613072653282,-0.28654599309249956,-0.011609670212147108
8.048,C：搬运至 T0 上方 · 执行,2.2759732552612988e-05,-1.671657101498525e-05,3.63388022142086e-05,-4.201840386674344e-05,1.0294045957648379e-05,-0.0004964439231518458,1.0768028381206651,0.21047837513316223,1.7268494970623611,-0.054719879582788136,1.5708007803627655,1.0632228288046184,-0.40040860181659005,0.05155973520639025,0.035148345954611956,-0.015899904577602212,-0.0001715403899220013,-0.6239549827996587,1.0768255978532177,0.21046165856214724,1.7268858358645753,-0.05476189798665488,1.5708110744087231,1.0627263848814665,-1.4590318631952517,9.400009175929021,-12.25931595097852,2.369587719666266,-0.2846347691304603,-0.013160258202859442
8.058,C：搬运至 T0 上方 · 执行,2.347896921506276e-05,-1.5743174314047925e-05,3.441462419395691e-05,-3.761272622287287e-05,1.22386757990256e-05,-0.000546413048269967,1.0725792617411452,0.21099416576187568,1.7272012167096513,-0.054879882901408744,1.5707996372991984,1.0566527979297362,-0.44031623054497065,0.05159416327679739,0.03519029402661439,-0.01607050042190602,-6.391716679953006e-05,-0.6839635101226312,1.0726027407103602,0.21097842258756164,1.7272356313338453,-0.05491749562763162,1.5708118759749974,1.0561063848814662,-1.4574918447794118,9.397186499155326,-12.258176894416446,2.3674778043351727,-0.2827108165866457,-0.014713416176340746
8.07,C：搬运至 T0 上方 · 执行,2.3218410786451926e-05,-1.4934155157658724e-05,3.16679574039469e-05,-3.067454944449127e-05,1.2897223463426144e-05,-0.0006063131636200314,1.0669840937281452,0.21161347357321664,1.7276237179395677,-0.05507353824735916,1.5707999406310615,1.0479766980450866,-0.4882224937887235,0.05161929589326697,0.03522190038547157,-0.01617483788232523,0.00010286235562518024,-0.7559699559208322,1.0670073121389316,0.21159853941805898,1.7276553858969717,-0.05510421279680365,1.570812837854525,1.0473703848814666,-1.4560343965557951,9.394498846328826,-12.256568359640367,2.36465739884815,-0.2804197886604914,-0.01658285952077396
8.08,C：搬运至 T0 上方 · 执行,2.223945951684847e-05,-1.4409758221617386e-05,2.9179883431540432e-05,-2.444188060793384e-05,1.1869942305509085e-05,-0.0006561540857139558,1.061882215536558,0.21212971320169505,1.7279760014828114,-0.05523536855717241,1.5708017694784935,1.0400865389671803,-0.5281606803787097,0.051626628610686086,0.035232529235802945,-0.016176249854627223,0.00024418088842519125,-0.8159764579715796,1.0619044549960748,0.21211530344347343,1.728005181366243,-0.055259810437780346,1.570813639420799,1.0394303848814663,-1.4550374632122358,9.39293779906372,-12.254943179210823,2.3619532080880927,-0.2785261567014589,-0.018144467838789407
8.09,C：搬运至 T0 上方 · 执行,2.0704912361280137e-05,-1.390294249642432e-05,2.6669981387117403e-05,-1.8559761435804623e-05,9.572649522171517e-06,-0.0007057607984704006,1.0563808929088792,0.21264597041433483,1.7283283068561246,-0.05539684831820967,1.5708048683375546,1.0315971701183522,-0.5681095156699503,0.051624337438374204,0.035227657102463804,-0.016113966395692153,0.0003555038379693075,-0.8755703533359154,1.0564015978212404,0.2126320674718384,1.7283549768375117,-0.05541540807964548,1.5708144409870768,1.0308914093198818,-1.4546909650845372,9.391974253448092,-12.25301639070376,2.358904671774523,-0.27677567586948104,-0.019468690465729
8.1,C：搬运至 T0 上方 · 执行,1.869935299536607e-05,-1.3338029017678776e-05,2.429667250747336e-05,-1.3558953685474662e-05,6.429113120320906e-06,-0.0007539667211657886,1.050480041357365,0.21316216952331987,1.7286804756322782,-0.0555574467660483,1.5708088134402258,1.0225304315851544,-0.6080657056124084,0.05161617028832966,0.0352068200168485,-0.01600761559161496,0.00041622577193176807,-0.9314297049837752,1.0504987407103603,0.2131488314943022,1.7287047723047857,-0.05557100571973377,1.5708152425533461,1.0217764648639887,-1.4549527138327785,9.391622053991078,-12.250701836392674,2.3554673747104857,-0.2751012359679705,-0.02052704694099108
8.11,C：搬运至 T0 上方 · 执行,1.62966678736165e-05,-1.2675009734647302e-05,2.2214174931978192e-05,-9.77984454018227e-06,2.998404848630898e-06,-0.0007989509713426379,1.0441795868996295,0.21367827052945126,1.729032353599125,-0.0557168235161703,1.570813045714771,1.0129286467554752,-0.6480292902622707,0.05160547120017046,0.03517135623250439,-0.01587472164374494,0.00041871441468099125,-0.9829943095621356,1.0441958835675031,0.21366559551971662,1.729054567774057,-0.05572660336071048,1.5708160441196197,1.0121296957841326,-1.455326126127607,9.391956748905136,-12.247877654861103,2.3515578663446712,-0.27327979812926334,-0.021470722790275447
8.12,C：搬运至 T0 上方 · 执行,1.3566520289609585e-05,-1.1913096411103608e-05,2.055010786672362e-05,-7.388782571129959e-06,-1.7318425760137757e-07,-0.0008397692105395205,1.0374794599043566,0.21419427264154214,1.7293838131354615,-0.05587481221911606,1.5708170188701511,1.0028358713404442,-0.6879998428691974,0.05159657053723809,0.035124821697738326,-0.015732886106166043,0.0003715303352420323,-1.0300571068752225,1.0374930264246462,0.21418235954513104,1.7294043632433282,-0.05588220100168719,1.5708168456858935,1.0019961021299046,-1.455781611634227,9.39284344734523,-12.244543298638163,2.347218246865771,-0.27128279027832986,-0.02229540500863139
8.13,C：搬运至 T0 上方 · 执行,1.059131536651492e-05,-1.1084178200365669e-05,1.9392670105977672e-05,-6.405361184576297e-06,-2.6807471527057203e-06,-0.000876839117247008,1.0303795779664227,0.21471020774874572,1.7297347660424944,-0.05603139328147934,1.5708203279993203,0.9922975230185539,-0.7279798155754937,0.05159198920860741,0.03507145186831067,-0.015594612917644659,0.0002922809747678527,-1.0725779678187524,1.0303901692817892,0.21469912357054535,1.7297541587126004,-0.056037798642663915,1.5708176472521675,0.9914206839013069,-1.4562525634109624,9.39422894427973,-12.240689475254044,2.34246187611762,-0.2690818193845551,-0.023018485927947793
8.14,C：搬运至 T0 上方 · 执行,7.478365891211425e-06,-1.0241450486198067e-05,1.8784352556977524e-05,-6.740206646663194e-06,-4.313164587488316e-06,-0.0009102924643913379,1.0228798337730405,0.21522612904644603,1.730085169829314,-0.05618665607699394,1.5708227619830282,0.9813587335627276,-0.7679713409345412,0.051593459178788735,0.03501596854891945,-0.01546936708494001,0.00020084056398151325,-1.110604824652964,1.0228873121389317,0.21521588759595983,1.730103954181871,-0.056193396283640604,1.5708184488184407,0.9804484410983363,-1.4566632344111914,9.396055789470996,-12.236333572235427,2.3373114699674424,-0.2666692369477819,-0.023638202879024343
8.15,C：搬运至 T0 上方 · 执行,4.34465214249613e-06,-9.452974401885639e-06,1.8720905058167148e-05,-8.21715215856833e-06,-5.049097056009089e-06,-0.000940035245615034,1.014980110343932,0.2157421045957761,1.7304350287460841,-0.05634077677245875,1.5708242994817705,0.9700644089666101,-0.8079744791226113,0.051602062655810965,0.034962853369571834,-0.015364834804756316,0.00011477695462133372,-1.1441378771544886,1.0149844549960745,0.21573265162137423,1.7304537496511423,-0.05634899392461732,1.5708192503847145,0.969124373720995,-1.456951437021171,9.398348348253572,-12.231479523943966,2.3317562237450558,-0.26403605194660107,-0.024152716471226972
8.16,C：搬运至 T0 上方 · 执行,1.29700885320716e-06,-8.79390508284894e-06,1.915725509138433e-05,-1.0590080076290642e-05,-5.017104423021834e-06,-0.0009660583409822898,1.006680300844364,0.21625820955187153,1.730784387865322,-0.05649400148551773,1.5708250690554113,0.9584595401102645,-0.8479873265482998,0.05161834458573161,0.03491585841238359,-0.015287763943978783,4.678307444576244e-05,-1.1731693720702379,1.0066815978532173,0.21624941564678868,1.7308035451204133,-0.05650459156559402,1.5708200519509883,0.9574934817692822,-1.4570846563691848,9.400965416572799,-12.226215675507564,2.325876136849429,-0.2612236929429915,-0.024561710873371227
8.176,C：搬运至 T0 上方 · 执行,-3.2043975817241943e-06,-8.18105596908647e-06,2.069674097060492e-05,-1.5516748740632136e-05,-3.925689001427202e-06,-0.0009999777355362838,0.9925682308222277,0.2170844191434208,1.7313425211302769,-0.05673803104241613,1.5708252601460275,0.9393581572673863,-0.9120210477467456,0.05165740462979628,0.03485953171142595,-0.015227710534723013,-1.1609715042068297e-05,-1.21026088787341,0.992565026424646,0.21707623808745172,1.7313632178712475,-0.05675354779115676,1.570821334457026,0.93835817953185,-1.4569463945581034,9.405773690456211,-12.21707999846567,2.3158755061449408,-0.25641279894773966,-0.024996954480282624
8.186,C：搬运至 T0 上方 · 执行,-5.718473450322392e-06,-8.152670997546574e-06,2.2027364263710325e-05,-1.88265701857801e-05,-2.9708158530983297e-06,-0.0010163282501453041,0.9832278877552384,0.21760115478386363,1.731690985976256,-0.05689031886194767,1.5708251068391532,0.9271564719369173,-0.9520451538317297,0.05168685531098557,0.03483828961703066,-0.015229157682172806,-1.8020167139053744e-05,-1.227595683698356,0.9832221692817881,0.21759300211286609,1.7317130133405196,-0.05690914543213345,1.5708221360233001,0.926140143686772,-1.4566597399186045,9.40915070372671,-12.211021355079266,2.3093118107416895,-0.25325109034702575,-0.02513095982295338
8.196,C：搬运至 T0 上方 · 执行,-7.995245416392294e-06,-8.42341796339352e-06,2.3509153497469626e-05,-2.197921087141591e-05,-2.0506880558102125e-06,-0.0010289308739398484,0.9734873073843481,0.2181181895562439,1.7320392996562928,-0.057042763862238756,1.570824988277629,0.9148062141412624,-0.9920682575461234,0.051716710018817495,0.03482815289163798,-0.015255800333719217,-7.410076129922853e-06,-1.2404314273055448,0.9734793121389317,0.2181097661382805,1.7320628088097902,-0.05706474307311017,1.5708229375895733,0.9137772832673225,-1.4562494664804722,9.41282405544103,-12.204769472043065,2.302548308909479,-0.24999586084217792,-0.025158165869189543
8.208,C：搬运至 T0 上方 · 执行,-1.0445701592032286e-05,-9.12361833027564e-06,2.5334529647258464e-05,-2.5249557724614513e-05,-1.1747005268514243e-06,-0.001039094095269033,0.9612703292690951,0.2187390065871081,1.7324572288432691,-0.0572262106845576,1.5708250741696288,0.8998531364210822,-1.0400920092301411,0.05174874615922818,0.03482979560111083,-0.015312159645154196,1.8047588623173395e-05,-1.2498951900672868,0.961259883567503,0.21872988296877782,1.7324825633729164,-0.05725146024228221,1.570823899469102,0.8988140423258132,-1.455633899784749,9.417791708928215,-12.19703846488763,2.2941417680468046,-0.24595882331701066,-0.025050572452309912
8.22,C：搬运至 T0 上方 · 执行,-1.2650086115950643e-05,-1.0159007368143458e-05,2.7052728158505346e-05,-2.7728296210109693e-05,-6.365416300724291e-07,-0.001043879912809409,0.9484771050821904,0.21936015880664322,1.732875265207883,-0.057410449115244164,1.5708254978902603,0.8848286489367103,-1.0881098304939218,0.051772294381677034,0.034844426023339405,-0.01538365671798573,4.672188552155092e-05,-1.252879758506523,0.9484644549960745,0.21934999979927508,1.7329023179360414,-0.05743817741145427,1.5708248613486302,0.8837847690239009,-1.4547782501156572,9.423315975771214,-12.189173388653625,2.2854977357232156,-0.24176744422501578,-0.02487321229213898
8.23,C：搬运至 T0 上方 · 执行,-1.435025946372459e-05,-1.1186824116299343e-05,2.8303456752087897e-05,-2.911555289696749e-05,-4.2861987892273135e-07,-0.0010446834659808557,0.937375948112681,0.2198779506488058,1.7332238099485606,-0.057564659499534016,1.5708260915347827,0.8722984581649311,-1.1281200339413915,0.05178303245063453,0.03486433648648591,-0.015446246845882727,6.604126837108797e-05,-1.2531187071665082,0.9373615978532173,0.2198667638246895,1.7332521134053127,-0.05759377505243098,1.5708256629149038,0.8712537746989503,-1.4532961968967932,9.428620958815323,-12.182421178424574,2.277965595821422,-0.23792231158006258,-0.025025368879095452
8.24,C：搬运至 T0 上方 · 执行,-1.597921238516431e-05,-1.2276696711305268e-05,2.932586529080794e-05,-2.988012144405916e-05,-3.829830521606681e-07,-0.0010441944225564326,0.9258747199227453,0.22039580454681523,1.7335725830092932,-0.05771949257196363,1.57082684746423,0.8597669747965563,-1.1681247941774358,0.05178531147560339,0.03488920133847898,-0.015507205072454603,7.962601739149837e-05,-1.2531372257194133,0.9258587407103601,0.22038352785010393,1.733601908874584,-0.05774937269340769,1.5708264644811778,0.8587227803739998,-1.4518328429690182,9.434483767042297,-12.175611816838007,2.270250784299944,-0.23399201693008542,-0.025170650025664865
8.25,C：搬运至 T0 上方 · 执行,-1.7579915992271822e-05,-1.3338897802972483e-05,3.0083543401726587e-05,-3.0072338624557993e-05,-4.38091491972159e-07,-0.001044103889706216,0.9139734634834953,0.22091363077332107,1.7339216208004533,-0.05787489799575982,1.5708277041389427,0.8472358899387548,-1.2081263535643498,0.05177843540272179,0.034916690864843426,-0.01556067934271184,8.66557794264045e-05,-1.2530883858181858,0.913955883567503,0.2209002918755181,1.733951704343855,-0.05790497033438438,1.5708272660474507,0.8461917860490485,-1.4503873155100508,9.440969343375476,-12.168745534914127,2.262340652592257,-0.22997005428289935,-0.025341472005671405
8.26,C：搬运至 T0 上方 · 执行,-1.91766201885768e-05,-1.428504435430078e-05,3.056100268494788e-05,-2.9789852922006144e-05,-5.239622886676898e-07,-0.0010441901188322777,0.9016722030448344,0.221431340945287,1.7342709388104418,-0.0580307781224391,1.5708285915760134,0.8347049818429307,-1.2481257867158289,0.05176323571181275,0.03494489820285971,-0.015603081930751739,8.65669615138312e-05,-1.2530937870550696,0.9016530264246458,0.2214170559009327,1.7343014998131268,-0.058060567975361105,1.5708280676137247,0.8336607917240985,-1.4489610592784201,9.448123425482272,-12.161815486907376,2.254219594241578,-0.2258492265120974,-0.02551663881372395
8.27,C：搬运至 T0 上方 · 执行,-2.07915299426098e-05,-1.5043286610005868e-05,3.076048411831955e-05,-2.9145795857221657e-05,-5.756007421808818e-07,-0.0010441640572274036,0.8889709608117312,0.22194886321295712,1.7346205347982797,-0.0581870198204806,1.5708294447807407,0.8221739614563752,-1.2881230456981698,0.05174168731633056,0.034972084364526417,-0.01563381141721902,8.066969681143946e-05,-1.2531023093704865,0.8889501692817886,0.22193381992634711,1.734651295282398,-0.05821616561633782,1.5708288691799985,0.8211297973991478,-1.4475657464786678,9.45604890157999,-12.154772592799718,2.245831436565347,-0.2216077262614337,-0.025694598033274195
8.28,C：搬运至 T0 上方 · 执行,-2.2445614198507435e-05,-1.556459345136707e-05,3.070070342903186e-05,-2.824836433481387e-05,-5.500533231117544e-07,-0.0010441232877083095,0.8758697577531299,0.2224661485452129,1.7349703900482407,-0.058343514892979696,1.5708302207995959,0.8096429263619057,-1.3281183302374975,0.05171644666895754,0.034996771565909586,-0.015654423667726028,7.167814051990732e-05,-1.253099557084157,0.8758473121389314,0.22245058395176154,1.7350010907516698,-0.05837176325731451,1.5708296707462728,0.8085988030741974,-1.446209927291423,9.464661913195556,-12.147631245335202,2.237207899334692,-0.21725929553406753,-0.02587911778565321
8.29,C：搬运至 T0 上方 · 执行,-2.415433081259799e-05,-1.582380198203448e-05,3.0413568639531263e-05,-2.7196763575106087e-05,-4.3059396359623747e-07,-0.0010441108422359902,0.8623686093268863,0.22298317177915808,1.7353204726523006,-0.058500164134716155,1.5708309029065088,0.7971119195914831,-1.36811231910804,0.05168982585401388,0.03501776430921073,-0.015665952226361246,6.247724031181227e-05,-1.2530978808250004,0.8623444549960737,0.22296734797717604,1.7353508862209401,-0.05852736089829126,1.5708304723125452,0.7960678087492471,-1.4448946111144054,9.473949334158421,-12.140366596124498,2.2283387425216703,-0.21280412881020064,-0.026070044150685555
8.3,C：搬运至 T0 上方 · 执行,-2.5927688622973122e-05,-1.581990951793344e-05,2.9940385554372284e-05,-2.6073928854244977e-05,-2.2957634726594733e-07,-0.0010441016497012567,0.8484675255418401,0.22349993191210826,1.7356707413046575,-0.0586568846104137,1.5708315034551668,0.7845809160739973,-1.4081055376818281,0.0516641188769664,0.03503434217227433,-0.01566978457421677,5.551971554655784e-05,-1.2530982207011614,0.8484415978532172,0.22348411200259033,1.7357006816902119,-0.05868295853926794,1.5708312738788195,0.783536814424296,-1.4436196174773652,9.483882550096778,-12.132952899805751,2.2192161054643953,-0.20824506817306102,-0.026266545994885364
8.32,C：搬运至 T0 上方 · 执行,-3.0045218436636212e-05,-1.501639740367211e-05,2.847466890210093e-05,-2.365410964309811e-05,3.1696581848095207e-07,-0.001044081786297557,0.8164774043997748,0.22463600926746435,1.7364417570615307,-0.0590016192432539,1.5708327203588208,0.7570127084154172,-1.4960807462369807,0.05162008953216888,0.035054012572104845,-0.015659153940258564,5.5460115618951656e-05,-1.253097288230098,0.8164473591813382,0.22462099287006068,1.7364702317304328,-0.059025273352897,1.5708330373246393,0.7559686266291197,-1.4184772620527528,9.498991186376182,-12.117918606389324,2.2005178621810106,-0.19329557593640892,-0.0268295782893408
8.33,C：搬运至 T0 上方 · 执行,-3.11388883799113e-05,-1.4583067777768077e-05,2.7838661384782526e-05,-2.281848444395107e-05,7.522260097037048e-07,-0.0010442610278756925,0.8043690672570166,0.22504898714661126,1.7367222294366402,-0.05912693297775412,1.5708329263516312,0.7469880924773198,-1.5268645694460006,0.05162593644495753,0.03506437088255496,-0.01566419385491795,-1.4035627639089258e-05,-1.253054751962808,0.8043379283686367,0.2250344040788335,1.736750068098025,-0.05914975146219807,1.570833678577641,0.7459438314494441,-1.3348216894996328,9.474541940674227,-12.11909406155613,2.201541152389445,-0.17264116537306526,-0.02740734157979783
8.34,C：搬运至 T0 上方 · 执行,-3.234698138976366e-05,-1.4223961995490919e-05,2.692765225309479e-05,-2.1570619923777512e-05,2.567642714668139e-06,-0.0010447523488663624,0.788900782991127,0.22556539206624346,1.737072935915044,-0.059283778483251,1.5708319125011996,0.73445758947336,-1.5627477187407879,0.051652449446647625,0.035074836495245724,-0.015697417092452516,-0.000180428766693953,-1.2530536917840511,0.7888684360097372,0.22555116810424797,1.7370998635672972,-0.059305349103174775,1.5708344801439142,0.7334128371244937,-1.2311222955463772,9.442797965451518,-12.120919212925259,2.203257788967304,-0.14683535532083516,-0.028121521698172655
8.35,C：搬运至 T0 上方 · 执行,-3.387166053170354e-05,-1.4138893368376149e-05,2.5980928468394282e-05,-1.9929611577110262e-05,6.010726510519149e-06,-0.0010449959173554069,0.773089278172416,0.22608207102303074,1.7374236781081,-0.059441017132574374,1.5708292709836773,0.7219268387168984,-1.5957987981358783,0.05167866119984329,0.03507267409888895,-0.01573809752434109,-0.00032623388848583367,-1.2530861472292285,0.7730554065118843,0.22606793212966236,1.7374496590365685,-0.059460946744151484,1.5708352817101878,0.720881842799543,-1.128166816419659,9.409598268840295,-12.123152361795636,2.2056198420009054,-0.12116386704013077,-0.028809398592510117
8.36,C：搬运至 T0 上方 · 执行,-3.583339534374286e-05,-1.42597460676408e-05,2.5115045995782737e-05,-1.798295362370056e-05,1.0460305895687583e-05,-0.001045050271378578,0.7569626732704221,0.22659895590114446,1.7377743394598442,-0.05959856143150449,1.5708256229705662,0.7093958987459712,-1.6260505294051155,0.051694506439574954,0.035060765525126644,-0.0157581631745275,-0.0003840211426461518,-1.2530931012709148,0.7569268398750784,0.22658469615507681,1.73779945450584,-0.059616544385128194,1.5708360832764618,0.7083508484745926,-1.025650452603037,9.37519747386352,-12.125726263330472,2.2085451940910854,-0.09570707519465661,-0.029480919200578843
8.38,C：搬运至 T0 上方 · 执行,-4.075976520268032e-05,-1.472357832160709e-05,2.382545773049749e-05,-1.4297317407992172e-05,1.8442700805199053e-05,-0.0010451655296065399,0.7238758549498095,0.22763294778422719,1.738475219986652,-0.059913442349673614,1.5708192437082036,0.6843340253542979,-1.6781816072626972,0.05169972024856194,0.035029696309226394,-0.015708996478100944,-0.00021220697350744525,-1.253092095479418,0.7238350951846069,0.22761822420590558,1.7384990454443825,-0.059927739667081606,1.5708376864090088,0.6832888598246913,-0.8215243845955889,9.302705609742528,-12.132090397880667,2.2160617473051953,-0.04590293936140594,-0.030781370257601057
8.39,C：搬运至 T0 上方 · 执行,-4.3601298763906726e-05,-1.4944164887537026e-05,2.3411525382543985e-05,-1.3049486311027259e-05,2.0443327276797874e-05,-0.0010451949235393831,0.7069715184297053,0.22814993239620754,1.7388254293882712,-0.06007028782174729,1.5708180446480056,0.6718030604232801,-1.7000503011024233,0.05169718832768367,0.03501480823637526,-0.015658905928821007,-4.4039064610121184e-05,-1.2530963434283189,0.7069279171309414,0.22813498823132,1.7388488409136538,-0.060083337308058316,1.5708384879752824,0.6707578654997407,-0.7199975009724199,9.26422899243828,-12.136055789342787,2.220793883166005,-0.021750002842159725,-0.03140348846926997
8.4,C：搬运至 T0 上方 · 执行,-4.671228102748337e-05,-1.5131824049358089e-05,2.3147878220886042e-05,-1.2327650408261448e-05,2.0726825724848297e-05,-0.0010451856945974392,0.6898639142193501,0.22866688408078373,1.7391754885047042,-0.06022660729862675,1.5708185627158315,0.6592720568693876,-1.7191148341396432,0.05169393825242736,0.03499971342090099,-0.015606726428765023,0.00012544483159216029,-1.253100463814437,0.6898172019383226,0.22865175225673437,1.739198636382925,-0.06023893494903501,1.5708392895415564,0.6582268711747902,-0.6188740361980725,9.224323521194137,-12.140513003435531,2.226146060636719,0.0019136777482487211,-0.03200736239047745
8.412,C：搬运至 T0 上方 · 执行,-5.087025246652832e-05,-1.5318365142069634e-05,2.303305595408034e-05,-1.2103408695285367e-05,1.904958518794686e-05,-0.0010451134293756326,0.6691059689362285,0.22928718745237375,1.7395953578900964,-0.06041354870951179,1.5708212018358967,0.644234791414225,-1.738290461594579,0.05169064962000048,0.03498122852966698,-0.01555241154931997,0.00028844949762428865,-1.253106044475709,0.669055098683762,0.22927186908723168,1.7396183909460505,-0.06042565211820707,1.5708402514210846,0.6431896779848494,-0.4980839942495841,9.174550304456236,-12.146501474404959,2.233399243083269,0.02971939329813998,-0.03270756973430816
8.422,C：搬运至 T0 上方 · 执行,-5.471871823281571e-05,-1.5448605400675275e-05,2.3104823305031275e-05,-1.2353709759833909e-05,1.6451577104392712e-05,-0.0010449991145811133,0.6516498805036791,0.22980408171804675,1.7399450815920168,-0.06056889604942395,1.5708246014102538,0.6317036827744799,-1.7511893528739184,0.05168892158522327,0.03496641418009368,-0.015518104435843231,0.00037233080066800806,-1.253111283118758,0.6515951617854463,0.22978863311264608,1.7399681864153218,-0.06058124975918378,1.5708410529873582,0.6306586836598987,-0.3979154006192093,9.131101282170222,-12.15218548891555,2.240338288230115,0.05237331534219337,-0.03326571954324455
8.432,C：搬运至 T0 上方 · 执行,-5.8883002539089624e-05,-1.5552494038728604e-05,2.3319962856538368e-05,-1.2921147878590389e-05,1.3298747267853628e-05,-0.0010448520384719329,0.6340801707507167,0.2303209496320992,1.7402946619217365,-0.0607239262522819,1.5708285558063642,0.6191725413734201,-1.7612946606680373,0.051685906426797615,0.034952758149983394,-0.015489221861110734,0.0004051197009693994,-1.2531134679624945,0.6340212877481776,0.23030539713806047,1.740317981884593,-0.06073684740016049,1.570841854553632,0.6181276893349482,-0.29806746963890185,9.0861046642523,-12.158425958611339,2.2479950688663277,0.0746592240208367,-0.033804053847443234
8.446,C：搬运至 T0 上方 · 执行,-6.506558903096593e-05,-1.5632672895421473e-05,2.382414141899325e-05,-1.4149575207456078e-05,8.858394689781335e-06,-0.001044635965934182,0.6093448272915909,0.23104449944653607,1.740783871400154,-0.06094053452232043,1.5708341183517252,0.6016289332459515,-1.7707571959318769,0.05167988559900749,0.03493784721558883,-0.015456780447130296,0.00037719994613706886,-1.2531131845598287,0.6092797617025599,0.23102886677364065,1.740807695541573,-0.060954684097527884,1.570842976746415,0.6005842972800173,-0.15865122694092684,9.020449314705779,-12.16816286604527,2.259967168763698,0.10530846017720798,-0.034524211791076696
8.456,C：搬运至 T0 上方 · 执行,-6.955231604877099e-05,-1.5627584216554302e-05,2.429028997408267e-05,-1.5280658731173236e-05,6.177205645885309e-06,-0.0010445026562591053,0.5916162308478524,0.23156125838327166,1.7411332007208702,-0.061095001079773406,1.570837601107043,0.5890978056113259,-1.7741736889334585,0.051674029589474146,0.03493083576171759,-0.015437888547209781,0.0003194058923507505,-1.2531100755371765,0.5915466785318036,0.2315456307990551,1.7411574910108443,-0.06111028173850458,1.570843778312689,0.5880533029550667,-0.05921960046745603,8.971533948281474,-12.17590937481451,2.2694837684199336,0.12681927136720247,-0.03501351790374606
8.466,C：搬运至 T0 上方 · 执行,-7.393280336021046e-05,-1.556350995027267e-05,2.4807658180359127e-05,-1.6569157840519433e-05,4.179741527332581e-06,-0.0010444030691107997,0.5738687908573612,0.23207795833931258,1.7414824788252472,-0.061249310223114015,1.5708404001374425,0.5765667115805785,-1.7748040378937349,0.0516686586208704,0.03492734922746649,-0.015426067803536126,0.0002445351016347367,-1.2531070734669092,0.573794858054001,0.2320623948293623,1.7415072864834276,-0.061265879380954534,1.5708445798789699,0.5755223085114677,0.040185346644811035,8.921075631133693,-12.184277242284649,2.2797427236257217,0.14806390159146748,-0.03548367276772873
8.476,C：搬运至 T0 上方 · 执行,-7.807512778146286e-05,-1.5447502709847738e-05,2.534284080590865e-05,-1.7937755584077064e-05,2.9676242243592554e-06,-0.0010443486717470751,0.5561303759012128,0.2325946063525937,1.7418317391085811,-0.06140353926487393,1.5708424138210118,0.5640356629769125,-1.772647497187505,0.051662987828033156,0.034926771823375787,-0.015419567358206302,0.00016417596782954108,-1.25310018154664,0.5560523007734314,0.23257915884988387,1.741857081949387,-0.061421477020458005,1.570845381445236,0.5629913143051655,0.13959753124360916,8.868947177065058,-12.19333041270608,2.290816036502944,0.16901532038956307,-0.035933488898947576
8.5,C：搬运至 T0 上方 · 执行,-8.648161227664541e-05,-1.5011208346654703e-05,2.6526370833224178e-05,-2.1133424143768287e-05,3.1243293738825173e-06,-0.0010444066369363902,0.5137619889819887,0.2338344037192251,1.742670064704805,-0.06177377793465834,1.570844180874919,0.5339613345622205,-1.7560751975011912,0.051657882162897885,0.03493727676062057,-0.015441414677452681,1.587977007579274e-07,-1.2530923137473282,0.513675507369712,0.23381939251087844,1.7426965910756382,-0.06179491135880211,1.5708473052042928,0.5329169279252841,0.378252520914705,8.736927909650733,-12.217920788945243,2.320767109302107,0.21805954474354644,-0.03692511688239031
8.51,C：搬运至 T0 上方 · 执行,-8.925136302995185e-05,-1.4827340812151313e-05,2.691408448285415e-05,-2.2181316082281466e-05,4.158021835953818e-06,-0.0010444754477372253,0.4962631350116385,0.234350983877105,1.7430194724604267,-0.061928327683696535,1.5708439487487305,0.5214304090480706,-1.7444119781110086,0.05166084339778749,0.03494554971104874,-0.01546809947231912,-4.0674667379911355e-05,-1.253091740887685,0.49617388364860854,0.23433615653629286,1.7430463865449095,-0.06195050899977882,1.5708481067705664,0.5203859336003334,0.4776632992168681,8.67900771562993,-12.229372270370195,2.334676212695596,0.2379386084776501,-0.03729983474540966
8.52,C：搬运至 T0 上方 · 执行,-9.160078854208997e-05,-1.4680616776813205e-05,2.721181874099088e-05,-2.29343250710487e-05,5.493306748372007e-06,-0.001044555612215503,0.47889632357709394,0.23486760117848413,1.7433689701954398,-0.062083172315684464,1.5708434150300923,0.5088994948875984,-1.7299462219853252,0.05166554603503064,0.034955186857975454,-0.015500529712084798,-6.18182210979474e-05,-1.2530910279051795,0.47880472278855185,0.2348529205617073,1.7433961820141808,-0.06210610664075551,1.5708489083368407,0.5078549392753829,0.5770331499249516,8.619539581563851,-12.241470529068158,2.349353902905666,0.25749730368089335,-0.037653359530922456
8.53,C：搬运至 T0 上方 · 执行,-9.357105088608764e-05,-1.458984277741271e-05,2.7407171625526416e-05,-2.3340799009702318e-05,6.935265584040451e-06,-0.0010446359139205108,0.46168959584042846,0.23538427442989898,1.7437185703118263,-0.06223836348272256,1.5708427746375295,0.49636858086435265,-1.712675588386677,0.05167164604669525,0.034965792401164174,-0.015536347232852736,-6.416062258545935e-05,-1.2530910258322059,0.46159602478954237,0.23536968458712157,1.7437459774834518,-0.062261704281732264,1.5708497099031136,0.49532394495043214,0.6763182768356745,8.558558100915914,-12.254201645312598,2.364784264898389,0.2767237668931475,-0.03798533611200935
8.54,C：搬运至 T0 上方 · 执行,-9.52193984984917e-05,-1.4565362309010288e-05,2.7493514227039384e-05,-2.3382223674893454e-05,8.310075363837655e-06,-0.0010447066492468848,0.4446710090500778,0.2359010139748451,1.7440682794384963,-0.062393919699034045,1.5708422013940238,0.48383765727472855,-1.6925986130166493,0.0516784901133058,0.034976817445500755,-0.015572752040079392,-5.058681113704431e-05,-1.2530923913196161,0.4445757896515793,0.23588644861253608,1.7440957729527233,-0.06241730192270894,1.5708505114693876,0.48279295062548166,0.775475617487869,8.496113405061168,-12.26754501876787,2.3809437515362912,0.2956106791135207,-0.03829554486029655
8.55,C：搬运至 T0 上方 · 执行,-9.661119952375508e-05,-1.4607548168649176e-05,2.74709597201106e-05,-2.307435116510881e-05,9.481907605080053e-06,-0.0010447594800828686,0.42786862857418695,0.23641782018611915,1.7444180974622745,-0.06254982521252055,1.570841831128056,0.47130671578061395,-1.6697146677856824,0.051685288938762834,0.034987605082256325,-0.01560695315436633,-2.5311934407409983e-05,-1.253095622367725,0.4277720173746632,0.2364032126379505,1.7444455684219946,-0.06257289956368565,1.5708513130356612,0.4702619563005311,0.8744289444992421,8.432054304836107,-12.281557873800425,2.397906673503494,0.3141060695159072,-0.03858042491431289
8.56,C：搬运至 T0 上方 · 执行,-9.781131433295176e-05,-1.4705267476572415e-05,2.7347202195215914e-05,-2.246806875584595e-05,1.0363230509735644e-05,-0.0010447931819114742,0.41131051927312695,0.23693468193084144,1.7447680166890707,-0.06270602913590652,1.5708417513714255,0.45877575515749197,-1.6440247571380346,0.05169010145665696,0.03499717479625807,-0.01563379224388204,6.318772841038754e-06,-1.2530973626226218,0.411212707958794,0.23691997666336487,1.7447953638912659,-0.06272849720466236,1.5708521146019352,0.4577309619755805,0.9731936512305794,8.366707972832536,-12.29611152400171,2.4155179580635333,0.33226912115600327,-0.03884419858199708
8.57,C：搬运至 T0 上方 · 执行,-9.887928258811574e-05,-1.4839394451238164e-05,2.7136651762793562e-05,-2.1639083041966045e-05,1.0916246964809417e-05,-0.001044809218750109,0.3950247406865597,0.23745158008323047,1.7451180227087753,-0.0628624557625971,1.5708419999212433,0.44624477686937963,-1.6155293377736677,0.051692632331096895,0.03500501119996227,-0.01565196649740438,3.9521834925807436e-05,-1.2530985719117549,0.39492586140397157,0.23743674068877924,1.745145159360538,-0.06288409484563906,1.570852916168208,0.4451999676506295,1.07174478233859,8.30016047625753,-12.311166546720163,2.433734064578014,0.3501114253952792,-0.03908717547160858
8.58,C：搬运至 T0 上方 · 执行,-9.986513483584147e-05,-1.4986424883761673e-05,2.685918031386514e-05,-2.06773149699635e-05,1.1147726927340784e-05,-0.0010448093105016043,0.37903934284503193,0.23796849113907745,1.7454680956494948,-0.0630190151716458,1.570842570007555,0.4337137826361809,-1.5842293424331,0.05169283120662051,0.03501069340338723,-0.015661037044147456,7.030678839744145e-05,-1.2531001107931448,0.3789394777101961,0.2379535047141937,1.7454949548298087,-0.06303969248661577,1.5708537177344823,0.4326689733256793,1.170066910222231,8.232503952779503,-12.326679034706691,2.4525076963799153,0.3676497877739064,-0.03930975421029255
8.59,C：搬运至 T0 上方 · 执行,-0.00010080625580805025,-1.512189243571549e-05,2.6538491785688123e-05,-1.967695596133412e-05,1.1099213109488915e-05,-0.0010447951314862536,0.3633823631332754,0.23848539063204383,1.7458182118072942,-0.06317561317163115,1.5708434200876464,0.42118277413221494,-1.5501260046371748,0.051690921758203015,0.03501395399846702,-0.015661435246427477,9.583758811955453e-05,-1.253102628639601,0.3632815568774673,0.2384702687396081,1.74584475029908,-0.06319529012759248,1.570854519300756,0.4201379790007287,1.268116660403134,8.163674377439955,-12.342663988640213,2.4718675653860256,0.38486468533478285,-0.03950929875909296
8.6,C：搬运至 T0 上方 · 执行,-0.0001017248870900378,-1.5222479190668547e-05,2.6200410794263718e-05,-1.8729876486295316e-05,1.083531753631739e-05,-0.0010447736140191677,0.34808182379287556,0.2390022552442132,1.746168345357557,-0.0633321578920829,1.5708444855494934,0.40865175828979716,-1.5132213831428398,0.05168652146479196,0.035014518383922874,-0.01565233989272282,0.00011414246447509003,-1.2531028872340102,0.3479800989057855,0.23898703276502253,1.7461945457683512,-0.06335088776856919,1.5708553208670297,0.407606984675778,1.3659411613940085,8.093966608234995,-12.358997751390437,2.4916680682033876,0.4018252864123699,-0.03969031257973388
8.61,C：搬运至 T0 上方 · 执行,-0.00010273735589760857,-1.526860784697992e-05,2.5872096940382505e-05,-1.7912502215500226e-05,1.0414737913633232e-05,-0.0010447324299799887,0.3331654295841386,0.23951906540008672,1.7465184691419016,-0.06348857290787321,1.5708457076953923,0.3961207227370892,-1.473685246670926,0.05167911853662167,0.03501142889159396,-0.01563627415107639,0.00013464435409453587,-1.2531125238722947,0.333062692228241,0.23950379679223974,1.746544341238842,-0.06350648541008871,1.570856122433306,0.3950759903071092,1.4184303625524555,8.041955680982301,-12.371597360467863,2.50698303079705,0.40936418337817093,-0.03968590570843451
8.62,C：搬运至 T0 上方 · 执行,-0.00010435666304031699,-1.5104418452399626e-05,2.5654056177826234e-05,-1.7408313464459257e-05,9.20024482797821e-06,-0.0010443495258408153,0.3186488449728395,0.24003566523430372,1.7468684826507161,-0.06364467473705815,1.570847723754749,0.3835893455517177,-1.4336483747896676,0.051645282431862526,0.034994285499716137,-0.015587662636474375,0.0002715571111858232,-1.2531518009128062,0.3185444883097992,0.24002056081585132,1.746894136706894,-0.06366208305052261,1.5708569239995769,0.3825449960258769,1.4149937941452944,8.01339368499859,-12.379012476740685,2.516160278893533,0.4052648296439658,-0.03945452655170877
8.63,C：搬运至 T0 上方 · 执行,-0.00010593360772293003,-1.454934112551931e-05,2.560243459259759e-05,-1.7564365602379395e-05,6.300504789225059e-06,-0.0010439504196234628,0.30453221794743185,0.24055187418239127,1.7472183297415727,-0.06380011632589694,1.5708514250610612,0.37105795212054976,-1.3936773641745548,0.051605728277462584,0.03498005219786761,-0.01551114069280917,0.0004478348097483916,-1.2531254481757543,0.3044262843397089,0.24053732484126575,1.7472439321761652,-0.06381768069149932,1.5708577255658505,0.3700140017009263,1.4122393605502723,7.985791386697583,-12.386105213208495,2.5249204881289495,0.4010815926109459,-0.039233346140248704
8.64,C：搬运至 T0 上方 · 执行,-0.00010709592045388128,-1.3663677867037372e-05,2.5647541422868514e-05,-1.848365933108942e-05,1.906750093372267e-06,-0.0010438599813773486,0.29081517629007253,0.24106775254454718,1.7475680801040137,-0.06395479467314494,1.5708566203820313,0.35852686735735295,-1.3537242520808943,0.0515792788539758,0.034973726385422954,-0.015439140002774016,0.0005648072145928698,-1.2531011229845523,0.29070808036961865,0.24105408886668014,1.7475937276454365,-0.06397327833247603,1.5708585271321247,0.3574830073759756,1.4098728101932951,7.958798457287326,-12.39298554939534,2.5333305716367662,0.396878526482702,-0.03902375957698495
8.65,C：搬运至 T0 上方 · 执行,-0.00010779990680287455,-1.2609328732371416e-05,2.5732878686124394e-05,-1.997980587453707e-05,-3.1042621546628624e-06,-0.0010438681545583695,0.27749767630633115,0.24158346222082686,1.7479177902360241,-0.06410889616757819,1.5708624329605532,0.34599588120558344,-1.3137676808488843,0.05157024729723797,0.03497083700713388,-0.015395496719336902,0.0005788328640702594,-1.2531003330226846,0.2773898763995283,0.24157085289209448,1.7479435231147102,-0.06412887597345272,1.5708593286983985,0.3449520130510251,1.4077024927650479,7.932256177746512,-12.399646702644885,2.5414419818810106,0.39276939895427,-0.038816996398745446
8.66,C：搬运至 T0 上方 · 执行,-0.00010810647047770905,-1.1548147162726563e-05,2.584838249353183e-05,-2.1720847113784747e-05,-7.692032164108298e-06,-0.0010438579808581538,0.26457977889991574,0.2420991650646717,1.7482674702014858,-0.06426275276731565,1.5708678222968357,0.3334648767069326,-1.2738048727663105,0.05157574081944681,0.03496738114808132,-0.015386400629438225,0.0004935878069695242,-1.2531020402750774,0.26447167242943803,0.24208761691750896,1.7482933185839793,-0.06428447361442943,1.5708601302646716,0.33242101872607444,1.40567025860133,7.906092329541587,-12.406062419044632,2.549302465537731,0.38885596345318196,-0.03861218138722474
8.67,C：搬运至 T0 上方 · 执行,-0.0001080495151137284,-1.0598201253653183e-05,2.6005865696232533e-05,-2.3395428081676717e-05,-1.1026920432755105e-05,-0.0010438475965597882,0.25206151797446147,0.242614979144177,1.7486171081875543,-0.06441667582732448,1.570871958751378,0.32093387199768364,-1.233841701642692,0.051590537168192264,0.03496262877287725,-0.015403800450282836,0.0003413555909037616,-1.2531011912889796,0.25195346845934774,0.24260438094292336,1.7486431140532506,-0.06444007125540616,1.5708609318309452,0.31989002440112385,1.4038182901183984,7.880381912990386,-12.412184299012473,2.556896538538242,0.38521732980263373,-0.03841107188581792
8.68,C：搬运至 T0 上方 · 执行,-0.00010759801960116833,-9.828144985041254e-06,2.6210475487120632e-05,-2.480400966956009e-05,-1.2667793737985988e-05,-0.0010438518626977311,0.23994286250885866,0.2431309731133228,1.7489666990470345,-0.0645708648867133,1.5708744011909572,0.30840288193887094,-1.1938840776060657,0.051610395199840356,0.03495817680296514,-0.015435717983493047,0.00016386398973044957,-1.2530994442691805,0.2398352644892575,0.24312114496833775,1.7489929095225216,-0.06459566889638287,1.5708617333972192,0.3073590300761732,1.4022209850976557,7.855038167824603,-12.418060884940974,2.5642780687660096,0.3818568585882318,-0.03821354452874014
8.69,C：搬运至 T0 上方 · 执行,-0.00010667920829343647,-9.267948524960268e-06,2.64499209534641e-05,-2.5867141177471353e-05,-1.2572916927577893e-05,-0.0010438781908655992,0.22822373972746077,0.24364717694227717,1.7493162550708392,-0.06472539939618205,1.5708751078804206,0.2958719139420883,-1.1539343027943452,0.05163198725494342,0.03495570307108956,-0.015471279493599305,-1.8869815538263656e-06,-1.2530967008163656,0.22811706051916733,0.2436379089937522,1.7493427049917927,-0.06475126653735952,1.570862534963493,0.2948280357512227,1.4009378327192574,7.830079815212019,-12.42371248423381,2.571444030697071,0.37875643923812136,-0.0380199314883437
8.7,C：搬运至 T0 上方 · 执行,-0.00010522460551640189,-8.923625579665417e-06,2.6698937961588953e-05,-2.658426329094077e-05,-1.100885521809758e-05,-0.001043936398986034,0.21690408115459334,0.24416359664474624,1.7496658015231028,-0.06488027991504533,1.5708743453849845,0.283340977825258,-1.1139899578084476,0.05165341792469362,0.03495603732485731,-0.015504719424442173,-0.00013070077744820204,-1.2530932926600602,0.21679885654907693,0.24415467301916657,1.7496925004610644,-0.06490686417833627,1.5708633365297664,0.282297041426272,1.39997895696518,7.80552396019783,-12.429159106701723,2.5783880630384473,0.3758742153062688,-0.03783058221153914
8.71,C：搬运至 T0 上方 · 执行,-0.00010320918699924242,-8.78804706888614e-06,2.6929609285630818e-05,-2.6986250191166072e-05,-8.421348084430846e-06,-0.0010439709264069008,0.2059838617659859,0.24468022509164988,1.75001536632105,-0.06503547556912181,1.5708725594441244,0.2708101825915474,-1.0740455282125883,0.05167358208920969,0.034958968639945805,-0.01553433050589452,-0.00021059833440730967,-1.2530176364160335,0.20588065257898666,0.244671437044581,1.7500422959303357,-0.06506246181931298,1.57086413809604,0.2697662116651405,1.3991549547795956,7.781420716834914,-12.434441980788797,2.5851334066741862,0.3731253839020166,-0.03751576273182079
8.72,C：搬运至 T0 上方 · 执行,-0.00010067558337972793,-8.85073718431828e-06,2.7118740452802825e-05,-2.7094309048833476e-05,-5.3130967316850075e-06,-0.001042931514794676,0.1954631241922761,0.24519705180717968,1.7503649726591544,-0.06519096515124086,1.5708702527590457,0.25829371133894646,-1.0340936642762917,0.051692811759019595,0.03496392530471138,-0.015563122958487477,-0.00024032096165878253,-1.2498948507155552,0.19536244860889637,0.24518820106999537,1.7503920913996072,-0.06521805946028969,1.570864939662314,0.2572507798241518,1.3981477391149435,7.757592326137706,-12.439710804658867,2.591840811766274,0.37037016819136775,-0.03683912517729703
8.73,C：搬运至 T0 上方 · 执行,-9.771806986852427e-05,-9.091994701920791e-06,2.7252335546901207e-05,-2.6933113435101408e-05,-2.1558622131934158e-06,-0.0010391719776279562,0.1853419627086746,0.2457140570901117,1.750714634533331,-0.0653467239878313,1.570867897090801,0.2458321180170985,-0.9941306224436467,0.0517095019771463,0.034969855467408655,-0.015588591400310433,-0.00022642657574011802,-1.242486047989055,0.18524424463880607,0.2457049650954098,1.750741886868878,-0.0653736571012664,1.5708657412285878,0.24479294603947055,1.3972621148049995,7.7342113593952675,-12.4448014197718,2.5983243004823917,0.36769350478424323,-0.03605901559647693
8.74,C：搬运至 T0 上方 · 执行,-9.447521863709119e-05,-9.485137614839712e-06,2.732568465546592e-05,-2.6527291219116678e-05,6.763851105873186e-07,-0.0010312380198689297,0.17562051588735292,0.24623121425843902,1.7510643566534942,-0.06550272745102399,1.5708658664097503,0.23346894833096593,-0.9541518251467789,0.051723427615748295,0.03497584320897012,-0.015612436730103648,-0.0001804034779558586,-1.2306244857325426,0.17552604066871583,0.24622172912082418,1.7510916823381497,-0.06552925474224311,1.570866542794861,0.232437710311097,1.3963844678046573,7.711297466158449,-12.449711155853104,2.604585030911858,0.3650645618914902,-0.035152115244299655
8.75,C：搬运至 T0 上方 · 执行,-9.111237055306476e-05,-9.999092799833909e-06,2.7341814310632984e-05,-2.5894248392208108e-05,2.925840767664667e-06,-0.001019391245869028,0.16629894906917864,0.24674849223903844,1.7514141359931104,-0.06565895813482761,1.5708644185203668,0.22124946388490002,-0.9141566426923965,0.05173363250055504,0.034981229732688746,-0.01563337822785878,-0.00011376052767764025,-1.2142141920750413,0.16620783669862557,0.2467384931462386,1.751441477807421,-0.06568485238321982,1.5708673443611345,0.220230072639031,1.39543123701106,7.68897071832382,-12.454400998562647,2.610580379367965,0.3624805798898905,-0.03413887587979966
8.76,C：搬运至 T0 上方 · 执行,-8.77834262460464e-05,-1.0592293038652612e-05,2.7307655562136546e-05,-2.5078198618480596e-05,4.447149383191018e-06,-0.0010038633474959424,0.15737741615478135,0.24726584946469166,1.7517639656211301,-0.06581537182557805,1.5708636987780256,0.20921889637076846,-0.8741471010080545,0.05173937875175696,0.034985853959603914,-0.015648799036949115,-3.74757584292509e-05,-1.1933035216123642,0.1572896327285353,0.247255257171653,1.7517912732766923,-0.06584045002419653,1.5708681459274088,0.20821503302327252,1.394342767745654,7.66717807816941,-12.458903544924066,2.6163454669598982,0.3599166609135776,-0.033020046206047815
8.77,C：搬运至 T0 上方 · 执行,-8.461318613056656e-05,-1.1214426717365278e-05,2.7232707246582777e-05,-2.415194395873066e-05,5.20108428503363e-06,-0.0009845610105249925,0.14885604194457555,0.24778323562378482,1.7521138360387163,-0.06597189572121447,1.5708637464093964,0.19742215247434672,-0.8341265692132374,0.05173991117598438,0.034989511724853435,-0.015655785165939035,3.821864573450057e-05,-1.1679026709730145,0.14877142875844498,0.24777202119706745,1.7521410687459629,-0.0659960476651732,1.5708689474936814,0.19643759146382173,1.3930910305725803,7.645961240972283,-12.463214596754929,2.621869993487179,0.35737460756543477,-0.03179190056124011
8.78,C：搬运至 T0 上方 · 执行,-8.1690599332912e-05,-1.1811980280357348e-05,2.7127710587437903e-05,-2.320892140082742e-05,5.241349501527992e-06,-0.0009614577839897054,0.14073491538768765,0.24830059720276218,1.7524637365046476,-0.0661284363847491,1.5708645077104542,0.18590420574466804,-0.7940989322520807,0.051735042489851175,0.03499196410438001,-0.01565303254741093,0.00010502872056831317,-1.1379994095586325,0.14065322478835474,0.24828878522248182,1.752490864215235,-0.06615164530614993,1.5708697490599557,0.18494274796067833,1.3916708447581736,7.625357248181948,-12.467329027257122,2.6271430797028756,0.3548643152770968,-0.030455406763942223
8.79,C：搬运至 T0 上方 · 执行,-7.906533932067195e-05,-1.2333615078574667e-05,2.7005365944798854e-05,-2.2345702662129874e-05,4.690980587751525e-06,-0.0009345875310698137,0.13301408615758514,0.24881788286297482,1.7528136543185615,-0.06628489724446451,1.5708658596456415,0.17471009004491242,-0.7540681869590904,0.0517251472178238,0.0349930375548526,-0.01564051290993077,0.00015707441627144033,-1.1035931667986498,0.13293502081826447,0.24880554924789625,1.7528406596845063,-0.06630724294712664,1.5708705506262293,0.1737755025138426,1.390101983053229,7.605483771529694,-12.47120826429813,2.6321152920466755,0.35241724754485787,-0.02901293188219611
8.8,C：搬运至 T0 上方 · 执行,-7.675003903306887e-05,-1.2736552528369582e-05,2.6879090703868513e-05,-2.1647997729121182e-05,3.7168834936540662e-06,-0.0009039620842794804,0.12569356688720731,0.24933504982583904,1.7531635760630742,-0.06644119259037425,1.5708676353090096,0.16388481720759387,-0.7140375890164729,0.05171167255828398,0.03499282526889709,-0.015620590753963078,0.000191221433136115,-1.0646868297336491,0.12561681684817425,0.24932231327331067,1.753190455153778,-0.06646284058810337,1.5708713521925033,0.1629808551233144,1.3884061421848541,7.586262740979062,-12.47488200422236,2.6368212138565834,0.3500351337016563,-0.02746385371776689
8.82,C：搬运至 T0 上方 · 执行,-7.294866610176032e-05,-1.3082894535609846e-05,2.6665906583955845e-05,-2.097365973260934e-05,1.2294739659690634e-06,-0.0008314642433207009,0.11225335757409542,0.25036892421867507,1.7538633801857362,-0.06675306221032416,1.5708717258510845,0.14352081875450148,-0.633987853022891,0.05167952524756286,0.03498881523146816,-0.015568701521807553,0.00020557063089499382,-0.9733722426364936,0.11218040890799366,0.25035584132413946,1.7538900460923201,-0.06677403587005677,1.5708729553250504,0.14268935451118078,1.3847923408837017,7.54977969995758,-12.481597855901066,2.6454266157861883,0.3455365550608676,-0.02404773571482854
8.83,C：搬运至 T0 上方 · 执行,-7.135961993796902e-05,-1.3015186575315862e-05,2.659925649939332e-05,-2.103279062491692e-05,4.566247580051197e-08,-0.000789606124005332,0.10613356455784134,0.2508856205361292,1.754213242305092,-0.06690860072040856,1.5708737112288482,0.13407210741358064,-0.5939721523336208,0.051663981137479,0.03498552498586444,-0.01554268962606374,0.00019074568510638452,-0.9209636634970902,0.10606220493790337,0.25087260534955386,1.7542398415615914,-0.06692963351103348,1.570873756891324,0.1332825012895753,1.3829627395889843,7.532576850486919,-12.484606479614031,2.649294066882664,0.34346421817639883,-0.022182876554399298
8.84,C：搬运至 T0 上方 · 执行,-6.989156218401016e-05,-1.2806911765972373e-05,2.656660632704977e-05,-2.1327377815058557e-05,-9.36292592568222e-07,-0.0007440126341738268,0.10041389238579009,0.251402176300242,1.7545630704336779,-0.06706390377826225,1.5708754947502126,0.12517225853467356,-0.5539632239214028,0.05165107579314775,0.034982021884219214,-0.015520994405359095,0.00016681034595280399,-0.864055290786796,0.10034400082360607,0.251389369388476,1.754589637040005,-0.06708523115607731,1.57087455845762,0.12442824590049974,1.3811619609737873,7.515928726220696,-12.487421416779345,2.652924931650654,0.3415042648463383,-0.02021256797871697
8.85,C：搬运至 T0 上方 · 执行,-6.847395693350411e-05,-1.2486369240782835e-05,2.6568691984696358e-05,-2.1812940513649126e-05,-1.648905164186587e-06,-0.0006953333154875868,0.09509427095465636,0.2519186197696235,1.7549128638081486,-0.06721901585247325,1.5708770089290351,0.11686056033945962,-0.5139610480603879,0.05164164992101413,0.034978749274018596,-0.015504735200691852,0.00013810457005677439,-0.804320185366055,0.09502579699772286,0.2519061334003827,1.7549394325001333,-0.0672408287929869,1.570875360023871,0.11616522702397203,1.3798374461136147,7.50012834430574,-12.489768273636544,2.6560132590246743,0.33980568039134734,-0.018592053821154534
8.86,C：搬运至 T0 上方 · 执行,-6.705125832758008e-05,-1.2099169412638222e-05,2.660039570123729e-05,-2.240728037913864e-05,-2.069321007214242e-06,-0.0006449605908141753,0.09017464428596016,0.25243499659520974,1.7552626275737042,-0.06737401915358447,1.5708782309111522,0.10914716737393657,-0.47396357673527373,0.05163718595466354,0.03497600203908168,-0.015498466153586361,0.00010908572748105335,-0.7443923083299909,0.09010759302763258,0.2524228974257971,1.7552892279694055,-0.06739642643396361,1.570876161590145,0.10850220678312239,1.3785934315171626,7.48481947260891,-12.491916693091248,2.658871829291019,0.33822427439997543,-0.01697215570482565
8.870000000000001,C：搬运至 T0 上方 · 执行,-6.557853054880991e-05,-1.1692159889997722e-05,2.665524231515448e-05,-2.301600592241604e-05,-2.219254886304256e-06,-0.0005947762746558588,0.08565496758809112,0.2529513536111015,1.7556123681963616,-0.0675290080690179,1.5708791824113049,0.10203396281692857,-0.4339707948616428,0.05163691352236328,0.034974056568394855,-0.015500035831380779,8.419775475296422e-05,-0.6843379132741225,0.0855893890575423,0.2529396614512115,1.7556390234386767,-0.06755202407494032,1.5708769631564186,0.10143918654227271,1.3774306147853927,7.4700952347104606,-12.49384166531463,2.661469907652428,0.3367691168056873,-0.015381785961219748
8.88,C：搬运至 T0 上方 · 执行,-6.401199613435826e-05,-1.1304612199447561e-05,2.6722349232288778e-05,-2.357525903338986e-05,-2.154854492175673e-06,-0.0005448999243272135,0.08153519708358649,0.25346773008882534,1.755962096558716,-0.06768404645688364,1.5708799195771845,0.09552106622575028,-0.39398176992689127,0.05164044361966008,0.034973382386813946,-0.015507255814037125,6.564771945658181e-05,-0.6243319818944868,0.08147118508745213,0.2534564254766259,1.7559888189079482,-0.06770762171591703,1.5708777647226924,0.09497616630142307,1.376360231761882,7.455844121932272,-12.4955845435841,2.6638515418884707,0.33541920313297346,-0.013802294032730048
8.89,C：搬运至 T0 上方 · 执行,-6.232460426601472e-05,-1.0969956368067635e-05,2.6789892771938995e-05,-2.4035566817848242e-05,-1.9402142514834964e-06,-0.0004949383009703878,0.07781530572162779,0.2539841594584084,1.7563118244844471,-0.06783918379007585,1.570880506503218,0.08960808436154374,-0.353994427423076,0.05164710268024001,0.034973836270837125,-0.015519299085757433,5.3447616385584255e-05,-0.5643436490137747,0.07775298111736177,0.25397318950204034,1.756338614377219,-0.0678632193568937,1.5708785662889666,0.08911314606057336,1.3753750586683169,7.442050903937078,-12.49715091755524,2.666022263500052,0.3341684867123466,-0.012225583833341616
8.9,C：搬运至 T0 上方 · 执行,-6.0509174317366354e-05,-1.0714027388558645e-05,2.6848181815530836e-05,-2.435581230507411e-05,-1.636131436555388e-06,-0.00044492890710186306,0.0744952863215889,0.25450066755484324,1.7566615616646752,-0.06799446118556536,1.5708810039866763,0.08429505472682557,-0.3140071481405565,0.0516558213106,0.03497511292867662,-0.015534672896378889,4.7082398882969793e-05,-0.5043431220488737,0.07443477714727154,0.2544899535274547,1.7566884098464908,-0.06801881699787043,1.5708793678552397,0.0838501258197237,1.3744624871423061,7.428710018950601,-12.498543991505137,2.6679857804006333,0.333011537187098,-0.01065634921991282
8.92,C：搬运至 T0 上方 · 执行,-5.699646394181912e-05,-1.0270317475191693e-05,2.70149910723827e-05,-2.4715338699868306e-05,-1.803987259796358e-06,-0.0003349027937816218,0.06858243585869343,0.2556371047027307,1.757430944889094,-0.06833641646988806,1.5708829352883042,0.07471680450178966,-0.22908511323520991,0.05164089788520921,0.034963896065339166,-0.015528021557640456,0.0002061426600588713,-0.3729612889109846,0.06852543939475161,0.2556268343852555,1.7574579598801663,-0.06836113180858792,1.5708811313010445,0.07438190170800804,1.2202393617839502,7.465448405089584,-12.48711302175641,2.654593981482744,0.29923555149346714,-0.007110474263474196
8.93,C：搬运至 T0 上方 · 执行,-5.582720985849998e-05,-9.88054139011707e-06,2.7172396507291197e-05,-2.5130083251972968e-05,-3.4644808255546167e-06,-0.0002958155953842606,0.06687563389862283,0.2560501261450881,1.757710623857798,-0.0684604798375486,1.570885237034887,0.07193652188305559,-0.20136270960597963,0.05161949977609002,0.03495886253448804,-0.015490728469041835,0.0003490779330897175,-0.32819910328791707,0.06681980668876433,0.256040245603698,1.7577377962543053,-0.06848560992080058,1.5708817725540614,0.07164070628767133,1.141798805687697,7.4897777659881415,-12.480420533455616,2.646594984712363,0.2821560457478543,-0.006077061272768767
8.94,C：搬运至 T0 上方 · 执行,-5.398330146184904e-05,-9.202048755485581e-06,2.738514545774784e-05,-2.6061002073210493e-05,-6.940342968553281e-06,-0.00025005630023434977,0.0650409159469807,0.2565662116778678,1.7580602065781181,-0.06861514655970406,1.5708895144633028,0.0689450721612612,-0.16924013485486344,0.05160316422098102,0.034960027717976475,-0.015448400915203197,0.0004796058413217272,-0.27607464585778696,0.06498693264551886,0.2565570096291123,1.7580875917235759,-0.06864120756177727,1.5708825741203343,0.06869501586102685,1.0442166265325028,7.520659704913949,-12.471946392471818,2.6363423059204787,0.26081093216183954,-0.004913101489401192
8.95,C：搬运至 T0 上方 · 执行,-5.172395875512048e-05,-8.439256644121595e-06,2.7562240032974472e-05,-2.7299168119832018e-05,-1.1213763220219164e-05,-0.000208649558835039,0.06351205683893482,0.25708221291117084,1.7584098249528142,-0.06876950603463415,1.5708945894498283,0.06645020151128107,-0.1399100891606445,0.05160092033653308,0.03496466196635117,-0.01542885474321882,0.0005146217226581974,-0.22845852003685754,0.0634603328801797,0.2570737736545267,1.7584373871928471,-0.06879680520275398,1.570883375686608,0.06624155195244603,0.9469967997347886,7.551956495948705,-12.463341831200028,2.6258467704034185,0.23957930688781437,-0.003887977679372107
8.96,C：搬运至 T0 上方 · 执行,-4.915644969517852e-05,-7.721266217397549e-06,2.7695655673509734e-05,-2.8569045319212782e-05,-1.5291847544895987e-05,-0.0001710296483066337,0.062261163826989346,0.25759825895349747,1.758759487011413,-0.06892383380062121,1.570899469100438,0.06440634418540096,-0.11336858327579999,0.05161011154752954,0.03496834385284611,-0.015438650632564319,0.00045291490369566984,-0.18539863132814224,0.06221200737729417,0.2575905376872801,1.7587871826670864,-0.06895240284594042,1.5708841772528932,0.06423531453709433,0.8500095939112049,7.58345354617737,-12.454633292985257,2.6152229814529635,0.218525564676129,-0.0029761576912027774
8.982,C：搬运至 T0 上方 · 执行,-4.231929019972436e-05,-8.120549361168017e-06,2.8503621796627243e-05,-2.997575997867874e-05,-2.0570052277513184e-05,-0.00010082336513832224,0.060349552068824544,0.2587058143775181,1.7595280603976986,-0.06926474189390076,1.5709065107509612,0.061274893011514044,-0.064882070030058,0.04722016397351265,0.03480813716033654,-0.01556667382934928,0.0002033679258803387,-0.1065043997902381,0.06030723277862482,0.25869769382815694,1.7595565640194952,-0.06929471765387944,1.5708859406986837,0.06117406964637572,0.7170543871998838,7.347447089156746,-12.328595839776957,2.580698994029213,0.17244872901485284,-0.0010565209424868995
8.992,C：搬运至 T0 上方 · 执行,-3.816373433918052e-05,-9.01931499358577e-06,2.9160636519476313e-05,-2.9135019003964646e-05,-2.1218578791781795e-05,-7.49090930785637e-05,0.059799388714831384,0.25914475255705527,1.7598663728372002,-0.06942118027585219,1.5709079608437493,0.06037146620674115,-0.04735072771547274,0.04075679895393906,0.032614083816893576,-0.015715658071365424,9.565141897309885e-05,-0.0778086525086342,0.0597612249804922,0.2591357332420617,1.7598955334737196,-0.06945031529485615,1.5708867422649575,0.06029655711366259,0.6714949634983304,7.281557062666404,-12.363503234280893,2.5977199980573675,0.15208967389696304,-0.00021816945971238604
9.006,C：搬运至 T0 上方 · 执行,-2.5007147318886758e-05,-7.897733427797426e-06,3.2064806949172464e-05,-2.101639185800308e-05,-1.7031874954831494e-05,-2.5661721427157336e-05,0.05904867947164507,0.25985317842876265,1.76050111510057,-0.06983238469600844,1.5709058582122324,0.05913686635196577,-0.01471832333205081,0.013971431113727473,0.01409397153583423,-0.015325719783017496,-0.000287965624715832,-0.024263030305950214,0.05902367232432618,0.25984528069533486,1.7605331799075192,-0.06985340108786645,1.5708888263372776,0.059111204630538615,0.4622001543264351,7.4850921225175915,-12.576484491149929,2.6637035393917774,0.10071160449078084,0.00111951508005446
9.02,C：搬运至 T0 上方 · 执行,-2.405203327682237e-05,-7.360289988878055e-06,3.232196039681945e-05,-2.0275815413167697e-05,-1.623047903631658e-05,-2.299726719217493e-05,0.05902186633745928,0.25987849900546744,1.7605267159672657,-0.0698621451727689,1.57090521712956,0.059092644365356946,-0.012969244707524693,0.012223515891370534,0.012369626136680524,-0.014731108304184047,-0.00033150701490350555,-0.021406239116813306,0.05899781430418246,0.25987113871547857,1.7605590379276626,-0.06988242098818206,1.5708889866505238,0.05906964709816477,0.43657153881460625,7.51733038646365,-12.578877852948393,2.664133499972092,0.09680468163276455,0.0011478177016724747
9.03,C：搬运至 T0 上方 · 执行,-1.993040461871487e-05,-4.517512257662393e-06,3.28382880476763e-05,-1.8229395030516793e-05,-1.109616355443599e-05,-1.1815018201341565e-05,0.05893333916346247,0.2599600617730751,1.7606106051849526,-0.0699810142350667,1.570900884380402,0.05894581034707168,-0.005892326428165244,0.0052516836332586695,0.005559581362537848,-0.008879734112853106,-0.0004991487182978777,-0.009853988423098,0.05891340875884375,0.25995554426081746,1.7606434434730003,-0.06999924363009721,1.5708897882168475,0.05893399532887034,0.30813520520897864,7.678654277801205,-12.592273032893473,2.665939314416603,0.07739150449914045,0.0012296532809266687
9.04,C：搬运至 T0 上方 · 执行,-1.6803246728425147e-05,-1.9885527712260043e-06,3.158527636770714e-05,-2.094206509735408e-05,-5.076400072967502e-06,-4.309185688708417e-06,0.05890008074463999,0.2599876640745207,1.760641989457566,-0.07002671944635563,1.5708956661831446,0.05888987927377523,-0.0016367263111889824,0.0011297651378717522,0.0015443396534455787,-0.0016511188421973904,-0.0005183330314271767,-0.0027562600622169312,0.058883277497911564,0.25998567552174945,1.7606735747339337,-0.07004766151145299,1.5708905897830716,0.05888557008808652,0.1478709107206226,7.80130975977501,-12.485611693117981,2.5915972701070933,0.05752864803680517,0.000670818922752093
9.05,C：搬运至 T0 上方 · 执行,-1.4435622934169667e-05,6.65422759671408e-08,2.9590345408836427e-05,-2.815417603256598e-05,3.746664380965825e-07,-9.269399458833316e-07,0.05889385722712966,0.2599894648731896,1.7606478402822405,-0.0700257043074641,1.5708908602999523,0.05888030005598872,-0.00020224907089304222,-0.00018845417923821778,0.0001906707815516836,0.0008288977538312837,-0.0005173436010909288,-0.0001538427713138685,0.058879421604195493,0.25998953141546555,1.7606774306276494,-0.07005385848349667,1.5708912349663904,0.058879373116042834,-0.005195320758153301,7.9134801804610015,-12.375238004817298,2.5156331208435665,0.03878019391492835,-8.780366605514637e-06
9.28,C：垂直放下 · 执行,-6.170536489234768e-06,5.756746040752603e-06,2.4752035672204187e-06,-1.0725740090825053e-05,-3.4328736073785393e-06,-1.9120467523864315e-07,0.058881412125275645,0.26000134408010683,1.760651464923544,-0.07003167443930959,1.5708952722995528,0.05887922744253409,-1.0199891458561168e-05,2.983486327991981e-05,3.4887341015068905e-05,-0.00013341049895000006,1.2306613566779809e-05,-4.790934152020229e-06,0.05887524158878641,0.2600071008261476,1.7606539401271113,-0.07004240017940042,1.5708918394259455,0.05887903623785885,-0.0029832693300317725,7.914382187361446,-12.387671611304896,2.5190289909936725,0.03808296906100236,-2.597761617023249e-06
9.29,C：垂直放下 · 执行,-5.877727727227056e-06,5.400139549471827e-06,3.930212558289625e-06,-7.857278889009112e-06,-3.5738021173514767e-06,-3.9656812132748964e-08,0.05888111931909096,0.2600018044287966,1.760652337809201,-0.07003231897867505,1.5708954132275368,0.05887907588037863,-5.0386043082231916e-05,0.00010697876434816258,0.0004562837461662888,0.0002691011145150516,1.2370235882457962e-05,-3.192543964639066e-05,0.05887524159136373,0.2600072045683461,1.7606562680217592,-0.07004017625756406,1.5708918394254194,0.058879036223566494,-0.0026447986344704704,7.86864198199674,-12.32215908207795,2.5074564832933457,0.0378759933176381,8.055876155987227e-06
9.3,C：垂直放下 · 执行,-5.269825248087334e-06,3.870000951922137e-06,7.53069132541917e-06,-3.941419353475917e-06,-3.4734045830653315e-06,3.855405449199045e-07,0.05888051144298518,0.2600044142908951,1.7606725576799391,-0.07001349657202852,1.5708953128246206,0.05887865053677041,-6.831589622224152e-05,0.00041033020486659383,0.003713129716475538,0.0036189604986154324,-2.8573633979446227e-05,-4.3096780879040414e-05,0.05887524161773709,0.260008284291847,1.7606800883712646,-0.07001743799138199,1.5708918394200375,0.05887903607731533,-0.002532247183746843,7.81299416583053,-12.246504444062142,2.4931224028656334,0.037682875769892425,2.4762373457591055e-05
9.312,C：垂直放下 · 执行,-4.278305941643468e-06,6.323773288352541e-08,1.15225227346194e-05,-3.6107380802230526e-06,-2.929469464785228e-06,6.764707103854017e-07,0.058879520026517446,0.26001251496046324,1.7607614411707735,-0.06992525503915635,1.5708947688685158,0.05887835903632192,-9.664626194866069e-05,0.0009133902507538322,0.011054974344539361,0.011008098256614323,-5.417630704582321e-05,-5.6110646689439256e-06,0.0588752417205758,0.2600125781981961,1.760772963693508,-0.06992886577723657,1.570891839399051,0.05887903550703231,-0.0023049111179426233,7.7494273191490946,-12.16256774577714,2.4761198847067396,0.03749633088430656,3.107016989906835e-05
9.322,C：垂直放下 · 执行,-3.1645353991902048e-06,-4.188406608929274e-06,1.4232552929094311e-05,-7.24539059338003e-06,-2.36099082129293e-06,5.888109811391651e-07,0.05887840643218283,0.2600242466675758,1.7609178430819272,-0.069770004274703,1.570894200353914,0.05887844571890601,-0.00012239307318958812,0.0013927401487703853,0.01970990188595181,0.019506998920938004,-5.852514134609269e-05,1.7581822383568006e-05,0.05887524189678364,0.26002005826096686,1.7609320756348563,-0.06977724966529639,1.5708918393630926,0.05887903452988715,-0.0020153003885330237,7.6999855853431525,-12.097214179875825,2.462428160172458,0.03735603595852995,2.66280764688307e-05
9.332,C：垂直放下 · 执行,-1.8579684006592156e-06,-8.742731039790286e-06,1.6810690764978986e-05,-1.29924621899008e-05,-1.734236436901071e-06,3.6635884000796315e-07,0.05887710015022797,0.26004105996664273,1.7611725996058252,-0.06951920702100427,1.5708935735413605,0.0588786665903623,-0.00013459269084950938,0.0019262297519721486,0.030493107959817384,0.029905101939767035,-6.773332451688636e-05,2.416853752000179e-05,0.05887524218182731,0.26003231723560294,1.7611894102965902,-0.06953219948319417,1.5708918393049236,0.058879032949202305,-0.001810209022402788,7.6545485758703,-12.0362868773338,2.44956326100246,0.037239002241295165,1.9417416459609247e-05
9.342,C：垂直放下 · 执行,-5.375015969949493e-07,-1.311793095204461e-05,1.9581954366687526e-05,-1.9323839065277237e-05,-9.554602109496102e-07,1.269539691220456e-07,0.05887578010055074,0.26006356557256116,1.7615463020465882,-0.06915456966919478,1.5708927946800118,0.0588789036820954,-0.00012702296591120325,0.0025265277154686754,0.043281601562278,0.042083235292232596,-8.738834956819962e-05,2.2794520167652145e-05,0.05887524259895374,0.2600504476416091,1.761565884000955,-0.06917389350826006,1.5708918392198008,0.05887903063606452,-0.0018172535429494766,7.612567047885387,-11.979044240760246,2.4375428175012024,0.03715557008021559,1.209895518245483e-05
9.352,C：垂直放下 · 执行,6.131949151846894e-07,-1.7024615802163634e-05,2.2580892488521798e-05,-2.5110896452615328e-05,3.7413883324788344e-08,-7.802547528218406e-08,0.058874629974955954,0.2600924871240925,1.762058400574183,-0.06865875109701972,1.5708918016894111,0.05887910549556815,-0.00010339901515907239,0.0032024265433758534,0.05796304610860764,0.05595705243951469,-0.00010816864921218065,1.7981978854740044e-05,0.05887524316987114,0.26007546250829033,1.7620809814666716,-0.06868386199347233,1.5708918391032944,0.05887902747009287,-0.002077182903893025,7.57390851875833,-11.925632143455571,2.4264286111464313,0.03710608014635697,5.712232153149874e-06
9.382,C：垂直放下 · 执行,2.2835763235015683e-06,-2.479207452299459e-05,3.069549511414138e-05,-3.388395688885826e-05,3.084618372506398e-06,-3.926405849480341e-07,0.058872962423682645,0.2602251369938936,1.7646010808607278,-0.06622431879171727,1.570888753907375,0.05887940441642459,-1.3914706445276405e-05,0.005653587484936841,0.11207844230767389,0.10680876971635556,-6.286349260045213e-05,4.194325486602086e-06,0.05887524600000615,0.2602003449193706,1.764631776355842,-0.06625820274860612,1.5708918385257475,0.058879011775839644,-0.003830281540267623,7.477274407258547,-11.790757194061811,2.398837855876981,0.03697189689235367,-7.362587063253303e-06
9.392,C：垂直放下 · 执行,2.303295504366143e-06,-2.5956972894036756e-05,3.2298124837515374e-05,-3.3240547851975943e-05,3.42957040699865e-06,-4.2244371398214575e-07,0.05887294407794921,0.26028671693557626,1.7658359305080642,-0.06504904785948462,1.5708884086750603,0.05887942660323285,7.2950328000374465e-06,0.006575753219954615,0.1330029644040086,0.12647508854877912,-1.007126961300414e-05,9.753674123048285e-07,0.05887524737345358,0.2602607599626822,1.7658682286329017,-0.0650822884073366,1.5708918382454673,0.05887900415951887,-0.0045125178439658405,7.450889937936407,-11.754038934778324,2.3914951527258714,0.03685986397625424,-1.040863960439751e-05
9.403,C：垂直放下 · 执行,1.5323481834250696e-06,-2.571082205715669e-05,3.262424416239362e-05,-2.160179293297232e-05,1.6302358272213269e-06,-3.407218849144078e-07,0.058873720190364305,0.260509529264957,1.770477809951464,-0.060642001690550985,1.5708902069555906,0.05887931623890304,4.158032975197657e-05,0.009245291016227945,0.197570891494794,0.18748054812450368,0.00011804885741337345,-7.9238004294157e-06,0.05887525253854773,0.26048381844289986,1.7705104341956264,-0.06066360348348396,1.5708918371914178,0.05887897551701812,-0.006133710855019896,7.3907824626762,-11.672390114500189,2.375708049083125,0.03633885104439154,-1.5280637334079253e-05
9.422,C：垂直放下 · 执行,1.447939612340965e-06,-2.552001134947801e-05,3.242519159885049e-05,-2.0260025250781744e-05,1.3872907558276637e-06,-3.2600786920716773e-07,0.058873805047148425,0.26052830135723737,1.7708802928545624,-0.06026006261554312,1.5708904498091942,0.05887929903937031,4.279095019424759e-05,0.009432788289082297,0.2024647947660599,0.19213245720277347,0.00012244507280158184,-8.476539625473874e-06,0.058875252986760766,0.2605027813458879,1.7709127180461612,-0.0602803226407939,1.57089183709995,0.0588789730315011,-0.006215474527473709,7.387223456450448,-11.667737676611836,2.374847395392478,0.03629633494478641,-1.5406113219093207e-05
9.432,C：垂直放下 · 执行,9.99219911493321e-07,-2.428335302390172e-05,3.107394926038509e-05,-1.2697676194280139e-05,9.471551654094412e-08,-2.3856432820879014e-07,0.05887425617491162,0.2606276914478487,1.7730414672250654,-0.05820864405200545,1.5708917418930128,0.058879198242186084,4.6519738882793714e-05,0.010346111407579392,0.227394354582694,0.21590717478171131,0.00013150684061010354,-1.076183240482634e-05,0.05887525539482311,0.2606034080948248,1.7730725411743258,-0.05822134172819973,1.5708918366085294,0.058878959677857876,-0.006543119808873892,7.370421950621785,-11.64617823572337,2.3709343152945412,0.03608845987693935,-1.5641369056997014e-05
9.444,C：垂直放下 · 执行,3.5653475371349996e-07,-2.190239784410908e-05,2.8390142561063314e-05,-1.9956877582438803e-07,-1.6338103583368735e-06,-9.228965933832933e-08,0.05887490271182428,0.260781510164143,1.7764937028660317,-0.05492813464048619,1.570893469632845,0.058879030608060545,4.473465840704716e-05,0.01151865971738654,0.2633965624381275,0.25049781290733353,0.00011091681691845775,-1.2128236556029732e-05,0.05887525924657799,0.2607596077662989,1.7765220930085928,-0.05492833420926201,1.5708918358224866,0.05887893831840121,-0.0066464527856009694,7.350122020574186,-11.621746740090563,2.3667257271540167,0.03584221737449292,-1.5157322503152063e-05
9.454,C：垂直放下 · 执行,2.1158328547543626e-08,-2.029616519211297e-05,2.6601537711501422e-05,7.612189329639363e-06,-2.4142597567777813e-06,-6.724494572285522e-09,0.05887524054824619,0.26087635070382587,1.778695330650778,-0.05283277410419104,1.57089424958022,0.05887893140128675,4.007748352551872e-05,0.012106623932224898,0.2844266824237026,0.27086014296650857,8.582780524930742e-05,-1.1927666569098159e-05,0.058875261706574734,0.26085605453863375,1.7787219321884895,-0.0528251619148614,1.5708918353204633,0.05887892467679218,-0.0064782750399907645,7.33995628793456,-11.610495812598021,2.3649164159700917,0.03573837652926945,-1.4621058468603617e-05
9.464,C：垂直放下 · 执行,-3.2853934712334665e-07,-1.8138081795127103e-05,2.4278641330255368e-05,1.770912375412964e-05,-3.063997064289836e-06,9.194539161289095e-08,0.05887559359207307,0.2610009511057921,1.7816858371576558,-0.04998174531683896,1.5708948986346585,0.058878814175750374,3.10849889773837e-05,0.012728534818002714,0.31106454223315894,0.29683487358775895,4.678197750570694e-05,-1.0826978195125996e-05,0.058875265052725945,0.26098281302399695,1.781710115798986,-0.04996403619308483,1.5708918346375942,0.05887890612114199,-0.005994854641187039,7.328511798361545,-11.599006264105654,2.3632144383932205,0.03565378371642759,-1.3804231001699896e-05
9.474,C：垂直放下 · 执行,-5.734139640403701e-07,-1.59124420713308e-05,2.2026747443781858e-05,2.7849824623997488e-05,-3.304919663049688e-06,1.736647275707437e-07,0.05887584211907853,0.2611309421354829,1.7849443570997225,-0.04686816144311653,1.5708951388118895,0.05887871220259117,1.9621466357318364e-05,0.013194750162194758,0.3379818120619009,0.3233064975967036,5.3332405212215135e-06,-9.003437796724371e-06,0.05887526870511449,0.26111502969341155,1.7849663838471663,-0.04684031161849253,1.5708918338922264,0.05887888586731874,-0.0051783420350177845,7.318257675484404,-11.5901823234814,2.3620852776419206,0.03562003392132478,-1.2853687836328904e-05
9.488,C：垂直放下 · 执行,-7.09199187078069e-07,-1.2881508622442084e-05,1.9306394289708706e-05,4.1544251951131095e-05,-2.9858109402702837e-06,2.5033236839694384e-07,0.05887598353995646,0.26131859072205343,1.7899604167331185,-0.04205970037005939,1.5708948185530522,0.05887860428324777,1.9592649284747534e-06,0.013519016837014442,0.3759136390724596,0.36103207887241606,-4.535998975476669e-05,-5.9123062943428835e-06,0.05887527434076938,0.261305709213431,1.7899797231274082,-0.04201815611810826,1.570891832742112,0.058878854615616164,-0.0033470481935176217,7.305773729553157,-11.582603135345067,2.36154936552416,0.035649662673950054,-1.0815418400852663e-05
9.498,C：垂直放下 · 执行,-6.572469797919145e-07,-1.0908374581841684e-05,1.786402292736078e-05,5.064963091463287e-05,-2.3875275629858805e-06,2.7671626881553557e-07,0.058875935990236855,0.26145369832356974,1.793868745609791,-0.03829939389873284,1.5708942193712152,0.05887855348604063,-9.899227398920904e-06,0.013465042144898952,0.4030311532997297,0.38833776221583555,-7.036804734275888e-05,-3.7527776292546625e-06,0.05887527874325706,0.2614427899489879,1.7938866096327184,-0.038248744267818206,1.5708918318436522,0.05887883020230945,-0.001584227207641024,7.2977180725734465,-11.57985161516987,2.3617560255452763,0.03571023602966477,-8.760125409490761e-06
9.508,C：垂直放下 · 执行,-4.962150313772562e-07,-9.1888686216679e-06,1.6961947821192425e-05,5.9016633551206565e-05,-1.604754686024279e-06,2.818403314966411e-07,0.0588757796769051,0.2615867434380186,1.7980477499404426,-0.034264845471195966,1.5708934356353565,0.05887852219567424,-1.976427871427615e-05,0.013128804588198532,0.43004280963766695,0.41584792415917815,-8.33696202004899e-05,-1.9692400041893906e-06,0.05887528346187372,0.2615775545693969,1.7980647118882638,-0.03420582883764476,1.5708918308806705,0.05887880403600574,0.0005866813828352714,7.290582983344837,-11.57972491467315,2.3625525076790606,0.03579110404847157,-5.927166262797478e-06
9.518,C：垂直放下 · 执行,-2.519230883624157e-07,-7.786017204025608e-06,1.6676739875931545e-05,6.656535614822309e-05,-7.591386510519271e-07,2.701357583526076e-07,0.05887554042027653,0.26171470128058916,1.8024957883437636,-0.0299544522336202,1.5708925889916987,0.058878505977802906,-2.669195258491928e-05,0.012473952256622125,0.4568432901783574,0.4434821423843918,-8.424669512443855e-05,-6.334134339900496e-07,0.05887528849718817,0.26170691526338513,1.8025124650836395,-0.029887886877471976,1.5708918298530476,0.05887877611356126,0.0030354329957660575,7.284301012525079,-11.581696158233257,2.363805224800222,0.03587858951947746,-2.667917829274988e-06
9.528,C：垂直放下 · 执行,4.354288382635296e-08,-6.7424969896756615e-06,1.703881728820633e-05,7.326599194583394e-05,3.468070808310131e-08,2.4559827827702607e-07,0.058875250305869674,0.2618342045551406,1.8072102072196974,-0.02536739754816287,1.5708917940801657,0.0588785008391876,-3.0248604848433423e-05,0.011467843833428264,0.48333353666102896,0.4711624494028657,-7.442274126059743e-05,2.911957395655499e-07,0.0588752938487535,0.26182746205815094,1.8072272460369856,-0.025294131556217035,1.5708918287608737,0.05887874643746588,0.00569447828611581,7.2789773961612285,-11.585702109762304,2.365489244278878,0.03596195536642329,8.836308367706348e-07
9.538,C：垂直放下 · 执行,3.5628641327500876e-07,-6.076145939781785e-06,1.8042246468175094e-05,7.914108397491862e-05,6.833551395857285e-07,2.1241463461080246e-07,0.058874943228719404,0.2619415772358494,1.812187378127972,-0.020503644339168958,1.5708911442493014,0.0588785026010667,-3.0443986717630433e-05,0.0100813675524668,0.5094186531713686,0.49881220435624063,-5.6548238939117415e-05,7.88448196027662e-07,0.05887529951513268,0.2619355010899096,1.8122054203744402,-0.02042450325519404,1.570891827604441,0.05887871501570131,0.008502341702812905,7.27473305265612,-11.591691848354017,2.367587023305731,0.03603332978433721,4.6272949680702945e-06
9.548,C：垂直放下 · 执行,6.544681111358974e-07,-5.7796756950390105e-06,1.964826554679e-05,8.42568247463385e-05,1.1246483220261894e-06,1.7463214076196554e-07,0.05887465102581259,0.2620328725511893,1.8174227414446027,-0.015363917486752976,1.5708907017359144,0.058878507229459046,-2.768726312490691e-05,0.008289153279643833,0.5350077950436919,0.5263563501247444,-3.3957165418604365e-05,9.003044883162666e-07,0.058875305493923724,0.26202709287549425,1.8174423897101495,-0.015279660662006637,1.5708918263842364,0.05887868186159981,0.011420440757804639,7.271957602132653,-11.599969085162474,2.370164638080113,0.0360895438524028,8.474758577285528e-06
9.558,C：垂直放下 · 执行,9.113622682563327e-07,-5.822462232019099e-06,2.17932248347541e-05,8.871575439292623e-05,1.3317842455506934e-06,1.3547630481336448e-07,0.058874400419517345,0.26210391304619024,1.8229108456014147,-0.009949687618834389,1.5708904933166952,0.058878511517397404,-2.2527608799280895e-05,0.006069962157945313,0.5600120884856926,0.5537196902204178,-1.0331429447668034e-05,7.705723296149335e-07,0.0588753117817856,0.2620980905839582,1.8229326388262495,-0.009860971864441462,1.5708918251009407,0.05887864699370222,0.014375321125843226,7.2705599552468145,-11.610109829467763,2.373133920976996,0.03612877869975956,1.2272172100026205e-05
9.568,C：垂直放下 · 执行,1.1077040127926985e-06,-6.154455977347428e-06,2.4391029086245908e-05,9.264307676839448e-05,1.3119910651226974e-06,9.714978141395214e-08,0.0588742106704507,0.2621503327641531,1.828645391823773,-0.004263148521129231,1.5708905117643541,0.05887851328583521,-1.5800568547818604e-05,0.0034069431349990687,0.584349412698083,0.5808315404599605,1.115191168901413e-05,4.657172214026977e-07,0.05887531837446349,0.26214417830817577,1.8286697828528593,-0.004170505444360837,1.5708918237554192,0.058878610435616624,0.017329414773750614,7.270678718650877,-11.622085689092325,2.376490618067707,0.03615352942225434,1.5921009143811222e-05
9.578,C：垂直放下 · 执行,1.2329749183859207e-06,-6.7106597629318365e-06,2.7338876790627964e-05,9.617629825937174e-05,1.1004883435639101e-06,6.097936350313304e-08,0.05887409229189601,0.2621676199962084,1.8346192755712913,0.0016928021301447088,1.5708907218603763,0.058878511236513095,-8.446256132208184e-06,0.00028741250281094985,0.6079413612996706,0.6076226553158042,2.811653123473753e-05,3.118360773889728e-08,0.058875325266814396,0.2621609093364455,1.834646614448082,0.0017889784284040805,1.5708918223487198,0.0588785722158766,0.02025290370094982,7.2724522904096105,-11.635866231467862,2.380232534131022,0.036168605940152795,1.9318847156515172e-05
9.588000000000001,C：垂直放下 · 执行,1.2854427576813876e-06,-7.416403081661471e-06,3.052471287579017e-05,9.945733279074359e-05,7.516361217874135e-07,2.7615552573856395e-08,0.05887404701007503,0.26215116082717077,1.840824626265114,0.0079145795693696,1.570891069245944,0.05887850475224704,-1.3762700775700153e-06,-0.00329703866293583,0.6307132893271815,0.6340251787805262,3.9178046320951445e-05,-4.97968197256606e-07,0.05887533245283271,0.2621437444240891,1.8408551509779898,0.008014036902160343,1.5708918208820657,0.058878532367799614,0.023113969632712134,7.276323761811612,-11.651693054210316,2.3844226296057878,0.03618121484335083,2.227181556425884e-05
9.598,C：垂直放下 · 执行,1.2706838760090378e-06,-8.194252787419032e-06,3.383586089200641e-05,0.00010262680967571686,3.29462279680115e-07,-3.0335524578428696e-09,0.05887406924179959,0.2620962843178427,1.8472528458357305,0.014397926539784537,1.5708914898945723,0.058878493962897904,4.945153564244208e-06,-0.0073497091882238534,0.6525934413021487,0.6599717670508708,4.356093664697774e-05,-8.870521222018078e-07,0.0588753399256756,0.2620880900650553,1.8472866816966225,0.014500553349460253,1.570891819356852,0.058878490929345446,0.025890930124405943,7.282113600029386,-11.669206666826835,2.3889923183336768,0.03619694968271881,2.471742931983941e-05
9.608,C：垂直放下 · 执行,1.2000600457875987e-06,-8.969539443626218e-06,3.7163177468713116e-05,0.00010581547792222479,-1.0247945203545328e-07,-3.120973726677967e-08,0.05887414761764281,0.2619983063029643,1.8538946517485086,0.02113793079528606,1.5708919202540896,0.05887847915271182,9.955287528786127e-06,-0.011870070127134499,0.6735156682082555,0.6853980429517038,4.1825521306718984e-05,-1.2445248724119802e-06,0.058875347677688594,0.26198933676352065,1.8539318149259774,0.021243746273208283,1.5708918177746376,0.05887844794297455,0.028568225911021254,7.289924631995588,-11.688355755668137,2.3939392625551705,0.03622167285301287,2.658510101468334e-05
9.618,C：垂直放下 · 执行,1.0887813941332092e-06,-9.674932567982353e-06,4.040621241574449e-05,0.0001091384402009711,-4.896701049084129e-07,-5.690241995648382e-08,0.05887426691903694,0.26185257223805863,1.86074011902359,0.02812903977256711,1.5708923058072486,0.0588784603579265,1.3287964345528597e-05,-0.01685343397647692,0.6934177577022319,0.7102407051355809,3.529501251350757e-05,-1.679386803093245e-06,0.05887535570043107,0.26184289730549065,1.8607805252360057,0.02823817821276808,1.5708918161371437,0.058878403455506545,0.031132065742512396,7.2998445411071105,-11.709075650835345,2.3992597190659586,0.036259878403605304,2.7827323534900073e-05
9.628,C：垂直放下 · 执行,9.5372927231413e-07,-1.0254238374585167e-05,4.347815006378042e-05,0.00011269104200907487,-7.925009668507954e-07,-7.97392840229394e-08,0.05887441025542957,0.26165449926877704,1.86777872247454,0.03536507360806045,1.570892606947213,0.058878437257262335,1.4786389100358537e-05,-0.02229103416779874,0.7122415984959511,0.7344375089026407,2.575500891361777e-05,-2.2737292699133384e-06,0.05887536398470188,0.26164424503040246,1.8678222006246037,0.03547776465006953,1.5708918144462463,0.05887835751797831,0.033543179046259405,7.31228862457745,-11.731488787653552,2.4050011698110594,0.03631524736044702,2.828652252542637e-05
9.638,C：垂直放下 · 执行,8.107520401978707e-07,-1.0666975634954223e-05,4.630932757931916e-05,0.00011654501816315416,-9.882818248208025e-07,-9.957446769903733e-08,0.05887456176852445,0.2613996190783602,1.8749993803700264,0.04283923789755257,1.5708928009857952,0.058878409759970426,1.494834002835791e-05,-0.028168795973934735,0.7299334701449032,0.7579275769421493,1.452199418138978e-05,-2.6897355542707095e-06,0.05887537252056465,0.2613889521027252,1.8750456896976058,0.04295578291571572,1.5708918127039704,0.05887831018550273,0.03580255673450795,7.326958562911797,-11.75526809094695,2.411097614051006,0.03638806218843835,2.801763677462538e-05
9.648,C：垂直放下 · 执行,6.735142978817055e-07,-1.0888726557078954e-05,4.884862201026685e-05,0.00012074501499435841,-1.0719465299846576e-06,-1.1595648724549434e-07,0.05887470778307552,0.2610836165101201,1.8823905002267702,0.05054413608009558,1.5708928828590178,0.05887837747361405,1.3911020423757554e-05,-0.03446996291908292,0.7464444427519934,0.7806512527356785,3.4798528390463865e-06,-3.144142496122805e-06,0.0588753812973734,0.261072727783563,1.8824393488487805,0.05066488109508994,1.5708918109124879,0.05887826151712681,0.03789542739085739,7.3438861868566985,-11.780308251123724,2.4175369936277002,0.03647750762388659,2.704075799735571e-05
9.658,C：垂直放下 · 执行,5.526878356643117e-07,-1.0910344340142597e-05,5.10647333444858e-05,0.00012530748999262792,-1.0540716801621386e-06,-1.2800965580594958e-07,0.05887483761596267,0.26070236704659455,1.8899400247064722,0.058471779444469886,1.5708928631457888,0.05887833958534611,1.1891019465545529e-05,-0.04117409639036112,0.7617300316434851,0.8025495876998752,-5.811653136433358e-06,-3.7889578652100917e-06,0.05887539030379833,0.2606914567022544,1.8899910894398166,0.058597086934462514,1.5708918090741086,0.0588782115756903,0.03980572413170299,7.363089363189297,-11.806489444766978,2.424304160403415,0.036581389778463466,2.5389600312950327e-05
9.668,C：垂直放下 · 执行,4.554147098462247e-07,-1.0736645055520189e-05,5.294648217835096e-05,0.00013022102647786138,-9.567830703272051e-07,-1.346922157835495e-07,0.05887494411314086,0.26025197377303216,1.89763547849815,0.06661359572062042,1.5708927639743477,0.05887829511989958,9.146635739967626e-06,-0.048257142766154316,0.7757503627624627,0.8235642762159768,-1.2276886323392821e-05,-4.6956767762567656e-06,0.05887539952785071,0.26024123712797664,1.8976884249803283,0.06674381674709828,1.5708918071912774,0.0588781604276838,0.041476479126609136,7.384933781886173,-11.833796384831711,2.4314240439035975,0.036697459014436044,2.2961581397851235e-05
9.678,C：垂直放下 · 执行,3.843587220997424e-07,-1.0386989457045193e-05,5.450016419650261e-05,0.00013544553343361465,-8.075487336611786e-07,-1.3590140716945864e-07,0.05887502459818686,0.2597288062308022,1.9054640181436406,0.0749604387859294,1.5708926128153033,0.058878244044514555,6.537746317184911e-06,-0.055689677696933886,0.788471523321395,0.8436391804370388,-1.6184981088907475e-05,-5.309972181408096e-06,0.05887540895690896,0.25971841924134514,1.9055185183078371,0.07509588431936301,1.5708918052665697,0.058878108143107385,0.0429169743953563,7.409034606398483,-11.861942501136676,2.4388258398822313,0.036822029480379,1.9833849634971595e-05
9.688,C：垂直放下 · 执行,3.3879217526538996e-07,-9.890993898364897e-06,5.574813701847425e-05,0.00014091584562868353,-6.351359176370863e-07,-1.317617353488454e-07,0.058875079785568704,0.25912953439991476,1.9134124806307522,0.08350259397120209,1.5708924384386005,0.05887818655706431,4.176159202156595e-06,-0.06344053613425318,0.7998635240818511,0.8627173233383219,-1.734069597601812e-05,-5.871623689285773e-06,0.05887541857774397,0.2591196434060164,1.9134682287677707,0.08364350981683077,1.5708918033026829,0.05887805479532896,0.044108140369971516,7.435376357639508,-11.890777286043598,2.4464846429649127,0.03695187736455573,1.6035738267170204e-05
9.698,C：垂直放下 · 执行,3.1564346050089176e-07,-9.28458217214212e-06,5.672695444380871e-05,0.0001465469468541064,-4.6579774526378515e-07,-1.2240774859006986e-07,0.05887511273308409,0.25845116302246074,1.9214674324390129,0.09222978174353663,1.5708922671001813,0.058878122868690964,2.113407182456251e-06,-0.07147506440313672,0.8099012341004923,0.8807419534555044,-1.595972865429845e-05,-6.532223624966466e-06,0.05887542837654459,0.2584418784402886,1.9215241593934567,0.09237632869039074,1.570891801302436,0.058878000460942374,0.045030281569134724,7.46393923304281,-11.920142912808014,2.45437342490923,0.037084268663329756,1.1585651911473106e-05
9.71,C：垂直放下 · 执行,3.1290280410462e-07,-8.456922462429795e-06,5.762125645936145e-05,0.0001533850785474522,-2.9755218644567094e-07,-1.0428073683732553e-07,0.058875127446948665,0.25752902795023824,1.931254696126656,0.10293133775163517,1.5708920964104645,0.05887803835048733,1.7426198463488068e-07,-0.08143744966626693,0.8201308700813323,0.9009015792213211,-1.1946648766709495e-05,-7.086313124729296e-06,0.05887544034975277,0.2575205710277758,1.9313123173831153,0.10308472283018262,1.570891798858278,0.05887793406975049,0.04570096687891897,7.5015434361869815,-11.955878895180817,2.464148621024966,0.037244428303464035,5.26122216677459e-06
9.72,C：垂直放下 · 执行,3.186664567084163e-07,-7.745626324606736e-06,5.8180993901535416e-05,0.00015900100321368515,-1.9200005829667077e-07,-8.862568697670659e-08,0.05887513182230894,0.256667959756142,1.9394956314002327,0.1120266665853904,1.5708919887885653,0.05887796647507071,-1.706201016199835e-07,-0.08995553195330064,0.8271283682099821,0.9164161048897113,-8.519673022281598e-06,-7.458013027571644e-06,0.05887545048876565,0.2566602141298174,1.9395538123941343,0.11218566758860408,1.570891796788507,0.05887787784938373,0.04597374638372517,7.534951248188029,-11.985832592793624,2.472474510649638,0.03737818270867415,-5.098564764895504e-07
9.73,C：垂直放下 · 执行,3.275685399942163e-07,-7.05935354966547e-06,5.863519057536237e-05,0.00016442629716251211,-1.2548551864277613e-07,-6.87460202167256e-08,0.058875133189440425,0.25572082392599366,1.947798838871309,0.12127043371980771,1.5708919201776395,0.0588778896533046,-3.984541210406151e-07,-0.09862858138835229,0.8327244303642716,0.9307040719402352,-4.3949507352637355e-06,-7.88827359709791e-06,0.05887546075798042,0.255713764572444,1.9478574740618844,0.12143486001697022,1.5708917946921208,0.058877820907284384,0.046018916250965984,7.570165390542479,-12.015749308915511,2.480958006775338,0.03751078960104106,-6.320852450480906e-06
9.74,C：垂直放下 · 执行,3.3727731636040703e-07,-6.433324963528442e-06,5.904532995804068e-05,0.000169562631492981,-9.919486521070553e-08,-4.825480404840876e-08,0.05887513386420298,0.25468629987343716,1.9561502765213181,0.13065011417657374,1.5708918917672252,0.05887781158630433,-6.236570236506899e-07,-0.10741573966415081,0.836913649223406,0.9437174018537182,-1.7478547752465048e-07,-8.180295298136185e-06,0.058875471141519344,0.25467986654847363,1.9562093218512762,0.13081967680806672,1.57089179257236,0.05887776333150028,0.04583980611398562,7.607273760630217,-12.045405750027939,2.4896118715229605,0.0376424549654298,-1.1968176786368339e-05
9.75,C：垂直放下 · 执行,3.4466877325833867e-07,-5.901656948803513e-06,5.946268237200236e-05,0.00017431353660204985,-1.0642123005055737e-07,-2.969904817906599e-08,0.058875136954373075,0.2535634812831,1.9645358811239422,0.14015273435377418,1.5708918968537688,0.05887773491111249,-2.459031200689199e-07,-0.11627426957171509,0.8396977164180845,0.9554154520536398,2.7168939845692006e-06,-7.964509694898245e-06,0.058875481623146333,0.2535575796261512,1.9645953438063142,0.14032704789037623,1.5708917904325388,0.05887770521206431,0.04549247255616038,7.645794601636876,-12.074676605718004,2.4983798192529707,0.037773765427016916,-1.731597708315474e-05
9.76,C：垂直放下 · 执行,3.4739862178612135e-07,-5.492797259920579e-06,5.992969278123539e-05,0.00017859401861070046,-1.365788353524522e-07,-1.4080719298870115e-08,0.05887514478770091,0.2523518726013953,1.9729416072492316,0.14976490174141505,1.5708919248548685,0.05887766072140447,3.709049962782185e-07,-0.12516374607032116,0.8410794372230609,0.9657566712118634,4.387542740594383e-06,-7.572236101600361e-06,0.058875492186322695,0.2523463798041354,1.9730015369420129,0.14994349576002575,1.5708917882760332,0.05887764664068517,0.045003225559679345,7.685583235477941,-12.103406812419466,2.507242683374752,0.03790528320985975,-2.214159058820777e-05
9.77,C：垂直放下 · 执行,3.444498809998531e-07,-5.22719476592215e-06,6.048067499375698e-05,0.0001823381920644518,-1.7828230025607184e-07,-2.534786873453765e-09,0.05887515836438246,0.25105138776125113,1.9813534669613353,0.15947283662067044,1.5708919643885688,0.05887759024522516,9.243456528963766e-07,-0.13404361341167023,0.8410657556815923,0.9747029744305761,5.094016789649943e-06,-7.22437586898698e-06,0.05887550281426346,0.2510461605664852,1.981413947636329,0.1596551748127349,1.5708917861062686,0.05887758771043829,0.04439483630984365,7.72650578302012,-12.131448868786233,2.5161817818996695,0.03803755960484967,-2.6269986301237533e-05
9.78,C：垂直放下 · 执行,3.3586850579914174e-07,-5.116956655698557e-06,6.114096149456572e-05,0.00018550245705298285,-2.2128334009607897e-07,4.408387134502423e-09,0.058875177621486384,0.24966235089430278,1.9897575710605806,0.1692624082187095,1.5708920052100503,0.058877524107069396,1.1967594020129588e-06,-0.14287311253961732,0.8396677787772485,0.9822200478196996,5.1910912603266585e-06,-7.1346842466138705e-06,0.05887551348999218,0.24965723393764708,1.9898187120220752,0.16944791067576248,1.5708917839267103,0.05887752851545653,0.04367130745867273,7.768600318615483,-12.158519249163568,2.5251975715822317,0.03817105191331952,-2.9361018930619163e-05
9.79,C：垂直放下 · 执行,3.211845187520157e-07,-5.168727126275696e-06,6.192109846758775e-05,0.00018805903755533815,-2.562856982191164e-07,5.669826330656491e-09,0.05887520301187877,0.24818550026456743,1.9981401752803816,0.17911918050229958,1.5708920380265503,0.058877463480794694,1.8373638085418594e-06,-0.15160949644288096,0.836904196952103,0.9882825611169829,4.03694882021936e-06,-6.520054444020211e-06,0.05887552419639752,0.24818033153744115,1.9982020963788492,0.17930723953985492,1.570891781740852,0.058877469150621024,0.04285545922999721,7.811537193944487,-12.184627789134279,2.534240281568378,0.03830644270216017,-3.1581016579394305e-05
9.8,C：垂直放下 · 执行,3.001598592664023e-07,-5.38187399781731e-06,6.28205475843302e-05,0.00019000089092857664,-2.7732533758317857e-07,8.120977570968968e-10,0.05887523475642941,0.2466219875100462,2.0064877169773743,0.1890284466002645,1.570892056877541,0.05887740889915432,2.546161328869407e-06,-0.16021193998524424,0.8327939259970781,0.9928637394907142,2.3866026476259194e-06,-5.831834703968402e-06,0.05887553491628868,0.24661660563604837,2.0065505375249586,0.18921844749119307,1.5708917795522035,0.05887740971125208,0.04195695889468594,7.855219945271095,-12.209654149478714,2.5432906963776167,0.038443448773009675,-3.282081862414189e-05
9.822,C：垂直放下 · 执行,2.3259424893062874e-07,-6.3703100303680316e-06,6.516278628110328e-05,0.00019220844436276807,-2.7128597412939826e-07,-2.7325960674784433e-08,0.05887532586848852,0.2428855418615077,2.024663519209213,0.2109397109401678,1.5708920460306386,0.05887730647833819,3.6316734124552396e-06,-0.1784621799710793,0.8191309237048274,0.9976250477370273,-2.510304083607296e-07,-5.21309279630054e-06,0.058875558462737454,0.24287917155147734,2.024728681995494,0.21113191938453058,1.5708917747446645,0.05887727915237752,0.039684620276348226,7.953638359047491,-12.260074855532434,2.5631294242635043,0.038746861676003386,-3.149149376281106e-05
9.832,C：垂直放下 · 执行,1.9105498216820394e-07,-7.0213604063118495e-06,6.633756355345355e-05,0.00019235451495483447,-2.5059966435314607e-07,-4.6628088092026676e-08,0.05887537805536077,0.24105729384486405,2.0328105384097364,0.22091570529597565,1.5708920231703205,0.0588772667426739,4.439402917337101e-06,-0.1863558811468452,0.8108900050209034,0.9973435574889687,-1.0844221782025878e-06,-4.76132315534822e-06,0.05887556911034294,0.24105027248445773,2.03287687597329,0.22110805981093049,1.5708917725706562,0.05887722011458581,0.038503396576271505,7.999186245076418,-12.280749214891571,2.5720501252895884,0.03888420588423753,-2.922686101674547e-05
9.844,C：垂直放下 · 执行,1.313826329882306e-07,-7.929491725178206e-06,6.777629577037203e-05,0.00019192114401694882,-2.2157925894106256e-07,-7.254112936727619e-08,0.05887545042637416,0.23876168698449862,2.0424682092360893,0.23287062709918666,1.5708919915570785,0.05887722224572947,5.05006878964563e-06,-0.19541623044440246,0.7993910980090719,0.9949674074206948,-6.891122881818741e-07,-5.005579954604698e-06,0.05887558180900715,0.23875375749277344,2.0425359855318597,0.2330625482432036,1.5708917699778195,0.058877149704600104,0.03693869402068077,8.054409312448984,-12.303422732087661,2.5826217979473385,0.039045893626715567,-2.5094524196534355e-05
9.854,C：垂直放下 · 执行,7.291572375056621e-08,-8.764934941563052e-06,6.895692855790614e-05,0.00019112092435422112,-2.0104591214042955e-07,-9.48178008608469e-08,0.058875519390547665,0.23676788508190266,2.0504032891712067,0.2428013860718941,1.5708919688803409,0.058877186318725225,5.9097862786892995e-06,-0.20257187922396422,0.7885177632523237,0.9912899802061477,-1.3826144475902622e-07,-4.893504261262701e-06,0.058875592306271415,0.2367591201469611,2.0504722460997646,0.24299250699624833,1.5708917678344287,0.058877091500924364,0.035480957183125834,8.100810696276744,-12.320455328099303,2.5912766246782604,0.039177379532367704,-2.073492516851595e-05
9.864,C：垂直放下 · 执行,5.6359379732584536e-09,-9.648322039035317e-06,7.007828390959148e-05,0.0001899790496504017,-1.886082405810896e-07,-1.170450109611032e-07,0.058875597072879315,0.23470471310154228,2.0582233973129243,0.2526868821277932,1.5708919543185833,0.058877150867672846,6.851918014288441e-06,-0.20932344281719428,0.7765175129642945,0.9860703834069037,7.696049394774272e-07,-4.814169580475441e-06,0.05887560270881729,0.23469506477950325,2.058293475596834,0.2528768611774436,1.5708917657103427,0.058877033822661885,0.03386655606693992,8.147487984345679,-12.335802176104792,2.59976158908052,0.039305069093747105,-1.5748681846428032e-05
9.876,C：垂直放下 · 执行,-8.624089870706841e-08,-1.0740052844654402e-05,7.129729674293372e-05,0.00018823581818244728,-1.8961046222010225e-07,-1.4143762470941734e-07,0.0588757012851777,0.23214338823215488,2.0674402956136735,0.2644680556618527,1.5708919528019925,0.058877106865024176,7.5512347920593124e-06,-0.21683230925310637,0.7606955488467941,0.9777768108769317,2.713835861896934e-06,-5.4426255286269565e-06,0.058875615044278996,0.23213264817931023,2.0675115929104164,0.26465629148003517,1.5708917631915302,0.058876965427399466,0.031670900721024874,8.203828744579686,-12.351714676479581,2.6096581804439594,0.03945176542216302,-9.11080380885648e-06
9.888,C：垂直放下 · 执行,-1.8925129263019924e-07,-1.1834403677524197e-05,7.23268736737559e-05,0.00018616196280768493,-2.0979141224231057e-07,-1.6201979548963186e-07,0.0588758164445779,0.22949655898527246,2.076457749151941,0.27613544930486483,1.5708919705021536,0.05887706008607768,8.548015516128316e-06,-0.22362187363846903,0.7434138023384709,0.9672930745030682,4.080573809687185e-06,-5.530540791277681e-06,0.05887562719328527,0.22948472458159494,2.0765300760256147,0.2763216112676725,1.5708917607107413,0.05887689806628219,0.02913276473372242,8.26043153992813,-12.36485584879262,2.6191749660316153,0.03959157550509441,-2.3722192136105774e-06
9.898,C：垂直放下 · 执行,-2.8230946661628176e-07,-1.2728993010080458e-05,7.300542623633888e-05,0.00018422358681396966,-2.3946155702780914e-07,-1.7544389580709252e-07,0.058875919465681034,0.22723209742577083,2.0838077071894876,0.285752489077797,1.570891998137861,0.058877018270178806,9.042700586202986e-06,-0.22867716589229253,0.727966020896267,0.9568996321372736,5.21265131742527e-06,-5.823177425400696e-06,0.05887563715621442,0.22721936843276075,2.083880712615724,0.28593671266461096,1.570891758676304,0.058876842826283,0.02672827069744793,8.307757187522064,-12.373700315279974,2.626782450760033,0.03970257480688533,3.019648800349567e-06
9.908,C：垂直放下 · 执行,-3.7946035537361755e-07,-1.3593876775214175e-05,7.350409604489627e-05,0.00018212733020073202,-2.784202748351561e-07,-1.8553113033392687e-07,0.05887602641742479,0.22492031781921976,2.0909982677588954,0.2952574122249489,1.5708920350952054,0.058876974016257605,9.133715419179314e-06,-0.2331382347959511,0.7116320485023133,0.9450204304697712,6.246461296763066e-06,-6.4837211688906424e-06,0.058875646957069414,0.22490672394244454,2.0910717718549403,0.2954395395551496,1.5708917566749305,0.05887678848512727,0.02397699459168812,8.35519655249607,-12.380277716987528,2.6340086056208944,0.0398080112950907,7.75125434114472e-06
9.918,C：垂直放下 · 执行,-4.774573186053233e-07,-1.4416012083851015e-05,7.382700309932488e-05,0.00017990271000373204,-3.236486039170927e-07,-1.8980776752414164e-07,0.05887613403925184,0.2225674024796431,2.0980209258323397,0.30463549420951597,1.5708920783580678,0.05887692492773657,9.277501020426779e-06,-0.2369608111854775,0.6944792170818441,0.9316826941700255,6.398614027946999e-06,-6.674913021558035e-06,0.058875656581933236,0.22255298646755925,2.098094752835439,0.3048153969195197,1.5708917547094639,0.05887673511996905,0.020837920567860838,8.402667743846521,-12.384539039852797,2.640803592542509,0.039908350574169985,1.1417207796365302e-05
9.928,C：垂直放下 · 执行,-5.784307047784765e-07,-1.5202193847818624e-05,7.393777728070816e-05,0.00017751050406528135,-3.642904511380607e-07,-1.9431846561696053e-07,0.05887624444822019,0.22017997605386863,2.1048678943059955,0.3138723341167017,1.570892117073069,0.05887687712295347,9.364508467248356e-06,-0.2401027800163059,0.6765782019617149,0.916917384898686,5.8720123665449285e-06,-6.79193069784019e-06,0.05887566601751541,0.2201647738600208,2.1049418320832762,0.31404984462076696,1.5708917527826178,0.05887668280448785,0.01739331388784603,8.450008364193705,-12.386898139108649,2.6472115646682113,0.04000511927495967,1.409467129656404e-05
9.938,C：垂直放下 · 执行,-6.763741235357723e-07,-1.5950387062868554e-05,7.38431615601165e-05,0.00017495938213152318,-4.013068819475052e-07,-1.940087293525461e-07,0.058876351625298494,0.21776503447783382,2.1115320204524983,0.3229537804521903,1.5708921522038595,0.05887682561748914,8.738912772053706e-06,-0.24252981240123545,0.6579905900032023,0.9007503011925816,5.610399407752535e-06,-7.247603767056847e-06,0.05887567525117496,0.21774908409077096,2.1116058636140584,0.32312873983432183,1.5708917508969775,0.058876631608759784,0.013675390854732766,8.497058053938469,-12.387246369669382,2.6532204588895976,0.040097268109896896,1.604976541642568e-05
9.948,C：垂直放下 · 执行,-7.657295831575706e-07,-1.6661852846211467e-05,7.356128939584039e-05,0.00017225853714364359,-4.3538204863580177e-07,-1.8944311740848319e-07,0.058876450000517444,0.21532989947398662,2.1180068050403458,0.3318660235350834,1.5708921844370385,0.05887677104230037,7.549559741973071e-06,-0.24421173213572037,0.6387816965868949,0.8832185240537644,5.441090344971642e-06,-7.696574021229032e-06,0.058875684270934286,0.2153132376211404,2.1180803663297416,0.332038282072227,1.5708917490549898,0.058876581599182964,0.009691716858761676,8.54352667651342,-12.385308030282092,2.6587657155579527,0.04018385370351603,1.7214110088976165e-05
9.958,C：垂直放下 · 执行,-8.42428030715936e-07,-1.7342750441295962e-05,7.310730394261e-05,0.00016939857098774436,-4.6558746569225207e-07,-1.816717963842862e-07,0.05887653549352217,0.21288216191453835,2.1242864030678503,0.3405956592029504,1.5708922128464298,0.05887671451020433,6.098641162980816e-06,-0.24512399751609065,0.6190182848479681,0.8643669861275725,5.004533422448054e-06,-7.906974593732665e-06,0.05887569306549145,0.21286481916409705,2.124359510371793,0.3407650577739381,1.570891747258964,0.05887653283840794,0.0055239722985001675,8.589299593138296,-12.381502978685097,2.663903972696684,0.04026587449371554,1.7758738318206586e-05
9.968,C：垂直放下 · 执行,-9.030042444763131e-07,-1.800063092449733e-05,7.249815291476835e-05,0.00016635964779676549,-4.908457653662879e-07,-1.708844350051253e-07,0.05887660462847724,0.21042962005582147,2.130365605384115,0.3491297253325803,1.5708922363568354,0.05887665626970316,4.3284983841120855e-06,-0.24524882389259287,0.5987623249577436,0.8442404524201598,4.461037723913925e-06,-8.057607322493086e-06,0.058875701624232765,0.21041161942489697,2.13043810353703,0.34929608498037706,1.57089174551107,0.05887648538526816,0.0012106684888142738,8.634210556230858,-12.375883808689952,2.668631493499618,0.04034322838992689,1.7770343062240427e-05
9.978,C：垂直放下 · 执行,-9.447623747008138e-07,-1.8642913472116662e-05,7.175419780880432e-05,0.00016311738119528796,-5.10005585097062e-07,-1.5782356665994257e-07,0.0588766546996204,0.20798021975520672,2.136239823495639,0.35745574062679014,1.5708922538189207,0.0588765971182766,2.3207109441900437e-06,-0.24457412134376916,0.5780748120021778,0.82288824080908,3.8110439515364195e-06,-8.131199819239214e-06,0.058875709937245696,0.2079615768417346,2.136311577693448,0.35761885800798543,1.5708917438133356,0.05887643929470994,-0.0032125892358201287,8.678094044511647,-12.368507176760254,2.6729434495322755,0.040415922448139525,1.7284537831928332e-05
9.988,C：垂直放下 · 执行,-9.66296774956854e-07,-1.9276443128518617e-05,7.08982653820911e-05,0.00015964595370976387,-5.214748968196403e-07,-1.435544135577893e-07,0.05887668429210591,0.20554199576952548,2.141905076930659,0.3655617461690653,1.5708922636425366,0.058876538172136735,2.6626552212571057e-07,-0.24309348234867784,0.5570157812357788,0.8003642353917528,2.943746699993504e-06,-8.096241684321233e-06,0.05887571799533095,0.20552271932639696,2.141975975196041,0.36572139212277505,1.5708917421676398,0.05887639461772318,-0.007721688202316211,8.720560574792085,-12.359162163109279,2.6767681491937365,0.04048315634168296,1.624096875333921e-05
9.998,C：垂直放下 · 执行,-9.675922900131972e-07,-1.99064002961713e-05,6.995222191541473e-05,0.00015591793683866761,-5.23478654201881e-07,-1.290053562030824e-07,0.058876693382305605,0.20312301240520902,2.147357983080731,0.373436350277544,1.5708922640543703,0.05887648040662733,-1.7529936094707805e-06,-0.24080687330562472,0.5356455673957315,0.7767284941567059,1.9366116829913903e-06,-7.99201422836244e-06,0.05887572579001559,0.20310310600491285,2.1474279353026464,0.3735922682143827,1.5708917405757161,0.05887635140127113,-0.012265107652259697,8.761634135733422,-12.34821844397321,2.6801631146382228,0.04054585605859495,1.4751999765597695e-05
10.02,C：垂直放下 · 执行,-9.074425464175584e-07,-2.1293772231423258e-05,6.76624846311924e-05,0.0001467057940039984,-4.884147326578159e-07,-9.942546908003891e-08,0.05887664941669497,0.19790844256770218,2.158593959767811,0.389893758703444,1.570892225685062,0.058876361096714354,-5.259940462287836e-06,-0.23297427122533754,0.48781601272850506,0.7211280179133904,-7.332528419217802e-07,-7.3084979120447196e-06,0.058875741974148556,0.19788714879547076,2.1586616222524424,0.390040464497448,1.5708917372703293,0.058876261671245274,-0.022221580187939217,8.846155067741899,-12.318719646580579,2.686067131678805,0.04066747507837118,9.97742650663243e-06
10.03,C：垂直放下 · 执行,-8.584231260752584e-07,-2.192738238543379e-05,6.657211808036578e-05,0.00014202732790441486,-4.544091682934237e-07,-8.839958689360605e-08,0.05887660730082414,0.19560451334953463,2.163351333856629,0.39695866611251573,1.570892190269514,0.058876311795525875,-6.3590590864119755e-06,-0.22817379504970584,0.4658298868095937,0.6943739777801691,-1.7039910126268244e-06,-7.056651916606936e-06,0.058875748877698066,0.1955825859671492,2.1634179059747094,0.39710069344042015,1.5708917358603458,0.05887622339593898,-0.02664675655558992,8.881431157965462,-12.302933570831966,2.68800617460405,0.04071448738347171,7.218183836624713e-06
10.04,C：垂直放下 · 执行,-8.008783694765653e-07,-2.2560203447152816e-05,6.547317955529763e-05,0.00013703338959220046,-4.122313443932768e-07,-7.899287481072381e-08,0.05887655636884356,0.19335270192800305,2.167888375615745,0.40375145552108654,1.570892146741079,0.0588762657257457,-7.121416760248638e-06,-0.22262963876177563,0.44376609016989327,0.6667995668090434,-2.2800173557415694e-06,-6.8263603461219e-06,0.05887575549047409,0.1933301417245559,2.1679538487953005,0.40388848891067874,1.5708917345097346,0.058876186732870886,-0.03096194006500854,8.914623250892074,-12.28585191615572,2.6895016994429835,0.0407560759623619,4.191376362268083e-06
10.05,C：垂直放下 · 执行,-7.387966158567405e-07,-2.318905160086926e-05,6.437735773801023e-05,0.0001317281198544018,-3.6569759953586356e-07,-7.145110656608944e-08,0.05887650060459847,0.19116028741868504,2.1722045975322297,0.4102643650665804,1.570892098917013,0.05887622315804924,-7.40583971312746e-06,-0.21637130614836098,0.4216770225236411,0.6384857786344786,-2.540203489635603e-06,-6.423696908294295e-06,0.05887576180798261,0.19113709836708417,2.1722689748899677,0.41039609318643483,1.5708917332194134,0.05887615170694267,-0.035133278570893066,8.945570189828127,-12.267546050940807,2.6905538168199534,0.0407917993843062,9.380427881248755e-07
10.06,C：垂直放下 · 执行,-6.76254608117377e-07,-2.381056969266715e-05,6.32921332823777e-05,0.0001261228727236774,-3.1911707654153076e-07,-6.61758447623173e-08,0.058876444081142114,0.1890342187701021,2.17630002898217,0.41649046827592506,1.5708920511072175,0.05887618451444193,-7.082478745781906e-06,-0.20943396690202384,0.3996139252444449,0.6095183018116378,-2.6360312775372104e-06,-5.6857795429818225e-06,0.058875767826533996,0.18901040820040943,2.1763633211154523,0.41661659114864874,1.570891731990141,0.05887611833859717,-0.03908764298940662,8.973683354637332,-12.247913136021841,2.69109497548061,0.04082014789413019,-2.4827959440990252e-06
10.07,C：垂直放下 · 执行,-6.16066487831024e-07,-2.441826414409376e-05,6.222175093029136e-05,0.00012023705255753692,-2.781471604151875e-07,-6.245141016131273e-08,0.0588763896097432,0.18698105354128502,2.1801752016743694,0.4224237179025269,1.5708920089696645,0.05887614909515879,-6.7902528141627914e-06,-0.20186081236672812,0.37762602177094856,0.5799869208091947,-1.7954180420049028e-06,-5.526930176964834e-06,0.05887577354325537,0.18695663527714093,2.1802374234252997,0.42254395495508446,1.570891730822504,0.05887608664374863,-0.04280483996025503,8.999204059021446,-12.227214162389098,2.6911976973063165,0.040840994421671065,-5.811906917640606e-06
10.08,C：垂直放下 · 执行,-5.603396933118177e-07,-2.5004476056994518e-05,6.116730341565457e-05,0.00011409660621847229,-2.479411429501255e-07,-5.963658228358426e-08,0.05887633929579672,0.1850069016135301,2.1838311359822806,0.42805899210814385,1.570891977658066,0.05887611627029541,-6.3767889249549286e-06,-0.1936986648014936,0.3557616589608813,0.5499861144680573,-4.036119290766525e-07,-5.423100119652222e-06,0.05887577895610341,0.1849818971374731,2.1838923032856963,0.4281730887143623,1.5708917297169231,0.05887605663371313,-0.046243882515432745,9.021967336340898,-12.205516738233285,2.690867155016023,0.040853925121412706,-8.967789806102349e-06
10.09,C：垂直放下 · 执行,-5.107797420092486e-07,-2.5562048254934577e-05,6.0126473181654205e-05,0.00010773308970890572,-2.3197530274465805e-07,-5.743922901202403e-08,0.05887629484361878,0.18311736859809202,2.187269327618115,0.43339214007030014,1.5708919606489478,0.058876085754367286,-5.696995571311908e-06,-0.1850000252382178,0.33406801217716103,0.5196154099059332,1.0805545828399095e-06,-5.119946473462774e-06,0.05887578406387677,0.1830918065498371,2.1873294540912966,0.43349987316000904,1.570891728673645,0.058876028315138274,-0.049361133156944924,9.041804537030158,-12.182888066300077,2.6901094730142074,0.04085872936347433,-1.1826560614751365e-05
10.1,C：垂直放下 · 执行,-4.6859559172524046e-07,-2.6084783888269403e-05,5.90937123208235e-05,0.00010118142085252524,-2.315470748470716e-07,-5.619160840103499e-08,0.05887625746182057,0.1813174980354409,2.190491733868741,0.4384200289036623,1.570891959239817,0.05887605788154286,-4.640189203741645e-06,-0.1758231001015477,0.3125908972382454,0.4889789126826321,2.2117812177242416e-06,-4.374498676204253e-06,0.058875788866228844,0.18129141325155262,2.190550827581062,0.4385212103245148,1.570891727692742,0.05887600168993446,-0.05203856262095797,9.058002423691885,-12.159259523368323,2.688864911349994,0.04085423829902055,-1.4142772650529909e-05
10.122,C：垂直放下 · 执行,-3.9895085818947296e-07,-2.707521688177783e-05,5.681583175931593e-05,8.629843669333281e-05,-2.83953002444548e-07,-5.373392164553792e-08,0.058876197311046055,0.17769417297271609,2.1968339438749873,0.448398310171391,1.5708920097065386,0.05887600278758014,-3.177253313936142e-06,-0.1542823104146262,0.2663157772852403,0.4211815218508816,4.962900434088464e-06,-4.096625859429493e-06,0.058875798360187866,0.1776670977558343,2.1968907597067466,0.4484846086080843,1.5708917257535362,0.05887594905365849,-0.05632640701712981,9.082000495405543,-12.104565998565867,2.684726504311933,0.04081437710768065,-1.6156007673407292e-05
10.132,C：垂直放下 · 执行,-3.7117792241192493e-07,-2.744615448560528e-05,5.5761255703057344e-05,7.941315666515347e-05,-3.313282312955579e-07,-4.452028297408095e-08,0.05887617337096876,0.17620750936563853,2.199384095986146,0.45244098464101373,1.5708920562988722,0.05887597232390971,-3.7172377868661905e-06,-0.14404264901522645,0.2458177415098018,0.3904421266156008,6.892401417524463e-06,-4.410296436716364e-06,0.05887580219304635,0.17618006321115293,2.199439857241849,0.4525203977976789,1.570891724970641,0.058875927803626736,-0.05735886571840644,9.086675642526224,-12.078388630818608,2.6821422012165166,0.04078062729930174,-1.4987112219189603e-05
10.142,C：垂直放下 · 执行,-3.3761687281974595e-07,-2.7735566140080214e-05,5.469428061788406e-05,7.2515472035517e-05,-3.9308299015772263e-07,-3.995579631044244e-08,0.05887614334553087,0.17482424698345383,2.2017314065287557,0.45617736138904014,1.5708921173314478,0.05887594815740239,-4.11430567008284e-06,-0.1336308572844674,0.22571582943900773,0.35992085817339103,7.564831801639616e-06,-3.4564425009942965e-06,0.05887580572865805,0.17479651141731375,2.2017861008093735,0.45624987686107565,1.5708917242484577,0.05887590820160608,-0.05790063574295578,9.0877723686014,-12.051400236038683,2.679127705878895,0.04073862129699869,-1.3360155254704825e-05
10.152,C：垂直放下 · 执行,-3.0242241462474784e-07,-2.7939632826240457e-05,5.360168185042369e-05,6.563401277354108e-05,-4.528829344874197e-07,-3.861582136693853e-08,0.05887611139378088,0.17354569549864712,2.2038800954482243,0.4596103046261082,1.5708921764690342,0.05887592883933129,-4.303879953518248e-06,-0.1231229402868275,0.20605682025753913,0.3297415624956517,6.9258877094182245e-06,-3.6544034325171202e-06,0.05887580897136625,0.17351775586582088,2.2039336971300747,0.45967593863888173,1.5708917235860997,0.058875890223509926,-0.05798569815905284,9.085279112433877,-12.023535999586464,2.6756572161481573,0.04068985774573321,-1.1182372107232003e-05
10.168,C：垂直放下 · 执行,-2.4727011913028285e-07,-2.808317255700854e-05,5.1780101703702286e-05,5.473296849395348e-05,-5.173931609814275e-07,-3.132928902416232e-08,0.0588760608342591,0.17171889475394,2.206916788809828,0.46448261086471193,1.5708922400411334,0.05887589608975142,-4.152905780881314e-06,-0.106297913989309,0.175649317295823,0.28248192220628054,3.8793752847758316e-06,-3.5407284998497074e-06,0.05887581356413997,0.171690811581383,2.2069685689115315,0.4645373438332059,1.5708917226479724,0.058875864760462394,-0.05719506794001286,9.073350211504758,-11.976813675972421,2.6690331353516976,0.04059864204901159,-7.042462696389928e-06
10.178,C：垂直放下 · 执行,-2.1234871890041251e-07,-2.805385385229453e-05,5.059172921084709e-05,4.803702054162473e-05,-5.330135024461669e-07,-2.5760001576280445e-08,0.05887602842151045,0.1707132679412332,2.2085723528592704,0.4671490555587143,1.5708922551490514,0.05887587661212493,-4.2011519568800565e-06,-0.09589214209245957,0.1573825570849883,0.2537879511661406,1.8662953312774413e-06,-3.207484640141412e-06,0.05887581607279155,0.1706852140873809,2.2086229445884813,0.4671970925792559,1.570891722135549,0.05887585085212335,-0.05618895650761181,9.06122748506276,-11.946212817742909,2.664231887508511,0.04053357492108414,-4.398637392650392e-06
10.188,C：垂直放下 · 执行,-1.766148165702197e-07,-2.7935612149976308e-05,4.936353330720067e-05,4.146424153622652e-05,-5.300649927875156e-07,-2.1139907178946427e-08,0.058875994927392025,0.1698108082706567,2.2100487030549654,0.46953289139457904,1.5708922517430366,0.05887585957434101,-3.951172440858849e-06,-0.08565816276616835,0.13975320840822938,0.22590191056127756,-3.627843291438392e-07,-2.393362917943302e-06,0.058875818312575455,0.16978287265850672,2.2100980665882726,0.46957435563611527,1.5708917216780438,0.05887583843443383,-0.05475357074244377,9.044843675767066,-11.91420475719686,2.65879697950508,0.040460612739146674,-1.989476181297962e-06
10.198,C：垂直放下 · 执行,-1.3860219970351917e-07,-2.7730048846652533e-05,4.809790513649048e-05,3.504039446172724e-05,-5.138380618774363e-07,-1.6066863985086943e-08,0.05887595889484781,0.16900938204309288,2.211352543011879,0.47164293309677574,1.5708922351116494,0.05887584352349063,-4.280380671516553e-06,-0.07567153689556376,0.12282157584823003,0.19895779783355458,-1.3671614140130617e-06,-2.447015146233647e-06,0.05887582029264811,0.16898165199424622,2.2114006409170153,0.47167797349123747,1.5708917212735876,0.058875827456626645,-0.05295772076832377,9.024815703896582,-11.88086226588341,2.652802871991408,0.04037953069879784,3.0442833358533753e-07
10.208,C：垂直放下 · 执行,-9.749706410960846e-08,-2.744100839205399e-05,4.679845010802097e-05,2.8788178831173905e-05,-4.906027650797284e-07,-1.014532261672807e-08,0.058875919520371765,0.1683061301379078,2.2124912087937227,0.47348935967868444,1.570892211522842,0.0588758280069275,-4.718399373314218e-06,-0.06600351046012183,0.10665287201751872,0.17309360757681852,-1.6578532839193506e-06,-2.5412017313138477e-06,0.058875822023307656,0.16827868912951574,2.2125380072438308,0.4735181478575156,1.570891720920077,0.05887581786160488,-0.05081694676243783,9.00110857300857,-11.846077295206076,2.6462321494368135,0.04028978572138723,2.3324022634297665e-06
10.218,C：垂直放下 · 执行,-5.364818692760176e-08,-2.7075571497003903e-05,4.546966089824522e-05,2.272751243737048e-05,-4.65783536629516e-07,-3.996679147355575e-09,0.05887587716421518,0.16769747688931125,2.213472701504275,0.4750837385389674,1.5708921863987046,0.05887581358243157,-4.932483515535579e-06,-0.056724750666110026,0.09131524795165405,0.14844940082110883,-1.6625975499415162e-06,-2.283881573929158e-06,0.058875823516028256,0.16767040131781424,2.2135181711651732,0.4751064660514048,1.570891720615168,0.05887580958575242,-0.04834330409854745,8.97368603391237,-11.809732607009765,2.639068739984702,0.04019086088220174,3.9892095030676535e-06
10.228,C：垂直放下 · 执行,-8.235055998229157e-09,-2.6643156265326873e-05,4.411745904997488e-05,1.687672791050865e-05,-4.4339411919835925e-07,1.5015522922268154e-09,0.058875833018550025,0.1671791370706412,2.214305719010107,0.47643904864312686,1.5708921637503894,0.0588758010571931,-4.726400268605115e-06,-0.04790533299795996,0.07687980783561868,0.12516728968196966,-1.7085397001185838e-06,-1.5736253980712747e-06,0.05887582478349403,0.16715249391437587,2.214349836469157,0.47645592537103737,1.5708917203562702,0.058875802558745395,-0.04549155225838532,8.94188596895883,-11.771402846144131,2.631188043791403,0.04008070369227973,5.1593479161844885e-06
10.238,C：垂直放下 · 执行,3.8343956551556424e-08,-2.615020256735434e-05,4.2749841326461535e-05,1.1253451160875283e-05,-4.2745485751005674e-07,7.134768859051732e-09,0.05887578749567673,0.16674611846188903,2.214999687558549,0.47756970402318605,1.5708921475953965,0.05887578956859354,-4.8558004038000565e-06,-0.039617723244070986,0.06342051076743634,0.1033918043004642,-9.009023814721752e-07,-1.5922483469732705e-06,0.05887582583963328,0.16671996825932167,2.2150424373998754,0.4775809574743469,1.570891720140539,0.0588757967033624,-0.042312945888741654,8.906330026297349,-11.73121113222675,2.6226817670760214,0.0399596661537573,6.071795950404694e-06
10.248,C：垂直放下 · 执行,8.527382518164206e-08,-2.5603308709792882e-05,4.1375282497924104e-05,5.87418550407337e-06,-4.199201977250766e-07,1.3058978558244672e-08,0.05887574142582744,0.16639273286952191,2.2155647956392346,0.47849157857168023,1.570892139885066,0.05887577887631715,-4.933879321069624e-06,-0.03193027362530866,0.05101531853129084,0.08327014093217652,6.973045186142282e-08,-1.6203365934603004e-06,0.05887582669965262,0.16636712956081212,2.2156061709217325,0.4784974527571843,1.5708917199648682,0.058875791935295706,-0.0388135589730775,8.866980974319713,-11.689017046420126,2.6135366723974545,0.0398277139281951,6.664895262884471e-06
10.258,C：垂直放下 · 执行,1.3113850585305675e-07,-2.501036760640951e-05,4.000259831560271e-05,7.556059858360165e-07,-4.203505241662242e-07,1.8520037337044215e-08,0.05887569624156496,0.16611260514580486,2.2160120263854375,0.4792220291254552,1.5708921401764075,0.05887576964292462,-4.738829398185115e-06,-0.024910726368023113,0.039745119264831826,0.06495145013328968,7.502265596271755e-07,-1.3310923941438321e-06,0.058875827380070814,0.16608759477819846,2.216052028983753,0.47922278473144103,1.5708917198258834,0.058875788162961955,-0.03499700886383673,8.82380381467845,-11.644670834944051,2.603740604809145,0.03968490574659585,6.906564102226422e-06
10.268,C：垂直放下 · 执行,1.7435225069251103e-07,-2.4380076090818603e-05,3.864130801334298e-05,-4.083780193508968e-06,-4.2671274647076984e-07,2.258718518471925e-08,0.05887565354650266,0.16589868058126683,2.2163531894759116,0.4797799181833575,1.5708921464326822,0.05887576270012785,-4.1939900531909545e-06,-0.018626191457115342,0.029693758943965868,0.048586888767433396,9.209811167807824e-07,-7.168406006744546e-07,0.058875827898753355,0.16587430050517601,2.216391830783925,0.479775834403164,1.5708917197199357,0.058875785287313034,-0.030811567058875416,8.776126646733202,-11.597610239585872,2.59316203044664,0.039529525165280174,6.765112659531145e-06
10.278,C：垂直放下 · 执行,2.1431631828244813e-07,-2.3717513657400824e-05,3.730015298497591e-05,-8.625543705842453e-06,-4.3734080801272057e-07,2.5669340139589103e-08,0.05887561395862782,0.16574322836659286,2.2166009548805223,0.48018564019438503,1.570892156983901,0.05887575753230674,-3.872724031291423e-06,-0.013145820467474622,0.020949274871147398,0.03433199040037923,1.283657066139583e-06,-6.276148961453648e-07,0.058875828274946106,0.16571951085293546,2.2166382550335073,0.4801770146506792,1.570891719643093,0.05887578320164688,-0.02630541724892844,8.724592958396272,-11.548033370292409,2.5819036146402694,0.039362776094481175,6.436857193188173e-06
10.288,C：垂直放下 · 执行,2.5042884781167896e-07,-2.3027389801338893e-05,3.598679270711003e-05,-1.2849684882521029e-05,-4.500656030081984e-07,2.768740724884422e-08,0.05887557810046193,0.1656378527231166,2.216768885428657,0.4804611442875924,1.570892169656739,0.058875754104011156,-3.5145540080411605e-06,-0.008534938769784513,0.013602311535704894,0.022342858352914087,1.4529093588917863e-06,-5.091270512235533e-07,0.05887582852930974,0.16561482533331526,2.2168048722213642,0.4804482946027099,1.570891719591136,0.058875781791418405,-0.02148260294489882,8.669179466500609,-11.49576790612885,2.569953746659839,0.039184849456353046,5.8789123791875185e-06
10.298,C：垂直放下 · 执行,2.819587122879219e-07,-2.2315293767755096e-05,3.4708540376460206e-05,-1.673233060506263e-05,-4.6251632146443455e-07,2.804134292128113e-08,0.05887554672524132,0.16557350203572094,2.2168714683379,0.48062995634709993,1.5708921820758688,0.05887575289270729,-3.012874958405887e-06,-0.004858246304019482,0.0077464100778029095,0.012777568863246793,1.3010123700127011e-06,-1.8224152628946385e-07,0.05887582868395361,0.16555118674195318,2.2169061768782763,0.48061322401649487,1.5708917195595473,0.058875780934050215,-0.016347334572708136,8.60986986011554,-11.440631619432105,2.5573010611558527,0.038995806370083215,5.063442083005527e-06
10.31,C：垂直放下 · 执行,3.1297102839888957e-07,-2.1440527263244524e-05,3.323177032088509e-05,-2.089931771159792e-05,-4.7462534480402496e-07,2.5673752596100385e-08,0.058875515800192145,0.16553673159254173,2.2169301221659015,0.480727188261894,1.5708921941670668,0.058875754776476705,-2.3070169147586525e-06,-0.0017699604306420879,0.002824177622123966,0.004725423110661167,8.823157246824316e-07,2.1028633207286836e-07,0.058875828771220544,0.16551529106527849,2.2169633539362223,0.4807062889441824,1.570891719541722,0.0588757804502293,-0.009715533653019802,8.532729520285095,-11.369726922582704,2.541003041069582,0.03875154192131614,3.693485767870325e-06
10.32,C：垂直放下 · 执行,3.333024631846371e-07,-2.069689603814706e-05,3.2051760779250316e-05,-2.3931171356794678e-05,-4.820942169914133e-07,2.1944796264883326e-08,0.05887549548920105,0.1655275854579612,2.216944700389429,0.48075201900398407,1.570892201631763,0.05887575839209039,-1.8154775265879946e-06,-0.0003758352416406111,0.000596168511524506,0.001065512426828591,6.523615974346731e-07,3.8739172822530854e-07,0.05887582879166423,0.16550688856192305,2.216976752150208,0.48072808783262727,1.570891719537546,0.05887578033688665,-0.003877157395475366,8.464364159571554,-11.307130747544175,2.5266423511602234,0.03853560879086793,2.2400768227375005e-06
10.33,C：垂直放下 · 执行,3.481671218899529e-07,-1.9926147372562042e-05,3.089552949164798e-05,-2.6567439080527055e-05,-4.86767036456115e-07,1.4672743721411141e-08,0.05887548062597642,0.16552622575266362,2.2169467967378518,0.48075618421717975,1.5708922063042898,0.05887576565619202,-1.0773589627346078e-06,-8.670967647198616e-05,0.0001269645776354184,0.0002639364636880638,1.3725578040625497e-07,1.794166767376555e-06,0.05887582879309831,0.16550629960529106,2.2169776922673434,0.4807296167780992,1.5708917195372534,0.05887578032893574,0.00018485715057232254,8.416790365262287,-11.263613161465297,2.5165000424416726,0.03838464332217747,7.832637585990982e-07
10.34,C：垂直放下 · 执行,3.184300480379987e-07,-1.881778463899697e-05,2.9472324033275044e-05,-2.895431409971616e-05,-4.377051261439391e-07,-1.1788709451676649e-07,0.05887551036305027,0.16552511738993006,2.21694821994331,0.48075857109219894,1.5708921572423795,0.05887589821603026,7.77990876461577e-06,-0.00012676920269618825,0.00014384093069513734,0.00018877075720883459,-1.084251027964108e-05,2.072927932833567e-05,0.05887582879309831,0.16550629960529106,2.2169776922673434,0.4807296167780992,1.5708917195372534,0.05887578032893574,8.141593637284163e-05,8.417991515353796,-11.264459775018961,2.516303816287145,0.03839613737284472,-5.465744895861324e-06
11.328,C：打开后垂直脱离 · 执行,-4.959390136685671e-07,-0.001771435674370131,0.0026199802871151867,-0.004156260629161912,-1.6792263275444697e-06,1.0344047625419905e-05,0.058876324732111976,0.1672777352796612,2.2143577119802282,0.48488587740726113,1.570893398763581,0.05886543628131032,6.88574678369435e-05,0.0003125019693142293,-0.0005444152677482252,0.0006970316143816992,3.375828815129199e-05,2.0601943880042893e-05,0.05887582879309831,0.16550629960529106,2.2169776922673434,0.4807296167780992,1.5708917195372534,0.05887578032893574,-0.0009365441852037186,7.273518632964434,-9.963699743890459,2.020417145451074,0.03824522477364611,0.00030840757695603396
11.338,C：打开后垂直脱离 · 执行,-1.1115335891917488e-06,-0.0017743375927794514,0.0026249107488047763,-0.004162349966744194,-1.9629944649768305e-06,1.01744697721326e-05,0.0588769403266875,0.16728063719807051,2.2143527815185386,0.4848919667448434,1.5708936825317183,0.05886560585916361,5.50825905709575e-05,0.000269192014463433,-0.000446738400343273,0.0005322926596550458,2.378658066549299e-05,1.3881834430168223e-05,0.05887582879309831,0.16550629960529106,2.2169776922673434,0.4807296167780992,1.5708917195372534,0.05887578032893574,-0.0011065927003054495,7.272152105456584,-9.962015927984904,2.019884111686872,0.03822283098439435,0.0003041266544913997
11.348,C：打开后垂直脱离 · 执行,-1.573145865282899e-06,-0.0017767141664365438,0.002628725766594897,-0.00416665368172503,-2.142223477274996e-06,1.0074337904682207e-05,0.05887740193896359,0.1672830137717276,2.2143489665007485,0.48489627045982425,1.5708938617607306,0.05886570599103106,3.8584929828945165e-05,0.00021000106571825646,-0.0003255712609533439,0.0003449404188555603,1.3080498854882353e-05,6.844290740153833e-06,0.05887582879309831,0.16550629960529106,2.2169776922673434,0.4807296167780992,1.5708917195372534,0.05887578032893574,-0.0011724222309309011,7.271317623964417,-9.961077756204963,2.019592488578131,0.0382113317322509,0.0003019672037106897
11.358,C：打开后垂直脱离 · 执行,-1.862238155424245e-06,-0.001778441086236926,0.0026312560281080977,-0.004169039445308886,-2.2146984450799323e-06,1.0043607640786156e-05,0.05887769103125373,0.167284740691528,2.2143464362392353,0.4848986562234081,1.5708939342356985,0.058865736721294956,2.0940864411460887e-05,0.00014124569602366486,-0.00019284441290402186,0.00015190544744127238,2.55895306197929e-06,6.472024787363556e-08,0.05887582879309831,0.16550629960529106,2.2169776922673434,0.4807296167780992,1.5708917195372534,0.05887578032893574,-0.0011405277218267313,7.271020190530503,-9.960874440232757,2.0195378389137657,0.03821039716294614,0.0003018588442528818
11.378,C：打开后垂直脱离 · 执行,-5.494379797972571e-06,-2.1891772628485073e-05,4.340599673779977e-05,-5.322881716013361e-05,-2.682132042020058e-06,-1.430848692487996e-06,0.0588775578945366,0.16729331476428763,2.2143323436672038,0.4848684320494427,1.5708931236519013,0.05886486845441861,-3.3488025571982264e-05,0.0013086655405935852,-0.0021146127538164724,-0.004578466165672752,-8.420251330318612e-05,-8.412878087621194e-05,0.05887206351473863,0.16727142299165915,2.2143757496639416,0.48481520323228255,1.5708904415198592,0.05886343760572612,-0.011864096067360348,7.372912601431271,-10.049486075981044,2.0373687960017857,0.03850226011778539,0.00029633339881791074
11.388,C：打开后垂直脱离 · 执行,-4.981510004907486e-06,-2.0867784067402084e-05,4.115412364091853e-05,-4.2530744866153825e-05,-1.855300673536675e-06,-7.679632466200959e-07,0.05887704508071298,0.16731761037355508,2.214293721765921,0.48479154020546167,1.5708922968181476,0.058864205641022786,-6.637687302281507e-05,0.0035010425807744873,-0.0055396101036231825,-0.010595836835625913,-7.508770918737085e-05,-5.149503114547061e-05,0.05887206357070807,0.16729674258948768,2.214334875889562,0.4847490094605955,1.570890441517474,0.058863437677776166,-0.016767834619056097,7.433286744768915,-10.105381312295615,2.0493500270693685,0.038782493996127876,0.0003150620848208785
11.398,C：打开后垂直脱离 · 执行,-4.139700134485336e-06,-1.9158682720704645e-05,3.6801725147306286e-05,-3.188666974979215e-05,-1.272430609544628e-06,-3.4796536222542196e-07,0.058876203388567444,0.1673695407479208,2.2142115375178744,0.4846407193534696,1.5708917139439522,0.05886378578721366,-9.745447104115785e-05,0.006723623282891941,-0.010652217415927655,-0.019115214860353516,-4.520919502522542e-05,-3.770017713305095e-05,0.05887206368843296,0.1673503820652001,2.2142483392430217,0.4846088326837198,1.5708904415133427,0.05886343782185143,-0.021216620300358154,7.490360663601773,-10.159146205488572,2.060541044031296,0.039014227853300755,0.000328473256630928
11.408,C：打开后垂直脱离 · 执行,-3.0457525815250075e-06,-1.696974733489398e-05,3.1133627692803145e-05,-2.2060767209008958e-05,-9.183977525140108e-07,7.889860251242276e-09,0.05887510964097145,0.16745909124283787,2.214069238629081,0.48439118624242206,1.5708913599056094,0.05886343016382457,-0.00011702156554498056,0.010917781685774054,-0.01738518129587634,-0.03007299156203741,-3.1027760416248245e-05,-3.4802807305391994e-05,0.058872063888389926,0.16744212149550297,2.2141003722567736,0.48436912547521305,1.5708904415078568,0.058863438053684825,-0.025339782527335205,7.5439287346368085,-10.21030436252011,2.070981813955745,0.03922109118085369,0.0003409973892411996
11.418,C：打开后垂直脱离 · 执行,-1.8335722414830613e-06,-1.4540764457421362e-05,2.500690861406696e-05,-1.341273777910601e-05,-5.820278530244138e-07,3.367859884653712e-07,0.05887389776156348,0.16759564082869155,2.213851167883522,0.48401936147221036,1.570891023529767,0.05886310159709813,-0.0001226526417526767,0.01602169620547513,-0.025636583473448625,-0.043316441988689294,-3.812054851760306e-05,-3.161649628255539e-05,0.058872064189322,0.16758110006423413,2.2138761747921363,0.48400594873443126,1.570890441501914,0.058863438383086594,-0.02922493611864258,7.593799394995389,-10.258639804506547,2.0806503329386428,0.03942779654355958,0.000352404232753595
11.428,C：打开后垂直脱离 · 执行,-6.30237935506095e-07,-1.2115019292019413e-05,1.9132786148290393e-05,-6.383112896524157e-06,-1.257615087624231e-07,6.198653923691899e-07,0.058872694846253994,0.16778792318572106,2.2135427491169937,0.48350333054711814,1.5708905672583813,0.058862818949117754,-0.00011665983964003791,0.021969763530967367,-0.035296315303002035,-0.05867610209874097,-5.2048209367642717e-05,-2.568802879158375e-05,0.05887206460831849,0.16777580816642904,2.213561881903142,0.4834969474342216,1.5708904414968725,0.05886343881451012,-0.03285715150804179,7.639236587928155,-10.303749487080552,2.0893961017630596,0.03963791681106422,0.00036175895659574836
11.438,C：打开后垂直脱离 · 执行,4.6802102820348024e-07,-9.91225138080587e-06,1.4037733414795639e-05,-1.4700066521822208e-06,4.2524155752232673e-07,8.293410251117295e-07,0.05887159713986626,0.16804399176376797,2.213130493966971,0.4828227963752703,1.5708900162529236,0.05886261000659363,-0.00010262122352022322,0.02869107353728689,-0.04625699819616035,-0.07599754941060018,-5.67340739270117e-05,-1.7471049198672638e-05,0.058872065160894466,0.16803407951238716,2.2131445317003857,0.48282132636861813,1.570890441494481,0.05886343934761874,-0.03630133415009694,7.6807504432805285,-10.346049685596846,2.0972706552603393,0.03984139583343236,0.000368295612683687
11.448,C：打开后垂直脱离 · 执行,1.3900011520823208e-06,-8.11837884695521e-06,1.0082834442926014e-05,9.339163635768699e-07,9.481150053947118e-07,9.497607759839655e-07,0.05887067585991839,0.1683712016105848,2.2126019503804315,0.4819588919841707,1.5708894933818192,0.05886249021707569,-8.236405482342458e-05,0.03611570161345815,-0.058417725301318585,-0.09514571058314973,-4.756609162395087e-05,-8.46548794062716e-06,0.05887206586107047,0.16836308323173785,2.2126120332148744,0.48195982590053427,1.5708904414968246,0.05886343997785167,-0.03957440582542329,7.718268972595445,-10.38562004896956,2.104259599631136,0.04002343842236766,0.0003716958084460667
11.458,C：打开后垂直脱离 · 执行,2.081684792661076e-06,-6.876079643697297e-06,7.4815701873731655e-06,6.434298928104099e-07,1.319961436818673e-06,9.829650746626117e-07,0.05886998503665981,0.16877619205715116,2.2119456526916865,0.48089405427956755,1.570889121544836,0.05886245773191618,-5.7319462327844246e-05,0.044171824092838416,-0.07168186935743394,-0.11599321537590014,-2.8430329252879654e-05,-1.7038448863784095e-07,0.05887206672145247,0.16876931597750747,2.211953134261874,0.48089469770946036,1.5708904415062728,0.05886344069699084,-0.04268832689666868,7.751763780603416,-10.422599212006958,2.110379831148463,0.040174343537644826,0.0003721631671392271
11.468,C：打开后垂直脱离 · 执行,2.507131122098105e-06,-6.274175635756496e-06,6.310218160443526e-06,-2.3046569007645346e-06,1.4746042438229523e-06,9.413144301528842e-07,0.058869560622188934,0.1692648682058207,2.2111510790866014,0.47961198519605386,1.5708889669211632,0.05886250017929638,-2.9374730679203225e-05,0.0527858237978091,-0.08595679997367729,-0.1384132327873763,-6.345318840311322e-06,6.6576340375278575e-06,0.05887206775331103,0.16925859403018495,2.211157389304762,0.4796096805391531,1.570890441525407,0.058863441493726534,-0.045586252632650086,7.780680558478172,-10.456928578146346,2.1155861902034685,0.04029036646862828,0.00037006311788814023
11.478,C：打开后垂直脱离 · 执行,2.655617665645038e-06,-6.336130824263764e-06,6.519960159767635e-06,-7.685279893143715e-06,1.4068974993897143e-06,8.408531162740207e-07,0.0588694133489958,0.1698423815326127,2.2102086073587075,0.47809766122522673,1.570889034659476,0.05886260150110797,-1.983971844457335e-06,0.06187982024594951,-0.10115499818140503,-0.16227783648417732,1.476280748452665e-05,1.1716812174559574e-05,0.058872068966661445,0.16983604540178843,2.2102151273188673,0.4780899759453336,1.5708904415569753,0.05886344235422424,-0.04828942720035024,7.805702496056192,-10.489129070803608,2.1200291049596354,0.04037525859394383,0.0003659758544221775
11.488,C：打开后垂直脱离 · 执行,2.5439552154490896e-06,-7.023512828108203e-06,7.954258376852152e-06,-1.5135280150735397e-05,1.1559128687554932e-06,6.975053964269895e-07,0.05886952641512784,0.17051312545275968,2.209109465396949,0.47633735932353066,1.5708892856909569,0.05886274575729435,2.2443213530759672e-05,0.07137874786124589,-0.11719375049694122,-0.18745564366271733,3.080257388992911e-05,1.5252838675164915e-05,0.05887207037034329,0.17050610193993157,2.209117419655326,0.4763222240433799,1.5708904416038256,0.05886344326269078,-0.05076031207681274,7.826930481774513,-10.519468888780086,2.1237787652963807,0.040435622175390706,0.0003603611917051323
11.498,C：打开后垂直脱离 · 执行,2.2137721411435995e-06,-8.245495618564025e-06,1.03721366606635e-05,-2.4202550856666782e-05,7.820539054126385e-07,5.265625207112601e-07,0.0588698581999586,0.1712807369275084,2.2078456757682687,0.4743186818068782,1.5708896596149493,0.05886291763941976,4.191434775747314e-05,0.08120779306321661,-0.13399603171758928,-0.21381280828036087,4.006004680226352e-05,1.7336905914635345e-05,0.058872071972099746,0.17127249143188983,2.2078560479049294,0.47429447925602153,1.5708904416688547,0.05886344420194047,-0.05295111140932937,7.844485844817227,-10.54823233534824,2.126910672057827,0.040478758578767426,0.0003537010993563439
11.52,C：打开后垂直脱离 · 执行,1.0257164311036626e-06,-1.2136394674622242e-05,1.7651280433739203e-05,-4.7374641781006144e-05,-1.745986044632275e-07,1.2699052259063093e-07,0.0588710505085267,0.17332357402505347,2.204451075659083,0.4689156405640529,1.5708906164885867,0.05886331929701262,6.107167238131904e-05,0.10362484474836395,-0.17331010868170876,-0.27528355483233485,4.070483198686261e-05,1.6673706000769132e-05,0.058872076224957805,0.17331143763037885,2.204468726939517,0.4688682659222719,1.5708904418899823,0.05886344628753521,-0.05638907359329343,7.869687397081179,-10.60696880634312,2.1318500788165236,0.040538554579903886,0.00033784769360549623
11.53,C：打开后垂直脱离 · 执行,4.3068514254257506e-07,-1.4090111916525982e-05,2.1130814138015097e-05,-5.827145156012126e-05,-5.65793182083496e-07,-3.3962301880519075e-08,0.058871647816118235,0.1744168899657896,2.202614964259699,0.46600257706512194,1.570891007825271,0.05886348116611268,5.90386594028025e-05,0.11400973315144661,-0.19211129079224298,-0.3045025634424579,3.4667700894076785e-05,1.4319147233584743e-05,0.05887207850126078,0.17440279985387308,2.202636095073837,0.4659443056135618,1.5708904420320888,0.0588634472038108,-0.05727762945743832,7.875939270174993,-10.6323692189705,2.133454756417977,0.040560731781810855,0.0003312925567854232
11.54,C：打开后垂直脱离 · 执行,-1.1295416085105314e-07,-1.5941772165184442e-05,2.4299561198315445e-05,-6.879913856672193e-05,-8.838569007796337e-07,-1.659083197352862e-07,0.058872193952150695,0.17561422697558055,2.2005880128097624,0.46279387704371916,1.5708913260605943,0.05886361398458618,5.201651720868322e-05,0.12441617979377127,-0.2114185960295683,-0.33432655693127766,2.5535268763021182e-05,1.1049023343330607e-05,0.058872080997989844,0.17559828520341536,2.2006123123709607,0.46272507790515244,1.5708904422036936,0.05886344807626644,-0.057618183658881585,7.878439699384327,-10.657088480679443,2.134666686111176,0.04058267335524312,0.0003258141544364829
11.55,C：打开后垂直脱离 · 执行,-5.580976159130779e-07,-1.755538049061367e-05,2.691952294187061e-05,-7.863288066001228e-05,-1.1149613243777168e-06,-2.608461142500351e-07,0.05887264181608916,0.1769153884505624,2.198365416110168,0.45928423355149134,1.5708915573683035,0.05886370973571968,4.0454155968808306e-05,0.13476915603837927,-0.2311862731288235,-0.36462079091060345,1.663569204183677e-05,7.041405539251536e-06,0.058872083718473245,0.17689783307007179,2.19839233563311,0.4592056006708313,1.5708904424069792,0.05886344888960543,-0.0574334429921627,7.8778421049212906,-10.681414348559109,2.1356063154394502,0.04060531459676715,0.0003218306519662846
11.56,C：打开后垂直脱离 · 执行,-8.729956791353466e-07,-1.8823117740207618e-05,2.881561650580622e-05,-8.754782244951853e-05,-1.255222886742402e-06,-3.144570258628576e-07,0.05887295966111627,0.1783194529475217,2.1959428170415185,0.45546970354989175,1.5708916978666996,0.058863764087675664,2.637079104546894e-05,0.1449970474230815,-0.2513707794546938,-0.39524860836408693,7.851252175282455e-06,2.7774176514004946e-06,0.05887208666543713,0.17830062982978148,2.1959716326580243,0.45538215572744223,1.5708904426438128,0.0588634496306498,-0.05670179162964489,7.874165853242679,-10.7054468773211,2.136305591758469,0.0406292841914285,0.00031963505452323426
11.57,C：打开后垂直脱离 · 执行,-1.0421610194405462e-06,-1.9671757719774696e-05,2.988191747466118e-05,-9.54253136803418e-05,-1.3074325801998299e-06,-3.262495840081203e-07,0.058873132002104846,0.17982477270514255,2.1933162681853275,0.45134768989625873,1.570891750348261,0.058863776538490904,1.1610860511349597e-05,0.15502768590253682,-0.27193233409155954,-0.4260759486275569,-7.89758903476762e-07,-1.3332047492172305e-06,0.058872089841085405,0.17980510094742277,2.193346150102802,0.4512522645825784,1.5708904429156807,0.058863450288906896,-0.05540491526633441,7.8674024264698375,-10.72924116359858,2.136784855835851,0.040654447178147354,0.0003194451693549319
11.58,C：打开后垂直脱离 · 执行,-1.0663435029006907e-06,-2.0071023993817327e-05,3.007998301951531e-05,-0.00010225210229597437,-1.2772661905913196e-06,-2.9906415970060163e-07,0.05887315959068141,0.18142897442801162,2.1904822015872756,0.44691691618407975,1.570891720489829,0.05886374992129048,-2.2259798953031298e-06,0.16478911439167765,-0.2928340001041686,-0.4569719895787588,-9.09081502791564e-06,-5.0346865561624594e-06,0.05887209324717851,0.1814089034040178,2.190512281570295,0.4468146640817838,1.5708904432236384,0.05886345085713078,-0.053453405896791734,7.856973460648318,-10.752698620014172,2.1369959643040835,0.04067907484704856,0.000321539644279807
11.59,C：打开后垂直脱离 · 执行,-9.52112725112475e-07,-2.0007548968525857e-05,2.944868438126136e-05,-0.00010808890218388933,-1.188902323479013e-06,-2.3808436610400774e-07,0.05887304899782005,0.18312893731483892,2.1874373950289456,0.4421773673374104,1.570891632470589,0.05886368941608805,-1.531168302374033e-05,0.17420449758815354,-0.3140425943881668,-0.4878146736964941,-1.4182170769357806e-05,-8.071361003969181e-06,0.05887209688509494,0.1831089297658704,2.187466843713327,0.44206927843522653,1.5708904435682656,0.058863451331721946,-0.05097001228708351,7.843608855240836,-10.775822691169715,2.1369870647587916,0.04070044921613261,0.0003254420924976914
11.6,C：打开后垂直脱离 · 执行,-7.224729357893644e-07,-1.9501924366283063e-05,2.807650868907885e-05,-0.00011308127531300949,-1.050805007452027e-06,-1.525640777877424e-07,0.05887282322877206,0.18492085011774978,2.1841790005819326,0.43713026134279104,1.5708914947546848,0.05886360427670302,-2.559216250470079e-05,0.18320928910383336,-0.3355185891341852,-0.5184821811358253,-1.8616753989576557e-05,-1.0121532327025688e-05,0.05887210075583627,0.1849013481933835,2.1842070770906217,0.43701718006747803,1.5708904439496774,0.058863451712625234,-0.048038125806026274,7.827398994174242,-10.798503332541557,2.1367288831504054,0.04071942703059427,0.0003306176719847843
11.61,C：打开后垂直脱离 · 执行,-4.088151710351928e-07,-1.860597828209909e-05,2.6094165589629625e-05,-0.00011742888622673364,-8.727899165617004e-07,-5.228327522310838e-08,0.05887251367517676,0.1868002655859324,2.180704564673738,0.4317779740176164,1.5708913171574865,0.058863504286263364,-3.241368453713046e-05,0.19174230503420878,-0.35722135795761367,-0.5488618838505268,-2.2037009624592253e-05,-1.1173257653254e-05,0.05887210486000573,0.1867816596076503,2.1807306588393276,0.4316605451313897,1.57089044436757,0.05886345200298814,-0.044728746580326856,7.808441887918996,-10.82060287334597,2.136191906305671,0.040734973183738504,0.0003365785161104598
11.62,C：打开后垂直脱离 · 执行,-4.5549829998103863e-08,-1.7391677894884605e-05,2.366276572374204e-05,-0.00012135716767808225,-6.71635072446719e-07,5.33177287945219e-08,0.05887215474761545,0.18876214742313477,2.177012053193507,0.42612396591342944,1.5708911164563202,0.058863398891078667,-3.54818422550157e-05,0.1997473761341492,-0.3791075146654286,-0.5788480984793393,-2.4108084438653654e-05,-1.1307180432353017e-05,0.058872109197785454,0.18874475574523988,2.1770357159592306,0.42600260874575135,1.5708904448212477,0.05886345220880746,-0.04106170755329103,7.786402992338038,-10.84183377312489,2.1352911977761715,0.040744272893503436,0.0003429067812906899
11.63,C：打开后垂直脱离 · 执行,3.3347929109112107e-07,-1.5941401533769994e-05,2.0958506271817612e-05,-0.00012509365787782833,-4.6928176411498157e-07,1.557234410379249e-07,0.05887178028962259,0.1908009186145225,2.1730998800907173,0.420172713890825,1.5708909145914396,0.05886329661513401,-3.557129035238564e-05,0.20717110072904613,-0.40113165674860213,-0.6083433529436455,-2.3185591636394426e-05,-1.0677336923179981e-05,0.05887211376891368,0.19078497721298873,2.173120838596989,0.42004762023294717,1.5708904453096755,0.05886345233857505,-0.03714878532221545,7.761875853091193,-10.862170166734922,2.134058640657359,0.04074541186243665,0.00034915884073344415
11.64,C：打开后垂直脱离 · 执行,6.962249218187e-07,-1.434422348930986e-05,1.815536349880631e-05,-0.00012885131600914868,-2.8557703424247904e-07,2.4764336870042314e-07,0.05887142234774004,0.19291051576628115,2.168966937966854,0.4139296496726204,1.570890731408543,0.058863204759555504,-3.26461904598688e-05,0.21396789728187657,-0.42324424695781027,-0.6372543002223701,-2.0393958050244378e-05,-9.365846637627087e-06,0.058872118572661856,0.19289617154279184,2.168985093330353,0.41380079835661127,1.5708904458315087,0.058863452402924205,-0.033047516674818436,7.734950538776836,-10.88147871410636,2.1324718277027994,0.04073720971305931,0.00035500735294631807
11.65,C：打开后垂直脱离 · 执行,1.0146931453194896e-06,-1.2689715197938822e-05,1.5411937493325922e-05,-0.00013281231076683886,-1.351400003013481e-07,3.234109071728608e-07,0.05887110891466657,0.19508444096159192,2.1646126245148958,0.4074010988700492,1.5708905815251406,0.05886312900336862,-2.7076032801033292e-05,0.2200970170975184,-0.4453935799324001,-0.665494007475054,-1.6628421476287896e-05,-7.553018315479416e-06,0.05887212360781189,0.19507175124639398,2.164628036452389,0.4072682865592824,1.5708904463851403,0.05886345241427579,-0.028807508403059828,7.70572687169838,-10.89963729708676,2.1305147669838234,0.040718863718609534,0.00036020332234543005
11.66,C：打开后垂直脱离 · 执行,1.267276874807044e-06,-1.1060966832732166e-05,1.2861815160469803e-05,-0.0001371149576117059,-2.701305845675961e-08,3.7931469486912617e-07,0.05887086159575862,0.19731581283701422,2.160036865440548,0.40059422315767457,1.5708904739817917,0.058863073071789646,-1.952831265946578e-05,0.2255226815288346,-0.46752601052088794,-0.6929813837742027,-1.2532814389981062e-05,-5.490887555758262e-06,0.05887212887263343,0.19730475187018148,2.1600497272557084,0.40045710820006286,1.5708904469687333,0.058863452386484515,-0.024451646298919695,7.674001319944627,-10.916353704245259,2.128124310148371,0.040688970054810196,0.00036453662515693896
11.67,C：打开后垂直脱离 · 执行,1.4408272151072987e-06,-9.527008623139155e-06,1.0606281939384843e-05,-0.0001418459562693153,3.3590820347484396e-08,4.1357394501423395e-07,0.058870693537645756,0.1995974170585961,2.1552401350347488,0.39351696774854006,1.570890413989444,0.05886303876053997,-1.1253308823971748e-05,0.23021297914761943,-0.4895858033920148,-0.719640433488808,-7.649624642424276e-06,-3.3463260070790168e-06,0.05887213436486086,0.19958789004997296,2.155250741316688,0.39337512179227074,1.5708904475802643,0.058863452334484985,-0.020039159556532054,7.640277229308767,-10.931706127007434,2.1253541664601707,0.040647873987140044,0.00036792911315843794
11.68,C：打开后垂直脱离 · 执行,1.5301175439949577e-06,-8.141401544536908e-06,8.709689633068507e-06,-0.0001470391334905119,4.678092957455249e-08,4.261431664764892e-07,0.058870609964126776,0.20192176296735526,2.150223474090063,0.3861780153745893,1.5708904014366338,0.058863026130771434,-2.8234788783347673e-06,0.23414327560306078,-0.511515537999287,-0.7453992341422618,-2.961876881441469e-06,-1.2316963754792628e-06,0.05887214008167077,0.20191362156581072,2.1502321837796963,0.3860309762410988,1.5708904482175634,0.05886345227393791,-0.01560162731894672,7.6046893036884455,-10.94562593707116,2.122209028395816,0.04059628028755363,0.0003703355960459504
11.69,C：打开后垂直脱离 · 执行,1.5372983205724777e-06,-6.9406919931125355e-06,7.199280271930064e-06,-0.00015267681840003267,1.7302360433291142e-08,4.186269454489744e-07,0.058870608721338036,0.2042811400887463,2.1449885033610605,0.37858674289966743,1.5708904315759897,0.05886303359393103,5.127471332893077e-06,0.2372943678666078,-0.533256846835039,-0.7701903737990148,9.745261540004086e-07,6.74477839944832e-07,0.05887214601965861,0.20427419939675318,2.1449957026413324,0.3784340660812674,1.5708904488783502,0.05886345222087648,-0.011165487977184503,7.567387134082922,-10.9580588716242,2.1186999963891227,0.04053509831447264,0.0003717757245548259
11.7,C：打开后垂直脱离 · 执行,1.4710306236245807e-06,-5.94352319205349e-06,6.068028696404326e-06,-0.00015869486376857145,-4.7039534267767635e-08,3.941349905403624e-07,0.05887068114419317,0.2066676752988561,2.1395374340059248,0.37075318157845266,1.570890496599813,0.05886305805636167,1.2004957326745045e-05,0.23965267849146132,-0.5547506093592532,-0.7939504560426744,3.928268993937349e-06,2.155395130007688e-06,0.0588721521748168,0.20666173177566405,2.139543502034621,0.3705944867146841,1.5708904495602787,0.05886345219135221,-0.006758952755223816,7.5283258897407945,-10.968729360792931,2.1147911469374767,0.040464418523273794,0.0003722441712119536
11.72,C：打开后垂直脱离 · 执行,1.1766755155240283e-06,-4.548250407993004e-06,4.764311583471681e-06,-0.00017144889417886056,-2.421737788083078e-07,3.1081681776262693e-07,0.058870988441942156,0.21149026595703727,2.127998855024272,0.3544023866249247,1.570890693151839,0.058863141448273405,2.072874340734919e-05,0.24196505582775737,-0.5967507819474271,-0.8381357398927914,7.094991697045646e-06,3.827530484564563e-06,0.05887216511745768,0.21148571770662927,2.1280036193358556,0.3542309377307458,1.5708904509780601,0.05886345226509117,0.001868344586404193,7.4463964367299225,-10.985343558656162,2.1060062357698466,0.04030152898943329,0.00037079277604455896
11.73,C：打开后垂直脱离 · 执行,9.836244771327385e-07,-4.11095429395103e-06,4.450782027820566e-06,-0.00017791950643331056,-3.520009275170821e-07,2.609367351219527e-07,0.05887118826922447,0.213910297440861,2.121918794968083,0.34590817989846506,1.570890803710158,0.05886319146063057,2.237406954337574e-05,0.24192233316515122,-0.6171356362707991,-0.8584513255060167,7.137846269004349e-06,4.064285104072079e-06,0.0588721718937016,0.21390618648656706,2.1219232457501107,0.34573026039203175,1.5708904517092306,0.05886345239736569,0.006042337676658155,7.403890797846759,-10.991242500558386,2.1011730934138613,0.040211724736233016,0.00036904145290828067
11.74,C：打开后垂直脱离 · 执行,7.838620799185958e-07,-3.804878785457211e-06,4.251658088261223e-06,-0.0001842609956951291,-4.5715492813513947e-07,2.1152984505667938e-07,0.058871395002512525,0.21632556125860766,2.1156375446189943,0.3372176698748537,1.5708909096071817,0.058863241080647416,2.2240836329043495e-05,0.2410924262809099,-0.6370287225713614,-0.8775149483318948,6.43853526747685e-06,3.8044513044091602e-06,0.058872178864592443,0.2163217563798222,2.1156417962770826,0.33703340887915856,1.5708904524522536,0.05886345261049247,0.010060472229889952,7.360511216623257,-10.995224538225134,2.0960245422430495,0.0401167535887109,0.00036660515706378374
11.75,C：打开后垂直脱离 · 执行,5.931014052107386e-07,-3.5917756769920928e-06,4.078815297958727e-06,-0.00019034036161746926,-5.494291139829244e-07,1.6648668146185264e-07,0.0588715929213572,0.2187282744858385,2.109160376180096,0.3283436518564132,1.5708910026341443,0.05886328642862686,2.074102216394996e-05,0.23949244486321047,-0.6563653811077066,-0.895276773519363,4.808850584872634e-06,3.130298535456886e-06,0.05887218602276241,0.21872468271016152,2.109164454995394,0.3281533114947957,1.5708904532050303,0.05886345291530832,0.013910623010623114,7.316586859224089,-10.997548814802009,2.0906250213860034,0.040018551057203124,0.00036361859130267383
11.76,C：打开后垂直脱离 · 执行,4.2387918527259094e-07,-3.432763662158944e-06,3.850507086955446e-06,-0.00019604149487933986,-6.224608173344137e-07,1.2859868282755205e-07,0.05887176948091793,0.22111085714756834,2.102493191318379,0.3192993703296122,1.5708910764264483,0.0588633247218629,1.8171990935452576e-05,0.2371453980976817,-0.6750831132391782,-0.9116947511397381,2.601321156270029e-06,2.3188786258011574e-06,0.0588721933601032,0.22110742438390618,2.102497041825466,0.31910332883473286,1.570890453965631,0.058863453320545725,0.01755946547794979,7.2723064406360995,-10.998184803604765,2.0849898963301476,0.03991766676983765,0.0003600460273974699
11.77,C：打开后垂直脱离 · 执行,2.850221510336537e-07,-3.291127372462288e-06,3.4988106158984067e-06,-0.00020126937643122345,-6.725067760449122e-07,9.960891773214131e-08,0.05887191584559249,0.22346599307209591,2.0956425270031156,0.31009847840196736,1.570891127239108,0.058863354223561176,1.4843046926824036e-05,0.2340802381946835,-0.6931187091182391,-0.9267307918254146,2.7448893995039583e-07,1.4500080855682474e-06,0.05887220086774352,0.22346270194472345,2.0956460258137315,0.30989720902553614,1.570890454732332,0.05886345383247891,0.02097009307706185,7.227858908299602,-10.997094126764853,2.07913106581835,0.03981433324086277,0.0003558269058432864
11.78,C：打开后垂直脱离 · 执行,1.8136609300500872e-07,-3.1346834988288386e-06,2.9739249765015074e-06,-0.00020595413466195645,-6.986247131912648e-07,8.04709288163008e-08,0.058872027169932666,0.22578669031332355,2.0886155644875473,0.30075499709110887,1.5708911541283717,0.058863373983641325,1.1071305339144217e-05,0.23033183518362596,-0.710407991966159,-0.9403508626334147,-1.7184270773018912e-06,4.6735524694712136e-07,0.05887220853602567,0.22578355562982472,2.0886185384125238,0.3005490429564469,1.5708904555036585,0.05886345445457014,0.02406679068416178,7.183441454832941,-10.994033766730325,2.073026254569671,0.03970804002304829,0.00035075313242583265
11.79,C：打开后垂直脱离 · 执行,1.1404643007750792e-07,-2.9341707050989374e-06,2.2563744561665544e-06,-0.00021004645972672042,-7.023316692666981e-07,7.413402404454761e-08,0.05887210230805439,0.22806633709686766,2.081420129967376,0.29128326605277705,1.5708911586100875,0.058863381053097456,7.754244168875957e-06,0.2259417188610762,-0.7268829383716141,-0.9525199289685226,-4.40766310824044e-06,-8.96483010129783e-07,0.05887221635448447,0.22806340292616256,2.081422386341832,0.2910732195930503,1.5708904562784183,0.0588634551871215,0.026799737090927908,7.1392532131212985,-10.988941353422824,2.0666765295926344,0.03959939529809621,0.00034487030785961665
11.8,C：打开后垂直脱离 · 执行,7.536767496901797e-08,-2.683200086645021e-06,1.3030913899036989e-06,-0.00021358150078026883,-6.777564145465931e-07,7.177572630689966e-08,0.058872148944170886,0.2302987665064438,2.0740647496902542,0.2816979639392649,1.5708911348121495,0.05886338425135525,5.064545328796818e-06,0.22095478318713493,-0.7424766341029752,-0.9632117089610408,-6.705051514492573e-06,-1.0252938909465837e-06,0.058872224311845855,0.23029608330635715,2.074066052781644,0.2814843824384846,1.570890457055735,0.058863456027081554,0.02925231433946135,7.095298656372544,-10.982229741705417,2.0601523892152427,0.03948940572728548,0.00033821414744663507
11.81,C：打开后垂直脱离 · 执行,6.24198694398892e-08,-2.3732351556171594e-06,1.2640841218214405e-07,-0.00021654733211706745,-6.396937428654326e-07,7.618781146939702e-08,0.058872169976213445,0.2324782434773615,2.066558542698378,0.27201393658335626,1.5708910975287602,0.05886338078043126,2.685600131909828e-06,0.21541400513152534,-0.7571319962734208,-0.9724105109439439,-7.422830524295639e-06,-1.9046701956110379e-06,0.058872232396082885,0.2324758702422059,2.06655866910679,0.2717973892512392,1.5708904578350174,0.05886345696824273,0.03144196418055749,7.051622310911264,-10.973782117979578,2.0534720195869864,0.03937587384930177,0.00033138755551888934
11.82,C：打开后垂直脱离 · 执行,6.945771205413287e-08,-2.004628882334991e-06,-1.2454196238742554e-06,-0.00021895784844411237,-5.979478188145038e-07,8.944538298222282e-08,0.058872171136779596,0.23459947495034403,2.0589112203029116,0.26224623076628795,1.5708910565637553,0.05886336855621176,7.798151220261764e-07,0.20936336883414397,-0.7707916217403594,-0.9800983022756411,-6.9854177801206876e-06,-2.526559200422217e-06,0.05887224059449165,0.2345974703214617,2.0589099748832878,0.26202727291784383,1.5708904586159365,0.058863458001594746,0.0333640395355167,7.008287207443849,-10.963351322454708,2.04663237134679,0.03925780669446509,0.0003246817842665398
11.83,C：打开后垂直脱离 · 执行,8.84043359697384e-08,-1.5878600210239568e-06,-2.7805146070036812e-06,-0.00022086146684646701,-5.556834665743082e-07,1.0815662956908945e-07,0.0588721604894334,0.2366576097169855,2.0511330579542517,0.2524100638749041,1.5708910150818516,0.058863350959053866,-1.6054508807186277e-08,0.20284785419256188,-0.783398090231867,-0.9862559527741912,-7.02490094514673e-06,-3.075145260029259e-06,0.05887224889376937,0.23665602185696447,2.0511302774396447,0.25218920240805764,1.570890459398385,0.058863459115683435,0.035081798474436224,6.965262863059385,-10.951304344562981,2.039684080695065,0.03913682529088648,0.00031835911436296495
11.84,C：打开后垂直脱离 · 执行,1.1141515288831672e-07,-1.1390425285473516e-06,-4.438481131074923e-06,-0.00022231967914929096,-5.143357182380015e-07,1.2929078681278572e-07,0.0588721458649389,0.23864823253970752,2.0432348499149526,0.24252076340345277,1.5708909745181667,0.05886333100618291,-2.38717925140346e-08,0.195910433376672,-0.7949026066611091,-0.9908769355657546,-7.026050802936787e-06,-3.2189535164858907e-06,0.05887225728009179,0.23864709349717897,2.0432304114338216,0.24229844372430348,1.5708904601824485,0.058863460296969726,0.03662106546495134,6.922578428204156,-10.937674330858258,2.0326496037049226,0.03901280806042743,0.0003125365048481922
11.85,C：打开后垂直脱离 · 执行,1.3197264744219117e-07,-6.771326346299844e-07,-6.1709432794820884e-06,-0.0002233938176033068,-4.758151634920438e-07,1.4996941993111745e-07,0.058872133766543176,0.24056735996936862,2.035227869363473,0.23259371466870535,1.570890936783527,0.058863311560768516,4.428756079063039e-07,0.1885938263482547,-0.8052598032704625,-0.9939589823694136,-6.544665799568656e-06,-2.9219479235362297e-06,0.05887226573919062,0.240566682836734,2.0352216984201936,0.23237032085110204,1.5708904609683636,0.05886346153018845,0.038004688231098455,6.880268523885334,-10.92249998108369,2.0255511293853825,0.03888564436327536,0.0003073362970489275
11.86,C：打开后垂直脱离 · 执行,1.4507946766162405e-07,-2.2236961824684265e-07,-7.926022984161563e-06,-0.00022413949689895074,-4.427002877616104e-07,1.6791966834378558e-07,0.05887212917696376,0.2424114373965771,2.027123832439497,0.22264431620140465,1.570890904456782,0.05886329487903932,1.10582645366153e-06,0.18094051935255434,-0.8144276561090044,-0.9955037718571617,-5.2733146840753236e-06,-2.3829204960448575e-06,0.05887227425643142,0.24241121502695887,2.0271159064165127,0.2224201767045057,1.5708904617564943,0.05886346279870766,0.03923311612767088,6.838453303164385,-10.905602113348436,2.018402210460572,0.03875494754405236,0.0003030593747077288
11.870000000000001,C：打开后垂直脱离 · 执行,1.461609374225903e-07,2.0286243543332638e-07,-9.658718330474159e-06,-0.00022461287546654551,-4.155386068571687e-07,1.8218555864618624e-07,0.05887213665595352,0.244177338523988,2.0189348681892025,0.21268794695699947,1.5708908780858968,0.05886328189932862,2.4960321975911105e-06,0.17299430524483106,-0.822363679243278,-0.995510340070548,-4.715497058214539e-06,-2.1389145893801266e-06,0.05887228281689094,0.24417754138642345,2.018925209470872,0.21246333408153292,1.57089046254729,0.05886346408488727,0.04033677476207461,6.797102217123591,-10.887323420224785,2.011231820017516,0.03862235745584531,0.0002997440854670413
11.88,C：打开后垂直脱离 · 执行,1.3222302320398116e-07,5.773504679063013e-07,-1.1329183024599843e-05,-0.00022485886066023197,-3.951400144863726e-07,1.918190236024908e-07,0.05887215918241149,0.24586236066100778,2.0106734764116876,0.2027399154702623,1.5708908584812689,0.05886327355141449,4.1568688908897314e-06,0.16479691586365786,-0.8290338545966339,-0.9939899926389406,-4.158962259440843e-06,-1.6941152819895965e-06,0.05887229140543469,0.24586293801147568,2.010662147228663,0.20251505660960206,1.5708904633412544,0.058863465370438094,0.04132900151560427,6.756278342749376,-10.86772882622973,2.0040632242534335,0.038487757827252764,0.00029739223442890386
11.89,C：打开后垂直脱离 · 执行,1.0231578057712243e-07,8.832136871028684e-07,-1.2903284316134744e-05,-0.00022490592016521926,-3.8315113570774884e-07,1.9596467593779865e-07,0.05887219769101435,0.2474642211730925,2.002352487783853,0.1928154156161307,1.570890847290046,0.05886327067210497,5.704817134920199e-06,0.15638989280504323,-0.8344076618260918,-0.9909574492485007,-3.1387026000351106e-06,-9.73258280767981e-07,0.05887230000679493,0.2474651043867796,2.002339584499537,0.19259050969596547,1.5708904641389103,0.05886346663678091,0.042219559908632485,6.716054919199157,-10.846895037792644,1.9969199520319836,0.038351107436229166,0.000296021486605886
11.9,C：打开后垂直脱离 · 执行,5.7385160977252436e-08,1.1069247035921936e-06,-1.4354704291674736e-05,-0.0002247665099927576,-3.8134946289680727e-07,1.9438877636029916e-07,0.058872251220486504,0.2489810550711505,1.9939850255286653,0.18292948798713646,1.5708908462902296,0.058863273476628945,6.833918599923157e-06,0.14781460378159747,-0.8384581897411553,-0.9864307409922299,-1.421726685947511e-06,-1.491415339684659e-07,0.05887230860564748,0.2489821619958541,1.9939706708243736,0.1827047214771437,1.5708904649407667,0.058863467865405306,0.04299893511268237,6.676651118036781,-10.824752193685352,1.9898333565593649,0.038212483130160825,0.00029585600100777323
11.91,C：打开后垂直脱离 · 执行,-1.1647128678182739e-09,1.2375037989342808e-06,-1.567128366120052e-05,-0.00022444786862413357,-3.884689183664136e-07,1.883153502996171e-07,0.05887231835140289,0.2504114154278122,1.9855844713258974,0.1730969916369832,1.5708908542162014,0.05886328072287839,8.112766289419652e-06,0.13911395582810174,-0.8411587811533359,-0.9804250341911901,-6.75816405679708e-07,8.171228232316496e-08,0.058872317186690025,0.25041265293161113,1.9855688000422362,0.17287254376835906,1.570890465747283,0.05886346903822869,0.04367500276822221,6.638032814553739,-10.801619405201167,1.9828160227831413,0.03807356904939425,0.0002967821815799123
11.92,C：打开后垂直脱离 · 执行,-7.05890581195745e-08,1.268953635447101e-06,-1.6849763557313935e-05,-0.00022394476129225516,-4.026825906056075e-07,1.7866508285335758e-07,0.05887239632377752,0.2517542695532581,1.9771644196208926,0.16333255777426287,1.5708908692414298,0.058863291472872475,9.111434864612982e-06,0.1303287588368357,-0.8424913050824415,-0.9729671325845773,-2.2606149722416878e-07,3.2987383660220863e-07,0.0588723257347194,0.25175553850689353,1.9771475698573353,0.1631086130129706,1.5708904665588392,0.05886347013795533,0.04424699747194718,6.600309801051076,-10.777601192501194,1.9758916861917024,0.037934568955562485,0.00029868285929549515
11.93,C：打开后垂直脱离 · 执行,-1.4675879890513333e-07,1.2011924833132959e-06,-1.7893151573300514e-05,-0.0002232390480725044,-4.2248865939065183e-07,1.659817344124015e-07,0.05887248099350799,0.2530089966725304,1.9687386345575628,0.1536505502799798,1.5708908898643543,0.05886330516670062,9.530931640711444e-06,0.12149977411901326,-0.8424414024527636,-0.964086709095418,3.637624081383152e-07,7.522904739557158e-07,0.058872334234709084,0.2530101978650137,1.9687207414059895,0.15342731123190728,1.570890467375695,0.058863471148435036,0.04470990322119633,6.563601740638923,-10.752811274374228,1.9690830159842503,0.037795800838625535,0.00030144902742670925
11.94,C：打开后垂直脱离 · 执行,-2.2474969293972968e-07,1.0396350702546187e-06,-1.880995075542735e-05,-0.0002223040749616545,-4.4648179930995013e-07,1.5094016168892832e-07,0.05887256742157992,0.2541753869552217,1.960321008774346,0.14406503104806392,1.570890914679761,0.05886332111486086,9.199895464882962e-06,0.11266773483425373,-0.8409985632995924,-0.9538163385594436,1.3334903828802994e-06,1.2494661358724763e-06,0.05887234267188698,0.25417642659029194,1.9603021988235905,0.14384272697310227,1.5708904681979616,0.05886347205502255,0.045030649301893176,6.528251600644671,-10.727293770897823,1.9624312169820612,0.037657982698272814,0.00030508347904917115
11.95,C：打开后垂直脱离 · 执行,-3.0059780829760907e-07,7.91719356518783e-07,-1.961726104071637e-05,-0.0002211168062369595,-4.7082258047836945e-07,1.3533284816402702e-07,0.05887265162962113,0.2552536435992377,1.951925526072603,0.13458973306716454,1.5708909398481459,0.05886333751208799,8.826853359760354e-06,0.10387520501545643,-0.838153348370896,-0.9421864715046455,1.1341823221592076e-06,1.0934401672096992e-06,0.05887235103181283,0.2552544353185942,1.9519059088115622,0.13436861626092758,1.5708904690255654,0.058863472844936156,0.045205116182648636,6.494194378024359,-10.70131438524201,1.9559320617216134,0.03752269332239147,0.0003093860862823508
11.96,C：打开后垂直脱离 · 执行,-3.706374535825119e-07,4.68181682478086e-07,-2.033440189119773e-05,-0.00021965288206504674,-4.921606360230868e-07,1.2023575446384882e-07,0.05887272993790952,0.2562443801661884,1.9435662146062131,0.12523801642769203,1.5708909620188487,0.058863353271862325,8.155552275075793e-06,0.09516262385376725,-0.8339043565618426,-0.9292381061861975,5.475599306947396e-07,9.32830449591896e-07,0.05887235930045594,0.25624484834787087,1.943545880204322,0.12501836354562698,1.5708904698582127,0.05886347350761679,0.04521646072789203,6.461576860715365,-10.674999747367274,1.949603770277661,0.03739022912205461,0.0003140975953432072
11.97,C：打开后垂直脱离 · 执行,-4.315434936966178e-07,8.298224768443774e-08,-2.097973297443545e-05,-0.0002178872533658005,-5.086720320512939e-07,1.0598934616773414e-07,0.058872799007766284,0.2571486192664476,1.9352571032692185,0.11602282990611734,1.5708909793673926,0.058863368045740876,7.06715532826142e-06,0.08657047839959922,-0.8282539934313875,-0.915015056654878,1.0892817080213537e-07,9.638300974489937e-07,0.05887236746427259,0.2571487022486953,1.935236123536244,0.11580494265275154,1.5708904706953606,0.05886347403508704,0.04504340656821568,6.430550828127638,-10.648480675488496,1.9434619644355,0.03726087899520622,0.000318963320163714
11.98,C：打开后垂直脱离 · 执行,-4.808103997305802e-07,-3.478901532960599e-07,-2.156971286448872e-05,-0.0002157980654236974,-5.197824426428355e-07,9.275837715289059e-08,0.058872856320683495,0.2579677923649539,1.927012180321485,0.10695667579801586,1.5708909913186169,0.05886338166393274,5.555485417830346e-06,0.07813928953451565,-0.8212084986251438,-0.8995641259668278,1.3650431199631102e-07,1.1433324945597228e-06,0.058872375510283764,0.2579674444748006,1.9269906106086205,0.10674087773259217,1.5708904715361742,0.058863474422309894,0.044618960943983425,6.401583135512989,-10.621904205846244,1.9375475470055994,0.03713552706768826,0.0003236590830270207
11.99,C：打开后垂直脱离 · 执行,-5.177848030821219e-07,-8.095517740058789e-07,-2.2120613491605212e-05,-0.00021337375112745471,-5.24350867614487e-07,8.124876173243312e-08,0.05887290121095615,0.25870374155885645,1.9188453542792163,0.09805157753638934,1.5708909967303684,0.058863393418786276,4.17196719440113e-06,0.0699109407680008,-0.812776594715079,-0.882932874677835,-2.474263529634401e-07,1.0154514010717912e-06,0.058872383426153065,0.25870293200708244,1.9188232336657247,0.09783820378526188,1.5708904723795007,0.05886347466754801,0.04395970984383487,6.374414679517624,-10.5954278004223,1.9318300479760888,0.037014499538935756,0.00032800140064573444
12.0,C：打开后垂直脱离 · 执行,-5.420608374176461e-07,-1.2794154871098584e-06,-2.2638918148132348e-05,-0.0002106007173844071,-5.225603598724149e-07,7.361962842122871e-08,0.058872933261098444,0.2593587087260631,1.9107704057487476,0.08931903085008655,1.5708909957841928,0.0588634011530835,3.4662001294093057e-06,0.06192652806935466,-0.802971556630836,-0.8651731615293384,-2.1101595390976447e-06,2.9770160390070997e-07,0.058872391200261026,0.259357429310576,1.9107477668305994,0.08910843013270214,1.570890473223833,0.05886347477271192,0.04298901826617545,6.349542130583174,-10.569234836187478,1.9263505916600285,0.03689955259055547,0.0003317196678231157
12.01,C：打开后垂直脱离 · 执行,-5.609020490848771e-07,-1.7611132839268073e-06,-2.314949176929204e-05,-0.00020751045775532773,-5.046434636835073e-07,6.55291724632745e-08,0.058872959723808974,0.2599353584313329,1.9028009694997614,0.08077001579357347,1.570890978710762,0.058863409214330885,2.7434656012561158e-06,0.05422449908591198,-0.791813769302107,-0.8463443756779093,-2.8154710137918676e-06,6.887471482076054e-07,0.05887239882175989,0.259933597318049,1.9027778200079921,0.08056250533581814,1.5708904740672984,0.05886347474350335,0.04177242501172631,6.326598277263718,-10.5433904898596,1.9210867815951551,0.03678958794662736,0.00033456534324197943
12.02,C：打开后垂直脱离 · 执行,-5.721999586996707e-07,-2.2408238700144523e-06,-2.3644796702582127e-05,-0.00020409154146314168,-4.864794753700608e-07,5.8741716275900746e-08,0.0588729784805258,0.26043670260421964,1.8949504418846954,0.0724148985962602,1.5708909613871689,0.05886341584740993,1.7479188727562574e-06,0.046838628072978214,-0.7793273965822597,-0.8265050274358475,-1.9172816510843305e-06,5.574473074647243e-07,0.0588724062805671,0.2604344617803496,1.8949267970879928,0.07221080705479706,1.5708904749076935,0.058863474589126205,0.040274469989867744,6.30605696275126,-10.518105852469361,1.9161004568314144,0.03668404218419091,0.0003366055308952535
12.03,C：打开后垂直脱离 · 执行,-5.774933795402171e-07,-2.7113148882706994e-06,-2.4120495560664423e-05,-0.00020035384405327206,-4.7261257307695814e-07,5.605816506132344e-08,0.05887299106072669,0.2608660869274377,1.887231967635496,0.06426348475114191,1.5708909483551041,0.058863418263691465,1.2632564238073597e-06,0.039801840220058386,-0.7655387578208582,-0.8057097702276657,-1.551542469855151e-06,1.587853026248091e-07,0.05887241356734715,0.2608633756125494,1.8872078471399354,0.06406313090708864,1.570890475742531,0.058863474321856527,0.0385475910121749,6.28754433884398,-10.493434900568733,1.9113648566431085,0.0365832375446903,0.0003380197935663156
12.04,C：打开后垂直脱离 · 执行,-5.794220094487712e-07,-3.169084062726313e-06,-2.4570990560635053e-05,-0.0001963193315904152,-4.6162799605120597e-07,5.5923376394984015e-08,0.05887300009550003,0.2612271499408563,1.8796583889100917,0.056325001353538205,1.5708909381970884,0.05886341803323227,1.0712572449380879e-06,0.03314106669082067,-0.7504808956350439,-0.7840181960735992,-1.4984284220132907e-06,-8.200181492991706e-08,0.058872420673490584,0.26122398085679355,1.879633817919531,0.05612868202194779,1.5708904765690923,0.05886347395660867,0.03661028518790116,6.2710447569348675,-10.469478188528768,1.9068888545020748,0.03648740169696625,0.0003387097211795913
12.05,C：打开后垂直脱离 · 执行,-5.800133313152434e-07,-3.6121575521796956e-06,-2.498729035393943e-05,-0.00019201476662679406,-4.5152948824345174e-07,5.708311114765996e-08,0.05887300760442487,0.2615237828361712,1.8722421962754627,0.04860808093724931,1.570890928913961,0.05886341642739024,9.613007413991897e-07,0.026879513965882305,-0.7341912429569286,-0.7614907212753301,-1.4090473664004726e-06,-9.935204370659155e-08,0.058872427591093554,0.26152017067861905,1.8722172089851088,0.04841606617062252,1.5708904773844727,0.05886347351050139,0.034481697961367117,6.2565359229010316,-10.446335125963664,1.9026804003058406,0.03639673416366084,0.00033863338258258407
12.06,C：打开后垂直脱离 · 执行,-5.804187137373185e-07,-4.039787502463366e-06,-2.5357777991397157e-05,-0.00018746877069654444,-4.417126160394247e-07,5.84926684657483e-08,0.05887301473165082,0.2617600911507719,1.8649954825918365,0.04112074966723809,1.5708909198982501,0.05886341450975545,7.893032921311366e-07,0.021036701061189114,-0.7167115445907092,-0.738188507859921,-1.000939006906389e-06,1.0905862835330655e-07,0.05887243431293708,0.26175605136326946,1.864970124813845,0.040933280896541545,1.570890478185634,0.058863473002423915,0.03215587895474747,6.244305288419465,-10.42427639543213,1.8987907900635284,0.0363122712812162,0.00033764376990910646
12.07,C：打开后垂直脱离 · 执行,-5.817696039980835e-07,-4.454169237944061e-06,-2.5669660616234324e-05,-0.0001827113260336813,-4.316069412979573e-07,5.990941145256334e-08,0.05887302260207065,0.26194035848125097,1.857929897578627,0.03387041797153567,1.5708909105763948,0.05886341254319056,9.076554258099548e-07,0.015629580255066246,-0.6980880273390616,-0.7141729119362243,-1.0545407471643281e-06,1.1715312175617258e-07,0.05887244083246665,0.261935904312013,1.8579042279180107,0.03368770664550199,1.5708904789694536,0.05886347245260201,0.029679582851464242,6.233972966529701,-10.403256471725818,1.8951854370945167,0.036233836806422615,0.0003359355821115913
12.08,C：打开后垂直脱离 · 执行,-5.855051361525199e-07,-4.93858860817209e-06,-2.59473652910458e-05,-0.0001767625979518378,-4.1967335562276276e-07,6.138320021720212e-08,0.0588730338857056,0.26208893850019965,1.8497059615427465,0.025492364405509515,1.5708908995560522,0.058863410384299715,1.1206931789320293e-06,0.00973235648837043,-0.6743023369324888,-0.6845021554486115,-1.0547688882580556e-06,1.3624376578353926e-07,0.058872448380569445,0.2620839999115915,1.8496800141774554,0.025315601807557677,1.5708904798826966,0.05886347176749993,0.026547073558461805,6.223923673723627,-10.379465630931762,1.891230262385283,0.03614713841243593,0.0003329783774804164
12.09,C：打开后垂直脱离 · 执行,-5.890332319263836e-07,-5.255844091445194e-06,-2.6064088287869325e-05,-0.00017267164316784114,-4.132784048316296e-07,6.174934669145316e-08,0.05887304227479605,0.26215055600896126,1.8443862189628695,0.020107245931872814,1.570890893750844,0.058863409563361085,1.1870613213375734e-06,0.006165424577654467,-0.6576185516415993,-0.6642567066132535,-8.381450792336161e-07,2.3047739985072646e-07,0.05887245324156412,0.2621453001648698,1.8443601548745816,0.019934574288704973,1.570890480472439,0.05886347131270778,0.0243679978630637,6.21882696202118,-10.364701160503623,1.8888602230527676,0.036094462246501154,0.00033038881337457595
12.1,C：打开后垂直脱离 · 执行,-5.944358833775976e-07,-5.649566422127883e-06,-2.6123372700359582e-05,-0.0001674379050345294,-4.0751828267460155e-07,6.157181026839043e-08,0.058873053557043115,0.26218958898491046,1.837928795345812,0.013606049663108218,1.5708908887036557,0.0588634091940546,1.1245444875620145e-06,0.0021206581961553273,-0.6358878767289551,-0.6384851048856023,-2.8767843252433576e-07,4.595661657337717e-07,0.05887245912115974,0.26218393941848833,1.8379026719731117,0.013438611758073689,1.570890481185373,0.058863470765864866,0.021571788841261253,6.21418828636815,-10.347591488771267,1.8862087012742794,0.03603450722326219,0.00032652927617185816
12.11,C：打开后垂直脱离 · 执行,-6.003702135645717e-07,-6.043341246375622e-06,-2.6078163332554638e-05,-0.00016208873810614165,-4.044154386928511e-07,6.07350115477967e-08,0.05887306514866921,0.26219071096908964,1.8316937472351296,0.007365122399218232,1.5708908862840385,0.05886340952785706,1.1218244911453598e-06,-0.001463362054931535,-0.6132454193841317,-0.6122592127908641,-4.251616796102654e-08,5.657022791062118e-07,0.058872464778455647,0.26218466762784326,1.831667669071797,0.007203033661112091,1.5708904818685998,0.05886347026286861,0.018727163470106015,6.211209961036766,-10.331907113382158,1.8838794260734961,0.03598090418626328,0.0003221529959677407
12.12,C：打开后垂直脱离 · 执行,-6.058678144391094e-07,-6.439910671951488e-06,-2.592164072368064e-05,-0.00015664006430554352,-4.037656962108116e-07,5.946751049229482e-08,0.058873076077725184,0.26215851162974296,1.8256898172426417,0.0013886419725811436,1.5708908862850024,0.05886341035660878,1.0184944176099125e-06,-0.0045901843355248065,-0.589760486660812,-0.5856457758343508,1.4057140369632345e-07,6.008825538829897e-07,0.058872470209910745,0.262152071719071,1.825663895601918,0.0012320019082756,1.5708904825193062,0.058863469824119274,0.01586371458872944,6.209823892349531,-10.317736084209754,1.8818825925661782,0.035933674317494065,0.00031735568730932996
12.13,C：打开后垂直脱离 · 执行,-6.094666967215723e-07,-6.8405478320099355e-06,-2.565026722978203e-05,-0.00015110536652860988,-4.053477713483744e-07,5.7945611940668496e-08,0.05887308487922145,0.26209752626006394,1.8199250279944974,-0.004319886539956705,1.5708908884826638,0.058863411523138294,7.250798972583903e-07,-0.007267041706280336,-0.5655068444049447,-0.5587121461379866,3.5863015667094323e-07,6.214123523431614e-07,0.05887247541252473,0.26209068571223193,1.8198993777272676,-0.004470991906485315,1.5708904831348924,0.058863469468750235,0.013012416825956682,6.2099555256493915,-10.305167131940369,1.8802288383520835,0.03589292242857413,0.0003122487155350103
12.14,C：打开后垂直脱离 · 执行,-6.094325389408017e-07,-7.2451426322284185e-06,-2.5264134937863503e-05,-0.0001454965417220181,-4.087404372743464e-07,5.622146388717386e-08,0.05887308981635687,0.26201219786025826,1.8144066355953297,-0.009757638833815618,1.57089089245345,0.058863412992730284,2.035041552382001e-07,-0.009504868290445301,-0.5405628179355945,-0.531526426801179,6.27203124098717e-07,7.236345114649691e-07,0.05887248038381793,0.262004952717626,1.8143813714603918,-0.009903135375537636,1.5708904837130127,0.05886346921419417,0.010218126427205904,6.211750780302826,-10.294587000721101,1.8789902557330442,0.035859982158559255,0.0003069500169317299
12.15,C：打开后垂直脱离 · 执行,-6.041555199870485e-07,-7.652327705331974e-06,-2.4763570146024705e-05,-0.00013982163401317707,-4.1290169194851956e-07,5.446823773957998e-08,0.058873089277330384,0.2619068392598158,1.8091410793489735,-0.014922482513364933,1.5708908971533257,0.058863414607511405,-4.225598114987805e-07,-0.011318334972968497,-0.5150136439063586,-0.5041595295346833,6.647331084753447e-07,8.057731685543298e-07,0.0588724851218104,0.26189918693211045,1.8091163157788275,-0.01506230414737811,1.5708904842516338,0.058863469075749145,0.0075115257124654606,6.2148704608646534,-10.285787888514939,1.8781247285989764,0.03583412996530834,0.00030168049278860845
12.16,C：打开后垂直脱离 · 执行,-5.920706855136459e-07,-8.059155652884176e-06,-2.415061185301326e-05,-0.0001340874349222837,-4.1683322593577543e-07,5.29914880517679e-08,0.058873081695686884,0.26178559479106817,1.8041339363531874,-0.019812983361522932,1.5708909015823045,0.058863416074656755,-1.1879291181284352e-06,-0.012726033714843491,-0.48894709330825364,-0.4766809850386141,5.84765798775632e-07,7.80271232266711e-07,0.05887248962500137,0.2617775356354153,1.8041097857413344,-0.019947070796445216,1.5708904847490786,0.058863469066144807,0.00492996187400069,6.219223197716861,-10.27885305482983,1.8776453499416352,0.035815524852575754,0.00029663878092412967
12.17,C：打开后垂直脱离 · 执行,-5.718013643060682e-07,-8.461442359997129e-06,-2.3430003931457222e-05,-0.00012830152456386537,-4.1971907949189813e-07,5.207384377869939e-08,0.058873065693713374,0.2616524026288201,1.7993898756080684,-0.02442841216836791,1.5708909049231579,0.05886341712126427,-2.079593849020934e-06,-0.013750222032484194,-0.4624555440914467,-0.44916111505283807,4.3607309916805883e-07,6.864101550771855e-07,0.05887249389234907,0.2616439411864601,1.799366445604137,-0.024556713692931775,1.5708904852040784,0.05886346919510805,0.002512379694027961,6.224711791225429,-10.27386549655547,1.8775658223587979,0.03580434429651472,0.00029202855523905434
12.18,C：打开后垂直脱离 · 执行,-5.42331310166011e-07,-8.854265129198957e-06,-2.2608979626248527e-05,-0.0001224728876801015,-4.209241071251313e-07,5.176375428295188e-08,0.05887304025455964,0.26151095728480056,1.7949126109167883,-0.02876875298491704,1.570890906539926,0.058863417705175586,-3.062077780413287e-06,-0.014416843416740632,-0.43563605165008257,-0.42167117204758936,2.510170894220387e-07,6.619586342161156e-07,0.05887249792324947,0.26150210301967136,1.794890001937162,-0.02889122587259714,1.5708904856158188,0.05886346946892987,0.0003398651964894617,6.23138891091762,-10.271256494475754,1.8779727717505375,0.035802010562937754,0.00028820105975666324
12.19,C：打开后垂直脱离 · 执行,-5.031019577952933e-07,-9.231487183014586e-06,-2.169210497338092e-05,-0.0001166079735631792,-4.200374599250267e-07,5.199377935138916e-08,0.05887300481947414,0.2613646711284815,1.7907048488452466,-0.03283471593301601,1.570890906021452,0.05886341789625145,-4.087926706472352e-06,-0.014756193897072197,-0.4085936010218514,-0.3942862268959596,6.049219336159714e-08,7.221142683415787e-07,0.058872501717516346,0.2613554396412985,1.7906831567402732,-0.03295132390657919,1.570890485983992,0.0588634698900308,-0.0015724214875028602,6.23896803965549,-10.270749182787288,1.8788184821294853,0.03580745059610949,0.0002853257557996474
12.2,C：打开后垂直脱离 · 执行,-4.5400511869408966e-07,-9.587713080572158e-06,-2.0689310539001582e-05,-0.0001107188686917393,-4.169516223395675e-07,5.2539246085669955e-08,0.058872959280479115,0.26121663833885966,1.7867682498677506,-0.03662773790486357,1.5708909032604677,0.05886341791728122,-5.110250092857273e-06,-0.014801196633572499,-0.38143214872383335,-0.36707683712941697,-1.1884156507054803e-07,8.738443762419914e-07,0.05887250527536042,0.2612070506257791,1.7867475605572116,-0.03673845677355531,1.5708904863088453,0.0588634704565273,-0.0031938300480121784,6.247302636461625,-10.27234908320887,1.88009639978108,0.035820462662526614,0.00028360290032966037
12.222,C：打开后垂直脱离 · 执行,-3.095668139677099e-07,-1.0261381008902504e-05,-1.820506337391059e-05,-9.76820060422448e-05,-4.0666041978276724e-07,5.989393368766027e-08,0.05887282184071674,0.2608977491850106,1.7790632946417386,-0.044023551778389694,1.570890893536534,0.058863412281154985,-7.170814263370931e-06,-0.014049752531171562,-0.3218255746408969,-0.30821723499210735,-8.43416536057556e-07,2.1004970033254003e-07,0.05887251227390277,0.26088748780400167,1.7790450895783647,-0.04412123378443194,1.5708904868761142,0.05886347217508867,-0.005534178927300685,6.268706158197106,-10.284681062813391,1.8847303236043094,0.035880350766476825,0.0002850170892867834
12.232,C：打开后垂直脱离 · 执行,-2.3284311288784831e-07,-1.0502908453835502e-05,-1.6945909510068802e-05,-9.17638789091485e-05,-3.9285565933688815e-07,6.3978574098289e-08,0.05887274792433125,0.2607606853690049,1.7759925220732886,-0.046961632212191386,1.5708908799266161,0.05886340916132866,-7.69135409748217e-06,-0.013402136611760238,-0.2950565434013381,-0.2820905955882479,-1.3773942823218682e-06,5.844907996283759e-07,0.05887251508121836,0.26075018246055104,1.7759755761637785,-0.047053396091100534,1.5708904870709568,0.058863473139902756,-0.0061584900848359846,6.279972137163516,-10.294164640279178,1.8875931892884241,0.03592199676111925,0.00028716661488883575
12.242,C：打开后垂直脱离 · 执行,-1.5277515744149817e-07,-1.069777160700447e-05,-1.561820948303705e-05,-8.589156277766241e-05,-3.747121861685798e-07,6.592516922643288e-08,0.05887267043280425,0.2606309163633136,1.7731875152742382,-0.049641181933489986,1.5708908619420017,0.05886340826829877,-7.900167180648376e-06,-0.012610539984074349,-0.2686555641314997,-0.2564746562393858,-1.7478875385676537e-06,6.138930845278354e-07,0.05887251765764681,0.2606202185917066,1.7731718970647552,-0.04972707349626765,1.5708904872298155,0.058863474193468,-0.006556084821118883,6.292356449301427,-10.306160796750916,1.8909229718031118,0.03597258522564131,0.00028997148433298776
12.252,C：打开后垂直脱离 · 执行,-7.271028307914706e-08,-1.0841726292620812e-05,-1.4228495549550857e-05,-8.008499723759221e-05,-3.541375768190136e-07,6.691541213493801e-08,0.05887259271629751,0.2605097072575651,1.7706439264878209,-0.05206780400555195,1.5708908414932055,0.058863408398239433,-7.715275336832664e-06,-0.01170611627278965,-0.24274260079842963,-0.23145838079022207,-2.0103170465959896e-06,6.284467853200255e-07,0.05887252000601443,0.2604988655312725,1.7706296979922713,-0.05214788900278954,1.5708904873556286,0.05886347531365157,-0.006727912057840943,6.306195894527837,-10.321191368904326,1.8948027797987332,0.03603370892162116,0.0002933041260615755
12.262,C：打开后垂直脱离 · 执行,3.712780589915088e-09,-1.0931353230436702e-05,-1.2778699580273667e-05,-7.435755886958662e-05,-3.330288886882471e-07,6.69244936968294e-08,0.0588725184171395,0.2603980205486036,1.7683561856977557,-0.0542480222323261,1.570890820480524,0.05886340955203186,-7.228945260958249e-06,-0.010718783546841436,-0.2174435237329282,-0.20713849340932,-1.9370913888085854e-06,8.589839669034168e-07,0.05887252212992009,0.2603870891953732,1.7683434069981754,-0.05432237979119569,1.5708904874516354,0.05886347647652556,-0.006736484995764692,6.321421991918246,-10.338886353767709,1.8991606108420036,0.03610383820388493,0.0002968783879410568
12.272,C：打开后垂直脱离 · 执行,7.309929874604881e-08,-1.096538568340355e-05,-1.1271674508872565e-05,-6.872381425880592e-05,-3.1335766359497086e-07,6.63415160792602e-08,0.058872450934530085,0.26029653658112045,1.7663174875753513,-0.05618931110902763,1.5708908008789564,0.058863411315599565,-6.4272805007766465e-06,-0.009675602012673694,-0.19288139853985556,-0.18361013408678017,-1.6712688449188915e-06,9.098432662958832e-07,0.05887252403382883,0.26028557119543705,1.7663062159008425,-0.05625803492328644,1.5708904875212928,0.058863477657115644,-0.006606703236702737,6.338141047582283,-10.359332166654672,1.9039992931661047,0.036183108231395394,0.0003006183129770642
12.286,C：打开后垂直脱离 · 执行,1.5346959928580484e-07,-1.0922086473130754e-05,-9.079008088441753e-06,-6.103146680216248e-05,-2.9163979142765584e-07,6.566586316369971e-08,0.05887237287063511,0.260172347659474,1.7638661212397402,-0.05852201481633141,1.5708907792212021,0.058863413625792865,-4.90160486544775e-06,-0.00816909644323035,-0.15997045823698292,-0.1521894361236419,-1.129237752935856e-06,8.471589331108742e-07,0.0588725263402344,0.26016142557300087,1.7638570422316517,-0.05858304628313357,1.5708904875814107,0.05886347929165603,-0.006222345107775292,6.364462515556022,-10.393097617246955,1.9116503846645498,0.03631087552003487,0.0003059155914695552
12.296,C：打开后垂直脱离 · 执行,1.9714649737712087e-07,-1.0829155371983035e-05,-7.458547585548203e-06,-5.5698169211700066e-05,-2.8236677196424864e-07,6.487432253898806e-08,0.05887233059381249,0.26009659083240483,1.7623898243809735,-0.059926353685270176,1.5708907699693853,0.05886341553833386,-3.757330391771764e-06,-0.007092199859519232,-0.1376947984199864,-0.13097737014864796,-5.445996348743997e-07,8.478716723254933e-07,0.05887252774030987,0.26008576167703285,1.762382365833388,-0.059982051854481876,1.5708904876026133,0.0588634804126564,-0.005837376181322768,6.385387013710883,-10.420771893591326,1.9177197310101284,0.03641355313274631,0.00030957672880778863
12.318,C：打开后垂直脱离 · 执行,2.5308435171178534e-07,-1.0464383566943791e-05,-3.7652076079197627e-06,-4.4548263700081026e-05,-2.7880408204339346e-07,6.462781801386264e-08,0.05887227705574686,0.2599669576794527,1.7598861152414462,-0.062308246264019075,1.5708907664089369,0.05886341799351594,-1.3956148404758327e-06,-0.004830796480443713,-0.0930032560049288,-0.08851009020818155,2.769740013082913e-07,6.407320174218513e-07,0.05887253014009857,0.25995649329588577,1.7598823500338383,-0.062352794527719156,1.5708904876048548,0.05886348262133395,-0.004748900609130507,6.438557720183208,-10.493113997720036,1.932974708197087,0.036677040643044924,0.0003169322118566886
12.328,C：打开后垂直脱离 · 执行,2.631532397406877e-07,-1.023582269349399e-05,-2.036309594055652e-06,-3.9789399658832214e-05,-2.8203273871874046e-07,6.466342482303045e-08,0.05887226779129866,0.2599238677765224,1.7590565943752297,-0.06309793675344191,1.570890769625965,0.05886341880255078,-6.215382269365386e-07,-0.0038924714236868523,-0.07495256907105563,-0.07137751830529,4.645617988199189e-07,6.184898545497997e-07,0.0588725309445384,0.2599136319538289,1.7590545580656356,-0.06313772615310075,1.5708904875932264,0.058863483465975606,-0.004180239154673732,6.466097598185957,-10.531181395990158,1.9407667258079166,0.03681417696015006,0.00031980889341039285
12.338,C：打开后垂直脱离 · 执行,2.663183030424121e-07,-9.975091221914312e-06,-2.8174703414762803e-07,-3.5255123523744714e-05,-2.858215009116094e-07,6.517022514695991e-08,0.05887226526861947,0.2598897464597078,1.7583988735855565,-0.06372457872666254,1.5708907733994308,0.05886341902085769,-3.101866379520389e-08,-0.00303163770639018,-0.05850570362884291,-0.055768462888791476,4.119179922148197e-07,3.79702554380331e-07,0.05887253158692251,0.2598797713684859,1.7583985918385223,-0.06375983385018628,1.57089048757793,0.05886348419108284,-0.003584414165533151,6.495834683788593,-10.572537765710212,1.9490936620589325,0.03696263421026067,0.000322386257794019
12.348,C：打开后垂直脱离 · 执行,2.6470675209416816e-07,-9.68746241813978e-06,1.4913891899226428e-06,-3.097258399718805e-05,-2.886114143230145e-07,6.620272436502761e-08,0.058872267374613554,0.2598637445103317,1.7578961493975405,-0.0642041005480117,1.570890776172941,0.05886341858546915,3.69226862002739e-07,-0.0022613357537099982,-0.043800202508044415,-0.04180744387030239,1.85339901845086e-07,1.5218007772387228e-07,0.05887253208136565,0.25985405704791353,1.7578976407867304,-0.0642350731320089,1.5708904875615266,0.05886348478819352,-0.00297234928641733,6.528262711814854,-10.617828831680418,1.9580634617543855,0.03712476417713503,0.00032453864780393704
12.358,C：打开后垂直脱离 · 执行,2.604233058853267e-07,-9.377433670298974e-06,3.281298330382043e-06,-2.6963993682974086e-05,-2.895920498957594e-07,6.714698307097589e-08,0.05887227202035001,0.25984489200080557,1.7575302170732874,-0.06455371165013017,1.5708907771381704,0.05886341810725414,5.228648147152323e-07,-0.0015931008631501434,-0.03098037916104404,-0.029627987462846905,1.885592565872062e-08,3.099094762173523e-07,0.058872532443655895,0.2598355145671353,1.7575334983716178,-0.06458067564381315,1.5708904875461205,0.05886348525423721,-0.002359351198559032,6.56311338262359,-10.666551029323522,1.9675949981269614,0.03729889630139053,0.00032622744493887964
12.378,C：打开后垂直脱离 · 执行,2.5007756804251713e-07,-8.707528823537203e-06,6.89947067322727e-06,-1.9868607263329174e-05,-2.843798123652874e-07,6.944085956250845e-08,0.058872282766290425,0.2598242699666169,1.7571288225157007,-0.06493863521372499,1.5708907719037801,0.058863416371432005,4.824102312190207e-07,-0.0005971415388196807,-0.011562715573011442,-0.011142048069062632,-4.860676892780296e-07,2.90330551255881e-08,0.05887253284385847,0.25981556243779336,1.757135721986374,-0.06495850382098832,1.5708904875239678,0.05886348581229157,-0.001186033854035965,6.640471615661509,-10.774614087981933,1.9883708367846866,0.0376846489968444,0.0003282741951950331
12.388,C：打开后垂直脱离 · 执行,2.4587784216295594e-07,-8.355576681440269e-06,8.714858354297306e-06,-1.6840577126406298e-05,-2.780897669918403e-07,7.135881956166212e-08,0.05887228704471489,0.259820131867648,1.7570498130470684,-0.06501507219315857,1.5708907656082118,0.05886341457303737,3.870575271196912e-07,-0.00028217029562988124,-0.00525260655862304,-0.00511054746136765,-7.540536503063874e-07,-2.106025335139812e-07,0.05887253292255705,0.2598117762909666,1.7570585279054227,-0.06503191277028497,1.5708904875184448,0.05886348593185693,-0.0006671713569187655,6.683659463948578,-10.834720794725015,1.9997360438805747,0.0378989418076101,0.0003283944505959103
12.398,C：打开后垂直脱离 · 执行,2.4288385939985613e-07,-7.996277975319543e-06,1.052931401379631e-05,-1.4194579926615769e-05,-2.699312473541937e-07,7.327234801540738e-08,0.058872290067003424,0.25981844349135114,1.7570204557767983,-0.06504393234468363,1.5708907574474564,0.05886341270461392,2.455074333405606e-07,-9.480420508702596e-05,-0.0014084466399104118,-0.0014152965777303153,-8.79231944719163e-07,-6.577017097994287e-08,0.058872532950862824,0.2598104472133758,1.7570309850908121,-0.06505812692461024,1.570890487516209,0.058863485976961935,-0.0002167017637399197,6.7297216033630844,-10.898545861265527,2.0116972452220674,0.03812636196633884,0.00032776657885088054
12.408,C：打开后垂直脱离 · 执行,2.409918684748158e-07,-7.631727688250933e-06,1.233798980426748e-05,-1.1958847883519752e-05,-2.604283309004529e-07,7.50859818765548e-08,0.05887229196246425,0.25981791972860024,1.7570152946253232,-0.06504936139668764,1.570890747944239,0.05886341089673411,1.319673318770044e-07,-3.65533520571689e-05,-0.00017577461796360183,-0.00019999960393255449,-9.549002181103842e-07,4.650079718400153e-08,0.05887253295433272,0.259810288000912,1.7570276326151275,-0.06506132024457116,1.5708904875159082,0.058863485982715985,0.00011917626091863785,6.773745902698125,-10.959183520482846,2.022993880231713,0.03834264291267496,0.00032655089698258537
12.418,C：打开后垂直脱离 · 执行,2.1253628090106558e-07,-7.339039240827905e-06,1.4478055041955429e-05,-1.0169598488152243e-05,-1.9527708028377333e-07,2.2324610046697835e-07,0.05887232041805182,0.2598176270401528,1.7570131545600856,-0.06505115064608301,1.5708906827929885,0.05886326273661552,6.490939278688146e-06,-1.5820549605802893e-05,-0.00022161959218388997,-0.00011609592991480823,-1.302333189860541e-05,-2.536786608983796e-05,0.05887253295433272,0.259810288000912,1.7570276326151275,-0.06506132024457116,1.5708904875159082,0.058863485982715985,4.1358747663651333e-05,6.773687356559534,-10.95774672807024,2.0231079057503356,0.038356399096744924,0.0003340454245667407
